Timecode,BlendshapeCount,EyeBlinkLeft,EyeLookDownLeft,EyeLookInLeft,EyeLookOutLeft,EyeLookUpLeft,EyeSquintLeft,EyeWideLeft,EyeBlinkRight,EyeLookDownRight,EyeLookInRight,EyeLookOutRight,EyeLookUpRight,EyeSquintRight,EyeWideRight,JawForward,JawRight,JawLeft,JawOpen,MouthClose,MouthFunnel,MouthPucker,MouthRight,MouthLeft,MouthSmileLeft,MouthSmileRight,MouthFrownLeft,MouthFrownRight,MouthDimpleLeft,MouthDimpleRight,MouthStretchLeft,MouthStretchRight,MouthRollLower,MouthRollUpper,MouthShrugLower,MouthShrugUpper,MouthPressLeft,MouthPressRight,MouthLowerDownLeft,MouthLowerDownRight,MouthUpperUpLeft,MouthUpperUpRight,BrowDownLeft,BrowDownRight,BrowInnerUp,BrowOuterUpLeft,BrowOuterUpRight,CheekPuff,CheekSquintLeft,CheekSquintRight,NoseSneerLeft,NoseSneerRight,TongueOut,HeadYaw,HeadPitch,HeadRoll,LeftEyeYaw,LeftEyePitch,LeftEyeRoll,RightEyeYaw,RightEyePitch,RightEyeRoll
03:23:30:34.086,61,0.0018722073,0.0839674994,0.0358926356,0.0000000000,0.0000000000,0.0000000000,0.0000000000,0.0018778078,0.0844688043,0.0000000000,0.0000000000,0.0000000000,0.0000000000,0.0000000000,0.0000000000,0.0000000000,0.0000000000,0.0000000000,0.0000000000,0.0000000000,0.0000000000,0.0000000000,0.0000000000,0.0192574095,0.0284603741,0.0000000000,0.0000000000,0.0000000000,0.0000000000,0.0000000000,0.0000000000,0.0000000000,0.0000000000,0.0013815585,0.0058843214,0.0000000000,0.0000000000,0.0000000000,0.0000000000,0.0000000000,0.0000000000,0.0000000000,0.0000000000,0.0000000000,0.0003596803,0.0003646764,0.0000000000,0.0000000000,0.0000000000,0.0000000000,0.0000000000,0.0000000121,0.0373918973,0.0118792504,0.0348309986,0.0201850254,0.0396182537,0.0026881120,0.0199339427,0.0396441668,0.0052235951
03:23:30:35.086,61,0.0018574375,0.0838496983,0.0360793583,0.0000000000,0.0000000000,0.0000000000,0.0000000000,0.0018629070,0.0843533725,0.0000000000,0.0000000000,0.0000000000,0.0000000000,0.0000000000,0.0000000000,0.0000000000,0.0000000000,0.0000000000,0.0000000000,0.0000000000,0.0000000000,0.0000000000,0.0000000000,0.0192316957,0.0284678601,0.0000000000,0.0000000000,0.0000000000,0.0000000000,0.0000000000,0.0000000000,0.0000000000,0.0000000000,0.0013770765,0.0058575538,0.0000000000,0.0000000000,0.0000000000,0.0000000000,0.0000000000,0.0000000000,0.0000000000,0.0000000000,0.0000000000,0.0001650372,0.0001704429,0.0000000000,0.0000000000,0.0000000000,0.0000000000,0.0000000000,0.0000000133,0.0380233079,0.0138719976,0.0353166647,0.0202976540,0.0395639837,0.0027089720,0.0200395212,0.0395898670,0.0052395728
03:23:30:36.085,61,0.0017600264,0.0838086903,0.0366181247,0.0000000000,0.0000000000,0.0000000000,0.0000000000,0.0017651869,0.0843197554,0.0000000000,0.0000000000,0.0000000000,0.0000000000,0.0000000000,0.0000000000,0.0000000000,0.0000000000,0.0000000000,0.0000000000,0.0000000000,0.0000000000,0.0000000000,0.0000000000,0.0194867235,0.0288541839,0.0000000000,0.0000000000,0.0000000000,0.0000000000,0.0000000000,0.0000000000,0.0000000000,0.0000000000,0.0013019091,0.0058231461,0.0000000000,0.0000000000,0.0000000000,0.0000000000,0.0000000000,0.0000000000,0.0000000000,0.0000000000,0.0000000000,0.0000000000,0.0000000000,0.0000000000,0.0000000000,0.0000000000,0.0000000000,0.0000000000,0.0000000299,0.0380233079,0.0138719976,0.0353166647,0.0205987506,0.0395479202,0.0027641268,0.0203426704,0.0395738780,0.0052939425
03:23:30:37.085,61,0.0016468558,0.0834682286,0.0371196307,0.0000000000,0.0000000000,0.0000000000,0.0000000000,0.0016516731,0.0839856416,0.0000000000,0.0000000000,0.0000000000,0.0000000000,0.0000000000,0.0000000000,0.0000000000,0.0000000000,0.0000000000,0.0000000000,0.0000000000,0.0000000000,0.0000000000,0.0000000000,0.0198762771,0.0293913074,0.0000000000,0.0000000000,0.0000000000,0.0000000000,0.0000000000,0.0000000000,0.0000000000,0.0000000000,0.0011970485,0.0057921847,0.0000000000,0.0000000000,0.0000000000,0.0000000000,0.0000000000,0.0000000000,0.0000000000,0.0000000000,0.0000000000,0.0000000000,0.0000000000,0.0000000000,0.0000000000,0.0000000000,0.0000000000,0.0000000000,0.0000000603,0.0385232344,0.0146000832,0.0362656079,0.0208745487,0.0393908769,0.0028152044,0.0206264034,0.0394167751,0.0053360858
03:23:30:38.085,61,0.0015301139,0.0834672228,0.0375917256,0.0000000000,0.0000000000,0.0000000000,0.0000000000,0.0015345837,0.0839911848,0.0000000000,0.0000000000,0.0000000000,0.0000000000,0.0000000000,0.0000000000,0.0000000000,0.0000000000,0.0000000000,0.0000000000,0.0000000000,0.0000000000,0.0000000000,0.0000000000,0.0202126168,0.0298922993,0.0000000000,0.0000000000,0.0000000000,0.0000000000,0.0000000000,0.0000000000,0.0000000000,0.0000000000,0.0010959450,0.0057771164,0.0000000000,0.0000000000,0.0000000000,0.0000000000,0.0000000000,0.0000000000,0.0000000000,0.0000000000,0.0000000000,0.0000000000,0.0000000000,0.0000000000,0.0000000000,0.0000000000,0.0000000000,0.0000000000,0.0000000714,0.0391681939,0.0150958002,0.0370822623,0.0211340301,0.0393933058,0.0028626218,0.0208918713,0.0394192040,0.0053846543
03:23:30:39.085,61,0.0014159363,0.0837448016,0.0381302945,0.0000000000,0.0000000000,0.0000000000,0.0000000000,0.0014200697,0.0842767581,0.0000000000,0.0000000000,0.0000000000,0.0000000000,0.0000000000,0.0000000000,0.0000000000,0.0000000000,0.0000000000,0.0000000000,0.0000000000,0.0000000000,0.0000000000,0.0000000000,0.0205725785,0.0303954240,0.0000000000,0.0000000000,0.0000000000,0.0000000000,0.0000000000,0.0000000000,0.0000000000,0.0000000000,0.0010219766,0.0057769017,0.0000000000,0.0000000000,0.0000000000,0.0000000000,0.0000000000,0.0000000000,0.0000000000,0.0000000000,0.0000000000,0.0000000000,0.0000000000,0.0000000000,0.0000000000,0.0000000000,0.0000000000,0.0000000000,0.0000000793,0.0396246389,0.0156994760,0.0372655168,0.0214352030,0.0395272076,0.0029172136,0.0211932845,0.0395531058,0.0054479311
03:23:30:40.085,61,0.0013125909,0.0843277276,0.0383751988,0.0000000000,0.0000000000,0.0000000000,0.0000000000,0.0013164064,0.0848642588,0.0000000000,0.0000000000,0.0000000000,0.0000000000,0.0000000000,0.0000000000,0.0000000000,0.0000000000,0.0000000000,0.0000000000,0.0000000000,0.0000000000,0.0000000000,0.0000000000,0.0208466388,0.0308263339,0.0000000000,0.0000000000,0.0000000000,0.0000000000,0.0000000000,0.0000000000,0.0000000000,0.0000000000,0.0009482587,0.0057716081,0.0000000000,0.0000000000,0.0000000000,0.0000000000,0.0000000000,0.0000000000,0.0000000000,0.0000000000,0.0000000000,0.0000000000,0.0000000000,0.0000000000,0.0000000000,0.0000000000,0.0000000000,0.0000000000,0.0000000767,0.0400581956,0.0156569332,0.0371488668,0.0215700902,0.0398029536,0.0029409875,0.0213279612,0.0398288518,0.0054896534
03:23:30:41.085,61,0.0012368539,0.0844019949,0.0388060324,0.0000000000,0.0000000000,0.0000000000,0.0000000000,0.0012403864,0.0849446803,0.0000000000,0.0000000000,0.0000000000,0.0000000000,0.0000000000,0.0000000000,0.0000000000,0.0000000000,0.0000000000,0.0000000000,0.0000000000,0.0000000000,0.0000000000,0.0000000000,0.0209968574,0.0311455950,0.0000000000,0.0000000000,0.0000000000,0.0000000000,0.0000000000,0.0000000000,0.0000000000,0.0000000000,0.0008512064,0.0057437900,0.0000000000,0.0000000000,0.0000000000,0.0000000000,0.0000000000,0.0000000000,0.0000000000,0.0000000000,0.0000000000,0.0000000000,0.0000000000,0.0000000000,0.0000000000,0.0000000000,0.0000000000,0.0000000000,0.0000000601,0.0402485393,0.0151071697,0.0366917290,0.0218074266,0.0398405939,0.0029843540,0.0215698220,0.0398664922,0.0055362149
03:23:30:42.084,61,0.0012259107,0.0841711238,0.0391477756,0.0000000000,0.0000000000,0.0000000000,0.0000000000,0.0012293173,0.0847181231,0.0000000000,0.0000000000,0.0000000000,0.0000000000,0.0000000000,0.0000000000,0.0000000000,0.0000000000,0.0000000000,0.0000000000,0.0000000000,0.0000000000,0.0000000000,0.0000000000,0.0210765880,0.0313667059,0.0000000000,0.0000000000,0.0000000000,0.0000000000,0.0000000000,0.0000000000,0.0000000000,0.0000000000,0.0007775747,0.0057215374,0.0000000000,0.0000000000,0.0000000000,0.0000000000,0.0000000000,0.0000000000,0.0000000000,0.0000000000,0.0000000000,0.0000000000,0.0000000000,0.0000000000,0.0000000000,0.0000000000,0.0000000000,0.0000000000,0.0000000506,0.0402775258,0.0145805776,0.0362067856,0.0220018476,0.0397341549,0.0030202791,0.0217631795,0.0397600234,0.0055648987
03:23:30:43.084,61,0.0012490193,0.0841900781,0.0394325294,0.0000000000,0.0000000000,0.0000000000,0.0000000000,0.0012524126,0.0847410336,0.0000000000,0.0000000000,0.0000000000,0.0000000000,0.0000000000,0.0000000000,0.0000000000,0.0000000000,0.0000000000,0.0000000000,0.0000000000,0.0000000000,0.0000000000,0.0000000000,0.0210594144,0.0314681008,0.0000000000,0.0000000000,0.0000000000,0.0000000000,0.0000000000,0.0000000000,0.0000000000,0.0000000000,0.0007458051,0.0057199351,0.0000000000,0.0000000000,0.0000000000,0.0000000000,0.0000000000,0.0000000000,0.0000000000,0.0000000000,0.0000000000,0.0000000000,0.0000000000,0.0000000000,0.0000000000,0.0000000000,0.0000000000,0.0000000000,0.0000000416,0.0401130766,0.0138928294,0.0357435048,0.0221631750,0.0397448242,0.0030497944,0.0219231807,0.0397706926,0.0055948091
03:23:30:44.085,61,0.0012908494,0.0845410824,0.0395757034,0.0000000000,0.0000000000,0.0000000000,0.0000000000,0.0012943010,0.0850946978,0.0000000000,0.0000000000,0.0000000000,0.0000000000,0.0000000000,0.0000000000,0.0000000000,0.0000000000,0.0000000000,0.0000000000,0.0000000000,0.0000000000,0.0000000000,0.0000000000,0.0211152919,0.0316240788,0.0000000000,0.0000000000,0.0000000000,0.0000000000,0.0000000000,0.0000000000,0.0000000000,0.0000000000,0.0007270740,0.0057267700,0.0000000000,0.0000000000,0.0000000000,0.0000000000,0.0000000000,0.0000000000,0.0000000000,0.0000000000,0.0000000000,0.0000000000,0.0000000000,0.0000000000,0.0000000000,0.0000000000,0.0000000000,0.0000000000,0.0000000416,0.0398844071,0.0133859366,0.0355782546,0.0222339239,0.0399108231,0.0030623239,0.0220018514,0.0399367362,0.0056196204
03:23:30:45.084,61,0.0013315359,0.0846963301,0.0396059379,0.0000000000,0.0000000000,0.0000000000,0.0000000000,0.0013350371,0.0852507949,0.0000000000,0.0000000000,0.0000000000,0.0000000000,0.0000000000,0.0000000000,0.0000000000,0.0000000000,0.0000000000,0.0000000000,0.0000000000,0.0000000000,0.0000000000,0.0000000000,0.0211837292,0.0317835025,0.0000000000,0.0000000000,0.0000000000,0.0000000000,0.0000000000,0.0000000000,0.0000000000,0.0000000000,0.0007300711,0.0057465537,0.0000000000,0.0000000000,0.0000000000,0.0000000000,0.0000000000,0.0000000000,0.0000000000,0.0000000000,0.0000000000,0.0000000000,0.0000000000,0.0000000000,0.0000000000,0.0000000000,0.0000000000,0.0000000000,0.0000000475,0.0396918878,0.0133086145,0.0355599523,0.0222470462,0.0399840921,0.0030645416,0.0220180377,0.0400099605,0.0056271865
03:23:30:46.084,61,0.0013119882,0.0848522708,0.0393894538,0.0000000000,0.0000000000,0.0000000000,0.0000000000,0.0013153568,0.0853998810,0.0000000000,0.0000000000,0.0000000000,0.0000000000,0.0000000000,0.0000000000,0.0000000000,0.0000000000,0.0000000000,0.0000000000,0.0000000000,0.0000000000,0.0000000000,0.0000000000,0.0213322137,0.0320312344,0.0000000000,0.0000000000,0.0000000000,0.0000000000,0.0000000000,0.0000000000,0.0000000000,0.0000000000,0.0006771099,0.0057333750,0.0000000000,0.0000000000,0.0000000000,0.0000000000,0.0000000000,0.0000000000,0.0000000000,0.0000000000,0.0000000000,0.0000000000,0.0000000000,0.0000000000,0.0000000000,0.0000000000,0.0000000000,0.0000000000,0.0000000508,0.0394726433,0.0134221613,0.0357004926,0.0220791195,0.0400541872,0.0030335546,0.0218954980,0.0400819778,0.0056092828
03:23:30:47.084,61,0.0012449187,0.0849521607,0.0391084813,0.0000000000,0.0000000000,0.0000000000,0.0000000000,0.0012480902,0.0854960829,0.0000000000,0.0000000000,0.0000000000,0.0000000000,0.0000000000,0.0000000000,0.0000000000,0.0000000000,0.0000000000,0.0000000000,0.0000000000,0.0000000000,0.0000000000,0.0000000000,0.0214883648,0.0322948880,0.0000000000,0.0000000000,0.0000000000,0.0000000000,0.0000000000,0.0000000000,0.0000000000,0.0000000000,0.0006052884,0.0057137907,0.0000000000,0.0000000000,0.0000000000,0.0000000000,0.0000000000,0.0000000000,0.0000000000,0.0000000000,0.0000000000,0.0000000000,0.0000000000,0.0000000000,0.0000000000,0.0000000000,0.0000000000,0.0000000000,0.0000000726,0.0393259190,0.0134018064,0.0359854475,0.0219200663,0.0400994569,0.0030042436,0.0217370130,0.0401272178,0.0055831005
03:23:30:48.084,61,0.0011665352,0.0849192142,0.0389482044,0.0000000000,0.0000000000,0.0000000000,0.0000000000,0.0011694923,0.0854608342,0.0000000000,0.0000000000,0.0000000000,0.0000000000,0.0000000000,0.0000000000,0.0000000000,0.0000000000,0.0000000000,0.0000000000,0.0000000000,0.0000000000,0.0000000000,0.0000000000,0.0216318909,0.0325062685,0.0000000000,0.0000000000,0.0000000000,0.0000000000,0.0000000000,0.0000000000,0.0000000000,0.0000000000,0.0005484016,0.0057015354,0.0000000000,0.0000000000,0.0000000000,0.0000000000,0.0000000000,0.0000000000,0.0000000000,0.0000000000,0.0000000000,0.0000000000,0.0000000000,0.0000000000,0.0000000000,0.0000000000,0.0000000000,0.0000000000,0.0000000865,0.0391375162,0.0133767277,0.0360481404,0.0218292475,0.0400829315,0.0029876272,0.0216470733,0.0401107222,0.0055656009
03:23:30:49.084,61,0.0010845208,0.0848493651,0.0386213809,0.0000000000,0.0000000000,0.0000000000,0.0000000000,0.0010872629,0.0853863135,0.0000000000,0.0000000000,0.0000000000,0.0000000000,0.0000000000,0.0000000000,0.0000000000,0.0000000000,0.0000000000,0.0000000000,0.0000000000,0.0000000000,0.0000000000,0.0000000000,0.0217502676,0.0326890945,0.0000000000,0.0000000000,0.0000000000,0.0000000000,0.0000000000,0.0000000000,0.0000000000,0.0000000000,0.0005008195,0.0056940760,0.0000000000,0.0000000000,0.0000000000,0.0000000000,0.0000000000,0.0000000000,0.0000000000,0.0000000000,0.0000000000,0.0000000000,0.0000000000,0.0000000000,0.0000000000,0.0000000000,0.0000000000,0.0000000000,0.0000000927,0.0392445140,0.0134942085,0.0361049213,0.0216443334,0.0400480032,0.0029538088,0.0214636773,0.0400758237,0.0055298493
03:23:30:50.084,61,0.0010039533,0.0848719627,0.0385489017,0.0000000000,0.0000000000,0.0000000000,0.0000000000,0.0010064881,0.0854078755,0.0000000000,0.0000000000,0.0000000000,0.0000000000,0.0000000000,0.0000000000,0.0000000000,0.0000000000,0.0000000000,0.0000000000,0.0000000000,0.0000000000,0.0000000000,0.0000000000,0.0217959844,0.0328027643,0.0000000000,0.0000000000,0.0000000000,0.0000000000,0.0000000000,0.0000000000,0.0000000000,0.0000000000,0.0004249587,0.0056721456,0.0000000000,0.0000000000,0.0000000000,0.0000000000,0.0000000000,0.0000000000,0.0000000000,0.0000000000,0.0000000000,0.0000000000,0.0000000000,0.0000000000,0.0000000000,0.0000000000,0.0000000000,0.0000000000,0.0000001008,0.0392050482,0.0134931505,0.0361731984,0.0215967912,0.0400581956,0.0029450541,0.0214228109,0.0400860161,0.0055230032
03:23:30:51.083,61,0.0009270824,0.0851577222,0.0384879820,0.0000000000,0.0000000000,0.0000000000,0.0000000000,0.0009294215,0.0856934041,0.0000000000,0.0000000000,0.0000000000,0.0000000000,0.0000000000,0.0000000000,0.0000000000,0.0000000000,0.0000000000,0.0000000000,0.0000000000,0.0000000000,0.0000000000,0.0000000000,0.0218175445,0.0328729078,0.0000000000,0.0000000000,0.0000000000,0.0000000000,0.0000000000,0.0000000000,0.0000000000,0.0000000000,0.0003230404,0.0056255944,0.0000000000,0.0000000000,0.0000000000,0.0000000000,0.0000000000,0.0000000000,0.0000000000,0.0000000000,0.0000000000,0.0000000000,0.0000000000,0.0000000000,0.0000000000,0.0000000000,0.0000000000,0.0000000000,0.0000000883,0.0393230319,0.0136213899,0.0361605138,0.0215559993,0.0401922613,0.0029371313,0.0213870816,0.0402200818,0.0055248053
03:23:30:52.084,61,0.0008548796,0.0853301436,0.0384500511,0.0000000000,0.0000000000,0.0000000000,0.0000000000,0.0008570358,0.0858656392,0.0000000000,0.0000000000,0.0000000000,0.0000000000,0.0000000000,0.0000000000,0.0000000000,0.0000000000,0.0000000000,0.0000000000,0.0000000000,0.0000000000,0.0000000000,0.0000000000,0.0217438750,0.0328521132,0.0000000000,0.0000000000,0.0000000000,0.0000000000,0.0000000000,0.0000000000,0.0000000000,0.0000000000,0.0002181798,0.0055649099,0.0000000000,0.0000000000,0.0000000000,0.0000000000,0.0000000000,0.0000000000,0.0000000000,0.0000000000,0.0000000000,0.0000000000,0.0000000000,0.0000000000,0.0000000000,0.0000000000,0.0000000000,0.0000000000,0.0000000769,0.0396036208,0.0139192492,0.0360002741,0.0215305369,0.0402731299,0.0029321895,0.0213648640,0.0403009355,0.0055257636
03:23:30:53.084,61,0.0007876504,0.0854715109,0.0383203551,0.0000000000,0.0000000000,0.0000000000,0.0000000000,0.0007896369,0.0860054567,0.0000000000,0.0000000000,0.0000000000,0.0000000000,0.0000000000,0.0000000000,0.0000000000,0.0000000000,0.0000000000,0.0000000000,0.0000000000,0.0000000000,0.0000000000,0.0000000000,0.0216079205,0.0327593721,0.0000000000,0.0000000000,0.0000000000,0.0000000000,0.0000000000,0.0000000000,0.0000000000,0.0000000000,0.0001393414,0.0055147554,0.0000000000,0.0000000000,0.0000000000,0.0000000000,0.0000000000,0.0000000000,0.0000000000,0.0000000000,0.0000000000,0.0000000000,0.0000000000,0.0000000000,0.0000000000,0.0000000000,0.0000000000,0.0000000000,0.0000000703,0.0395161547,0.0141163766,0.0359897129,0.0214527603,0.0403388292,0.0029176809,0.0212912075,0.0403666496,0.0055163489
03:23:30:54.084,61,0.0007253612,0.0857945681,0.0383171439,0.0000000000,0.0000000000,0.0000000000,0.0000000000,0.0007271906,0.0863291025,0.0000000000,0.0000000000,0.0000000000,0.0000000000,0.0000000000,0.0000000000,0.0000000000,0.0000000000,0.0000000000,0.0000000000,0.0000000000,0.0000000000,0.0000000000,0.0000000000,0.0214649886,0.0326550677,0.0000000000,0.0000000000,0.0000000000,0.0000000000,0.0000000000,0.0000000000,0.0000000000,0.0000000000,0.0000796259,0.0054747625,0.0000000000,0.0000000000,0.0000000000,0.0000000000,0.0000000000,0.0000000000,0.0000000000,0.0000000000,0.0000000000,0.0000000000,0.0000000000,0.0000000000,0.0000000000,0.0000000000,0.0000000000,0.0000000000,0.0000000630,0.0397545472,0.0143439025,0.0358500034,0.0214507449,0.0404908061,0.0029167961,0.0212877281,0.0405186117,0.0055251517
03:23:30:55.083,61,0.0006678123,0.0858697295,0.0382282250,0.0000000000,0.0000000000,0.0000000000,0.0000000000,0.0006694968,0.0864031985,0.0000000000,0.0000000000,0.0000000000,0.0000000000,0.0000000000,0.0000000000,0.0000000000,0.0000000000,0.0000000000,0.0000000000,0.0000000000,0.0000000000,0.0000000000,0.0000000000,0.0213751253,0.0325909629,0.0000000000,0.0000000000,0.0000000000,0.0000000000,0.0000000000,0.0000000000,0.0000000000,0.0000000000,0.0000148486,0.0054235845,0.0000000000,0.0000000000,0.0000000000,0.0000000000,0.0000000000,0.0000000000,0.0000000000,0.0000000000,0.0000000000,0.0000000000,0.0000000000,0.0000000000,0.0000000000,0.0000000000,0.0000000000,0.0000000000,0.0000000699,0.0399401039,0.0148801804,0.0358062610,0.0213961527,0.0405256599,0.0029066363,0.0212373510,0.0405533910,0.0055180662
03:23:30:56.082,61,0.0006147299,0.0860119909,0.0384052210,0.0000000000,0.0000000000,0.0000000000,0.0000000000,0.0006162808,0.0865481347,0.0000000000,0.0000000000,0.0000000000,0.0000000000,0.0000000000,0.0000000000,0.0000000000,0.0000000000,0.0000000000,0.0000000000,0.0000000000,0.0000000000,0.0000000000,0.0000000000,0.0212627556,0.0324994624,0.0000000000,0.0000000000,0.0000000000,0.0000000000,0.0000000000,0.0000000000,0.0000000000,0.0000000000,0.0000000000,0.0053889467,0.0000000000,0.0000000000,0.0000000000,0.0000000000,0.0000000000,0.0000000000,0.0000000000,0.0000000000,0.0000000000,0.0000000000,0.0000000000,0.0000000000,0.0000000000,0.0000000000,0.0000000000,0.0000000000,0.0000000848,0.0401569344,0.0157469809,0.0358030088,0.0214903411,0.0405936241,0.0029237347,0.0213361196,0.0406214744,0.0055404273
03:23:30:57.082,61,0.0005658138,0.0863539577,0.0385335796,0.0000000000,0.0000000000,0.0000000000,0.0000000000,0.0005672416,0.0868926421,0.0000000000,0.0000000000,0.0000000000,0.0000000000,0.0000000000,0.0000000000,0.0000000000,0.0000000000,0.0000000000,0.0000000000,0.0000000000,0.0000000000,0.0000000000,0.0000000000,0.0212799441,0.0324839503,0.0000000000,0.0000000000,0.0000000000,0.0000000000,0.0000000000,0.0000000000,0.0000000000,0.0000000000,0.0000000000,0.0053595877,0.0000000000,0.0000000000,0.0000000000,0.0000000000,0.0000000000,0.0000000000,0.0000000000,0.0000000000,0.0000000000,0.0000000000,0.0000000000,0.0000000000,0.0000000000,0.0000000000,0.0000000000,0.0000000000,0.0000000881,0.0403723866,0.0165379494,0.0359775759,0.0215571336,0.0407553464,0.0029354959,0.0214064904,0.0407831371,0.0055634170
03:23:30:58.082,61,0.0005207615,0.0866103023,0.0384863876,0.0000000000,0.0000000000,0.0000000000,0.0000000000,0.0005220760,0.0871488228,0.0000000000,0.0000000000,0.0000000000,0.0000000000,0.0000000000,0.0000000000,0.0000000000,0.0000000000,0.0000000000,0.0000000000,0.0000000000,0.0000000000,0.0000000000,0.0000000000,0.0212985128,0.0324683972,0.0000000000,0.0000000000,0.0000000000,0.0000000000,0.0000000000,0.0000000000,0.0000000000,0.0000000000,0.0000000000,0.0053403564,0.0000000000,0.0000000000,0.0000000000,0.0000000000,0.0000000000,0.0000000000,0.0000000000,0.0000000000,0.0000000000,0.0000000000,0.0000000000,0.0000000000,0.0000000000,0.0000000000,0.0000000000,0.0000000000,0.0000000979,0.0405527689,0.0175070167,0.0363049917,0.0215311367,0.0408756286,0.0029303106,0.0213786364,0.0409034640,0.0055657853
03:23:30:59.082,61,0.0004792812,0.0868467167,0.0386692397,0.0000000000,0.0000000000,0.0000000000,0.0000000000,0.0004804914,0.0873882174,0.0000000000,0.0000000000,0.0000000000,0.0000000000,0.0000000000,0.0000000000,0.0000000000,0.0000000000,0.0000000000,0.0000000000,0.0000000000,0.0000000000,0.0000000000,0.0000000000,0.0212887488,0.0323788747,0.0000000000,0.0000000000,0.0000000000,0.0000000000,0.0000000000,0.0000000000,0.0000000000,0.0000000000,0.0000000000,0.0053155050,0.0000000000,0.0000000000,0.0000000000,0.0000000000,0.0000000000,0.0000000000,0.0000000000,0.0000000000,0.0000000000,0.0000000000,0.0000000000,0.0000000000,0.0000000000,0.0000000000,0.0000000000,0.0000000000,0.0000000989,0.0406802371,0.0181410760,0.0365420692,0.0216348097,0.0409879535,0.0029490597,0.0214801878,0.0410158187,0.0055914666
03:23:31:00.082,61,0.0004410968,0.0816229805,0.0381877609,0.0000000000,0.0000000000,0.0000000000,0.0000000000,0.0004422110,0.0821475238,0.0000000000,0.0000000000,0.0000000000,0.0000000000,0.0000000000,0.0000000000,0.0000000000,0.0000000000,0.0000000000,0.0000000000,0.0000000000,0.0000000000,0.0000000000,0.0000000000,0.0210809652,0.0321494825,0.0000000000,0.0000000000,0.0000000000,0.0000000000,0.0000000000,0.0000000000,0.0000000000,0.0000000000,0.0000000000,0.0052469508,0.0000000000,0.0000000000,0.0000000000,0.0000000000,0.0000000000,0.0000000000,0.0000000000,0.0000000000,0.0000000000,0.0000000000,0.0000000000,0.0000000000,0.0000000000,0.0000000000,0.0000000000,0.0000000000,0.0000000864,0.0405451134,0.0186352432,0.0370505862,0.0213804115,0.0385274738,0.0029106452,0.0212364979,0.0385552049,0.0053938995
03:23:31:01.082,61,0.0004059501,0.0681185648,0.0383038484,0.0000000000,0.0000000000,0.0000000000,0.0000000000,0.0004069759,0.0686180294,0.0000000000,0.0000000000,0.0000000000,0.0000000000,0.0000000000,0.0000000000,0.0000000000,0.0000000000,0.0000000000,0.0000000000,0.0000000000,0.0000000000,0.0000000000,0.0000000000,0.0205787886,0.0316540487,0.0000000000,0.0000000000,0.0000000000,0.0000000000,0.0000000000,0.0000000000,0.0000000000,0.0000000000,0.0000000000,0.0051677818,0.0000000000,0.0000000000,0.0000000000,0.0000000000,0.0000000000,0.0000000000,0.0000000000,0.0000000000,0.0000000000,0.0000000000,0.0000000000,0.0000000000,0.0000000000,0.0000000000,0.0000000000,0.0000000000,0.0000000917,0.0404796191,0.0180265158,0.0370686352,0.0214639865,0.0321750194,0.0029472157,0.0213699155,0.0322024077,0.0050235675
03:23:31:02.081,61,0.0003736014,0.0586122684,0.0378467627,0.0000000000,0.0000000000,0.0000000000,0.0000000000,0.0003745459,0.0590869896,0.0000000000,0.0000000000,0.0000000000,0.0000000000,0.0000000000,0.0000000000,0.0000000000,0.0000000000,0.0000000000,0.0000000000,0.0000000000,0.0000000000,0.0000000000,0.0000000000,0.0199765805,0.0311222747,0.0000000000,0.0000000000,0.0000000000,0.0000000000,0.0000000000,0.0000000000,0.0000000000,0.0000000000,0.0000000000,0.0050715934,0.0000000000,0.0000000000,0.0000000000,0.0000000000,0.0000000000,0.0000000000,0.0000000000,0.0000000000,0.0000000000,0.0000000000,0.0000000000,0.0000000000,0.0000000000,0.0000000000,0.0000000000,0.0000000000,0.0000000877,0.0403287932,0.0160956681,0.0371455923,0.0212141927,0.0277000964,0.0029195969,0.0211588703,0.0277272612,0.0047102100
03:23:31:03.082,61,0.0003438293,0.0501430817,0.0374654792,0.0000000000,0.0000000000,0.0000000000,0.0000000000,0.0003446988,0.0505962968,0.0000000000,0.0000000000,0.0000000000,0.0000000000,0.0000000000,0.0000000000,0.0000000000,0.0000000000,0.0000000000,0.0000000000,0.0000000000,0.0000000000,0.0000000000,0.0000000000,0.0183982756,0.0301974863,0.0000000000,0.0000000000,0.0000000000,0.0000000000,0.0000000000,0.0000000000,0.0000000000,0.0000000000,0.0000000000,0.0049592094,0.0000000000,0.0000000000,0.0000000000,0.0000000000,0.0000000000,0.0000000000,0.0000000000,0.0000000000,0.0000000000,0.0000000000,0.0000000000,0.0000000000,0.0000000000,0.0000000000,0.0000000000,0.0000000000,0.0000000852,0.0399917141,0.0143072456,0.0371889733,0.0210047700,0.0237136632,0.0028990933,0.0209841244,0.0237405598,0.0044352501
03:23:31:04.081,61,0.0003164289,0.0441533476,0.0370276757,0.0000000000,0.0000000000,0.0000000000,0.0000000000,0.0003172295,0.0445893109,0.0000000000,0.0000000000,0.0000000000,0.0000000000,0.0000000000,0.0000000000,0.0000000000,0.0000000000,0.0000000000,0.0000000000,0.0000000000,0.0000000000,0.0000000000,0.0000000000,0.0164399873,0.0287488792,0.0000000000,0.0000000000,0.0000000000,0.0000000000,0.0000000000,0.0000000000,0.0000000000,0.0000000000,0.0000000000,0.0048439428,0.0000000000,0.0000000000,0.0000000000,0.0000000000,0.0000000000,0.0000000000,0.0000000000,0.0000000000,0.0000000000,0.0000000000,0.0000000000,0.0000000000,0.0000000000,0.0000000000,0.0000000000,0.0000000000,0.0000000974,0.0398205109,0.0125328749,0.0370563418,0.0207605343,0.0208933949,0.0028698822,0.0207649469,0.0209201276,0.0042261747
03:23:31:05.081,61,0.0002912117,0.0407553613,0.0366621092,0.0000000000,0.0000000000,0.0000000000,0.0000000000,0.0002919488,0.0411800705,0.0000000000,0.0000000000,0.0000000000,0.0000000000,0.0000000000,0.0000000000,0.0000000000,0.0000000000,0.0000000000,0.0000000000,0.0000000000,0.0000000000,0.0000000000,0.0000000000,0.0147005562,0.0274746735,0.0000000000,0.0000000000,0.0000000000,0.0000000000,0.0000000000,0.0000000000,0.0000000000,0.0000000000,0.0000000000,0.0047415174,0.0000000000,0.0000000000,0.0000000000,0.0000000000,0.0000000000,0.0000000000,0.0000000000,0.0000000000,0.0000000000,0.0000000000,0.0000000000,0.0000000000,0.0000000000,0.0000000000,0.0000000000,0.0000000000,0.0000000998,0.0397663265,0.0119712502,0.0371202379,0.0205389075,0.0192928016,0.0028404740,0.0205741599,0.0193194747,0.0040974156
03:23:31:06.081,61,0.0002680038,0.0384332500,0.0366123356,0.0000000000,0.0000000000,0.0000000000,0.0000000000,0.0002686826,0.0388528928,0.0000000000,0.0000000000,0.0000000000,0.0000000000,0.0000000000,0.0000000000,0.0000000000,0.0000000000,0.0000000000,0.0000000000,0.0000000000,0.0000000000,0.0000000000,0.0000000000,0.0130576277,0.0261167213,0.0000000000,0.0000000000,0.0000000000,0.0000000000,0.0000000000,0.0000000000,0.0000000000,0.0000000000,0.0000000000,0.0046560890,0.0000000000,0.0000000000,0.0000000000,0.0000000000,0.0000000000,0.0000000000,0.0000000000,0.0000000000,0.0000000000,0.0000000000,0.0000000000,0.0000000000,0.0000000000,0.0000000000,0.0000000000,0.0000000000,0.0000001065,0.0397484452,0.0123622417,0.0368595757,0.0205179304,0.0182001889,0.0028417895,0.0205565393,0.0182267874,0.0040279930
03:23:31:07.081,61,0.0002466454,0.0376687609,0.0367788039,0.0000000000,0.0000000000,0.0000000000,0.0000000000,0.0002472704,0.0380890034,0.0000000000,0.0000000000,0.0000000000,0.0000000000,0.0000000000,0.0000000000,0.0000000000,0.0000000000,0.0000000000,0.0000000000,0.0000000000,0.0000000000,0.0000000000,0.0000000000,0.0121450201,0.0253031347,0.0000000000,0.0000000000,0.0000000000,0.0000000000,0.0000000000,0.0000000000,0.0000000000,0.0000000000,0.0000000000,0.0045767017,0.0000000000,0.0000000000,0.0000000000,0.0000000000,0.0000000000,0.0000000000,0.0000000000,0.0000000000,0.0000000000,0.0000000000,0.0000000000,0.0000000000,0.0000000000,0.0000000000,0.0000000000,0.0000000000,0.0000001071,0.0399843976,0.0130534321,0.0368088335,0.0206174050,0.0178414434,0.0028593121,0.0206539147,0.0178680122,0.0040217456
03:23:31:08.080,61,0.0002269889,0.0369552076,0.0371936895,0.0000000000,0.0000000000,0.0000000000,0.0000000000,0.0002275645,0.0373791307,0.0000000000,0.0000000000,0.0000000000,0.0000000000,0.0000000000,0.0000000000,0.0000000000,0.0000000000,0.0000000000,0.0000000000,0.0000000000,0.0000000000,0.0000000000,0.0000000000,0.0115152830,0.0247079339,0.0000000000,0.0000000000,0.0000000000,0.0000000000,0.0000000000,0.0000000000,0.0000000000,0.0000000000,0.0000000000,0.0045289160,0.0000000000,0.0000000000,0.0000000000,0.0000000000,0.0000000000,0.0000000000,0.0000000000,0.0000000000,0.0000000000,0.0000000000,0.0000000000,0.0000000000,0.0000000000,0.0000000000,0.0000000000,0.0000000000,0.0000000963,0.0402005911,0.0139833987,0.0370871201,0.0208555609,0.0175080001,0.0028988798,0.0208912753,0.0175345689,0.0040393588
03:23:31:09.081,61,0.0002088989,0.0372409709,0.0370687693,0.0000000000,0.0000000000,0.0000000000,0.0000000000,0.0002094290,0.0376639664,0.0000000000,0.0000000000,0.0000000000,0.0000000000,0.0000000000,0.0000000000,0.0000000000,0.0000000000,0.0000000000,0.0000000000,0.0000000000,0.0000000000,0.0000000000,0.0000000000,0.0109577188,0.0241671596,0.0000000000,0.0000000000,0.0000000000,0.0000000000,0.0000000000,0.0000000000,0.0000000000,0.0000000000,0.0000000000,0.0044826446,0.0000000000,0.0000000000,0.0000000000,0.0000000000,0.0000000000,0.0000000000,0.0000000000,0.0000000000,0.0000000000,0.0000000000,0.0000000000,0.0000000000,0.0000000000,0.0000000000,0.0000000000,0.0000000000,0.0000000808,0.0403650142,0.0146427900,0.0374220461,0.0207862221,0.0176417679,0.0028872283,0.0208194889,0.0176683366,0.0040360629
03:23:31:10.081,61,0.0001922505,0.0360647403,0.0371469259,0.0000000000,0.0000000000,0.0000000000,0.0000000000,0.0001927387,0.0364863984,0.0000000000,0.0000000000,0.0000000000,0.0000000000,0.0000000000,0.0000000000,0.0000000000,0.0000000000,0.0000000000,0.0000000000,0.0000000000,0.0000000000,0.0000000000,0.0000939470,0.0105389943,0.0237535015,0.0000000000,0.0000000000,0.0000000000,0.0000000000,0.0000000000,0.0000000000,0.0000000000,0.0000000000,0.0000000000,0.0044257510,0.0000000000,0.0000000000,0.0000000000,0.0000000000,0.0000000000,0.0000000000,0.0000000000,0.0000000000,0.0000000000,0.0000000000,0.0000000000,0.0000000000,0.0000000000,0.0000000000,0.0000000000,0.0000000000,0.0000000635,0.0404195711,0.0153499246,0.0379352793,0.0208301637,0.0170888454,0.0028964842,0.0208688639,0.0171153545,0.0040101153
03:23:31:11.081,61,0.0001769288,0.0357234664,0.0369615667,0.0000000000,0.0000000000,0.0000000000,0.0000000000,0.0001773784,0.0361422002,0.0000000000,0.0000000000,0.0000000000,0.0000000000,0.0000000000,0.0000000000,0.0000000000,0.0000000000,0.0000000000,0.0000000000,0.0000000000,0.0000000000,0.0000000000,0.0001979986,0.0102039706,0.0234339722,0.0000000000,0.0000000000,0.0000000000,0.0000000000,0.0000000000,0.0000000000,0.0000000000,0.0000000000,0.0000000000,0.0043605166,0.0000000000,0.0000000000,0.0000000000,0.0000000000,0.0000000000,0.0000000000,0.0000000000,0.0000000000,0.0000000000,0.0000000000,0.0000000000,0.0000000000,0.0000000000,0.0000000000,0.0000000000,0.0000000000,0.0000000503,0.0405504033,0.0156271458,0.0381864794,0.0207191240,0.0169273317,0.0028794017,0.0207657665,0.0169537812,0.0039837998
03:23:31:12.080,61,0.0001628281,0.0352336951,0.0370258540,0.0000000000,0.0000000000,0.0000000000,0.0000000000,0.0001632423,0.0356522538,0.0000000000,0.0000000000,0.0000000000,0.0000000000,0.0000000000,0.0000000000,0.0000000000,0.0000000000,0.0000000000,0.0000000000,0.0000000000,0.0000000000,0.0000000000,0.0003197929,0.0097780572,0.0229978729,0.0000000000,0.0000000000,0.0000000000,0.0000000000,0.0000000000,0.0000000000,0.0000000000,0.0000000000,0.0000000000,0.0042685675,0.0000000000,0.0000000000,0.0000000000,0.0000000000,0.0000000000,0.0000000000,0.0000000000,0.0000000000,0.0000000000,0.0000000000,0.0000000000,0.0000000000,0.0000000000,0.0000000000,0.0000000000,0.0000000000,0.0000000440,0.0405529700,0.0153919011,0.0381583609,0.0207490977,0.0166972429,0.0028851246,0.0208042488,0.0167237222,0.0039758650
03:23:31:13.081,61,0.0001498511,0.0352941640,0.0369707532,0.0000000000,0.0000000000,0.0000000000,0.0000000000,0.0001502327,0.0357120819,0.0000000000,0.0000000000,0.0000000000,0.0000000000,0.0000000000,0.0000000000,0.0000000000,0.0000000000,0.0000000000,0.0000000000,0.0000000000,0.0000000000,0.0000000000,0.0004191723,0.0093385605,0.0225163195,0.0000000000,0.0000000000,0.0000000000,0.0000000000,0.0000000000,0.0000000000,0.0000000000,0.0000000000,0.0000000000,0.0041679437,0.0000000000,0.0000000000,0.0000000000,0.0000000000,0.0000000000,0.0000000000,0.0000000000,0.0000000000,0.0000000000,0.0000000000,0.0000000000,0.0000000000,0.0000000000,0.0000000000,0.0000000000,0.0000000000,0.0000000380,0.0406099558,0.0148432404,0.0380050726,0.0207126848,0.0167253613,0.0028792042,0.0207728781,0.0167518854,0.0039725942
03:23:31:14.081,61,0.0001379083,0.0351198055,0.0369274393,0.0000000000,0.0000000000,0.0000000000,0.0000000000,0.0001382599,0.0355369002,0.0000000000,0.0000000000,0.0000000000,0.0000000000,0.0000000000,0.0000000000,0.0000000000,0.0000000000,0.0000000000,0.0000000000,0.0000000000,0.0000000000,0.0000000000,0.0005140154,0.0088232998,0.0219688676,0.0000000000,0.0000000000,0.0000000000,0.0000000000,0.0000000000,0.0000000000,0.0000000000,0.0000000000,0.0000000000,0.0040503736,0.0000000000,0.0000000000,0.0000000000,0.0000000000,0.0000000000,0.0000000000,0.0000000000,0.0000000000,0.0000000000,0.0000000000,0.0000000000,0.0000000000,0.0000000000,0.0000000000,0.0000000000,0.0000000000,0.0000000328,0.0406128950,0.0142032802,0.0377743095,0.0206817165,0.0166431367,0.0028746075,0.0207492039,0.0166696310,0.0039638025
03:23:31:15.080,61,0.0001269173,0.0347510129,0.0370190144,0.0000000000,0.0000000000,0.0000000000,0.0000000000,0.0001272411,0.0351685099,0.0000000000,0.0000000000,0.0000000000,0.0000000000,0.0000000000,0.0000000000,0.0000000000,0.0000000000,0.0000000000,0.0000000000,0.0000000000,0.0000000000,0.0000000000,0.0006097298,0.0082942657,0.0214199200,0.0000000000,0.0000000000,0.0000000000,0.0000000000,0.0000000000,0.0000000000,0.0000000000,0.0000000000,0.0000000000,0.0039216019,0.0000000000,0.0000000000,0.0000000000,0.0000000000,0.0000000000,0.0000000000,0.0000000000,0.0000000000,0.0000000000,0.0000000000,0.0000000000,0.0000000000,0.0000000000,0.0000000000,0.0000000000,0.0000000000,0.0000000314,0.0404099599,0.0133467913,0.0375875644,0.0207321625,0.0164701194,0.0028833544,0.0208025388,0.0164966136,0.0039617079
03:23:31:16.079,61,0.0001168021,0.0338374786,0.0369916484,0.0000000000,0.0000000000,0.0000000000,0.0000000000,0.0001171005,0.0342528597,0.0000000000,0.0000000000,0.0000000000,0.0000000000,0.0000000000,0.0000000000,0.0000000000,0.0000000000,0.0000000000,0.0000000000,0.0000000000,0.0000000000,0.0000000000,0.0006783533,0.0077536129,0.0208511762,0.0000000000,0.0000000000,0.0000000000,0.0000000000,0.0000000000,0.0000000000,0.0000000000,0.0000000000,0.0000000000,0.0037746073,0.0000000000,0.0000000000,0.0000000000,0.0000000000,0.0000000000,0.0000000000,0.0000000000,0.0000000000,0.0000000000,0.0000000000,0.0000000000,0.0000000000,0.0000000000,0.0000000000,0.0000000000,0.0000000000,0.0000000310,0.0404789448,0.0128887445,0.0372482948,0.0207098704,0.0160402060,0.0028815754,0.0207911618,0.0160666555,0.0039336230
03:23:31:17.080,61,0.0001074930,0.0334337614,0.0370847583,0.0000000000,0.0000000000,0.0000000000,0.0000000000,0.0001077680,0.0338494554,0.0000000000,0.0000000000,0.0000000000,0.0000000000,0.0000000000,0.0000000000,0.0000000000,0.0000000000,0.0000000000,0.0000000000,0.0000000000,0.0000000000,0.0000000000,0.0007571522,0.0071902447,0.0202781986,0.0000000000,0.0000000000,0.0000000000,0.0000000000,0.0000000000,0.0000000000,0.0000000000,0.0000000000,0.0000000000,0.0036677890,0.0000000000,0.0000000000,0.0000000000,0.0000000000,0.0000000000,0.0000000000,0.0000000000,0.0000000000,0.0000000000,0.0000000000,0.0000000000,0.0000000000,0.0000000000,0.0000000000,0.0000000000,0.0000000000,0.0000000421,0.0404573753,0.0124848187,0.0369084291,0.0207586698,0.0158507824,0.0028900921,0.0208455138,0.0158772171,0.0039306474
03:23:31:18.080,61,0.0000989258,0.0326895081,0.0372581594,0.0000000000,0.0000000000,0.0000000000,0.0000000000,0.0000991793,0.0331059247,0.0000000000,0.0000000000,0.0000000000,0.0000000000,0.0000000000,0.0000000000,0.0000000000,0.0000000000,0.0000000000,0.0000000000,0.0000000000,0.0000000000,0.0000000000,0.0008108228,0.0067671421,0.0198444612,0.0000000000,0.0000000000,0.0000000000,0.0000000000,0.0000000000,0.0000000000,0.0000000000,0.0000000000,0.0000000000,0.0035451588,0.0000000000,0.0000000000,0.0000000000,0.0000000000,0.0000000000,0.0000000000,0.0000000000,0.0000000000,0.0000000000,0.0000000000,0.0000000000,0.0000000000,0.0000000000,0.0000000000,0.0000000000,0.0000000000,0.0000000663,0.0406562090,0.0123267323,0.0365573280,0.0208515916,0.0155016035,0.0029062103,0.0209467113,0.0155280232,0.0039252634
03:23:31:19.079,61,0.0000910414,0.0321688764,0.0374156497,0.0000000000,0.0000000000,0.0000000000,0.0000000000,0.0000912750,0.0325860828,0.0000000000,0.0000000000,0.0000000000,0.0000000000,0.0000000000,0.0000000000,0.0000000000,0.0000000000,0.0000000000,0.0000000000,0.0000000000,0.0000000000,0.0000000000,0.0008346547,0.0064761485,0.0195636339,0.0000000000,0.0000000000,0.0000000000,0.0000000000,0.0000000000,0.0000000000,0.0000000000,0.0000000000,0.0000000000,0.0034416947,0.0000000000,0.0000000000,0.0000000000,0.0000000000,0.0000000000,0.0000000000,0.0000000000,0.0000000000,0.0000000000,0.0000000000,0.0000000000,0.0000000000,0.0000000000,0.0000000000,0.0000000000,0.0000000000,0.0000000803,0.0412452929,0.0123764873,0.0361711308,0.0209366716,0.0152574927,0.0029206169,0.0210379548,0.0152839273,0.0039246897
03:23:31:20.079,61,0.0000837852,0.0320455320,0.0376375578,0.0000000000,0.0000000000,0.0000000000,0.0000000000,0.0000840006,0.0324652605,0.0000000000,0.0000000000,0.0000000000,0.0000000000,0.0000000000,0.0000000000,0.0000000000,0.0000000000,0.0000000000,0.0000000000,0.0000000000,0.0000000000,0.0000000000,0.0008609318,0.0063311360,0.0194385573,0.0000000000,0.0000000000,0.0000000000,0.0000000000,0.0000000000,0.0000000000,0.0000000000,0.0000000000,0.0000000000,0.0033565920,0.0000000000,0.0000000000,0.0000000000,0.0000000000,0.0000000000,0.0000000000,0.0000000000,0.0000000000,0.0000000000,0.0000000000,0.0000000000,0.0000000000,0.0000000000,0.0000000000,0.0000000000,0.0000000000,0.0000000953,0.0416038856,0.0123738945,0.0359694883,0.0210578982,0.0152006745,0.0029399763,0.0211638026,0.0152270794,0.0039410279
03:23:31:21.079,61,0.0000771073,0.0322895087,0.0379594751,0.0000000000,0.0000000000,0.0000000000,0.0000000000,0.0000773059,0.0327136479,0.0000000000,0.0000000000,0.0000000000,0.0000000000,0.0000000000,0.0000000000,0.0000000000,0.0000000000,0.0000000000,0.0000000000,0.0000000000,0.0000000000,0.0000000000,0.0008567614,0.0062960428,0.0193975698,0.0000000000,0.0000000000,0.0000000000,0.0000000000,0.0000000000,0.0000000000,0.0000000000,0.0000000000,0.0000000000,0.0032724668,0.0000000000,0.0000000000,0.0000000000,0.0000000000,0.0000000000,0.0000000000,0.0000000000,0.0000000000,0.0000000000,0.0000000000,0.0000000000,0.0000000000,0.0000000000,0.0000000000,0.0000000000,0.0000000000,0.0000000964,0.0421704650,0.0124456286,0.0357956551,0.0212403815,0.0153171718,0.0029683709,0.0213444680,0.0153435618,0.0039766743
03:23:31:22.079,61,0.0000709616,0.0328988656,0.0382525623,0.0000000000,0.0000000000,0.0000000000,0.0000000000,0.0000711447,0.0333277881,0.0000000000,0.0000000000,0.0000000000,0.0000000000,0.0000000000,0.0000000000,0.0000000000,0.0000000000,0.0000000000,0.0000000000,0.0000000000,0.0000000000,0.0000000000,0.0008668027,0.0063411472,0.0194297712,0.0000000000,0.0000000000,0.0000000000,0.0000000000,0.0000000000,0.0000000000,0.0000000000,0.0000000000,0.0000000000,0.0032121080,0.0000000000,0.0000000000,0.0000000000,0.0000000000,0.0000000000,0.0000000000,0.0000000000,0.0000000000,0.0000000000,0.0000000000,0.0000000000,0.0000000000,0.0000000000,0.0000000000,0.0000000000,0.0000000000,0.0000000826,0.0427291468,0.0123711675,0.0359246433,0.0214066207,0.0156054795,0.0029936566,0.0215072259,0.0156318843,0.0040201615
03:23:31:23.079,61,0.0000653057,0.0325623229,0.0382732339,0.0000000000,0.0000000000,0.0000000000,0.0000000000,0.0000654745,0.0329907648,0.0000000000,0.0000000000,0.0000000000,0.0000000000,0.0000000000,0.0000000000,0.0000000000,0.0000000000,0.0000000000,0.0000000000,0.0000000000,0.0000000000,0.0000000000,0.0008879711,0.0063627823,0.0194680840,0.0000000000,0.0000000000,0.0000000000,0.0000000000,0.0000000000,0.0000000000,0.0000000000,0.0000000000,0.0000000000,0.0031730814,0.0000000000,0.0000000000,0.0000000000,0.0000000000,0.0000000000,0.0000000000,0.0000000000,0.0000000000,0.0000000000,0.0000000000,0.0000000000,0.0000000000,0.0000000000,0.0000000000,0.0000000000,0.0000000000,0.0000000774,0.0429635197,0.0124569237,0.0360946730,0.0214182511,0.0154472440,0.0029960335,0.0215203986,0.0154736638,0.0040124566
03:23:31:24.078,61,0.0000601005,0.0280757509,0.0379427634,0.0000000000,0.0000000000,0.0000000000,0.0000000000,0.0000602562,0.0284912363,0.0000000000,0.0000000000,0.0000000000,0.0000000000,0.0000000000,0.0000000000,0.0000000000,0.0000000000,0.0000000000,0.0000000000,0.0000000000,0.0000000000,0.0000000000,0.0009323548,0.0061774133,0.0193367507,0.0000000000,0.0000000000,0.0000000000,0.0000000000,0.0000000000,0.0000000000,0.0000000000,0.0000000000,0.0000000000,0.0031338728,0.0000000000,0.0000000000,0.0000000000,0.0000000000,0.0000000000,0.0000000000,0.0000000000,0.0000000000,0.0000000000,0.0000000000,0.0000000000,0.0000000000,0.0000000000,0.0000000000,0.0000000000,0.0000000000,0.0000000608,0.0431047641,0.0123817623,0.0361032002,0.0212636571,0.0133346468,0.0029790779,0.0213537253,0.0133610219,0.0038559013
03:23:31:25.079,61,0.0000553101,0.0075699962,0.0370238945,0.0000000000,0.0000000000,0.0000000000,0.0000000000,0.0000554538,0.0079342667,0.0000000000,0.0000000000,0.0000000000,0.0000000000,0.0000000000,0.0000000000,0.0000000000,0.0000000000,0.0000000000,0.0000000000,0.0000000000,0.0000000000,0.0000000000,0.0011299206,0.0056662662,0.0190652274,0.0000000000,0.0000000000,0.0000000000,0.0000000000,0.0000000000,0.0000000000,0.0000000000,0.0000000000,0.0000000000,0.0031073866,0.0000000000,0.0000000000,0.0000000000,0.0000000000,0.0000000000,0.0000000000,0.0038287593,0.0036858593,0.0000000000,0.0000000000,0.0000000000,0.0000000000,0.0000000000,0.0000000000,0.0000000000,0.0000000000,0.0000000511,0.0431451462,0.0112966895,0.0360265225,0.0208151210,0.0036829114,0.0029477086,0.0209215656,0.0037087649,0.0031988570
03:23:31:26.078,61,0.0002132747,0.0000000000,0.0381538570,0.0000000000,0.0000000000,0.0000000000,0.0000000000,0.0002140484,0.0000000000,0.0000000000,0.0000000000,0.0000000000,0.0000000000,0.0000000000,0.0000000000,0.0000000000,0.0000000000,0.0000000000,0.0000000000,0.0000000000,0.0000000000,0.0000000000,0.0016766413,0.0048447438,0.0187918562,0.0000000000,0.0000000000,0.0000000000,0.0000000000,0.0000000000,0.0000000000,0.0000000000,0.0000000000,0.0000000000,0.0032109504,0.0000000000,0.0000000000,0.0000000000,0.0000000000,0.0000000000,0.0000000000,0.0105115250,0.0103835361,0.0000000000,0.0000000000,0.0000000000,0.0000000000,0.0000000000,0.0000000000,0.0000000000,0.0000000000,0.0000000362,0.0431801789,0.0084411725,0.0356943905,0.0215658937,-0.0057561994,0.0030877988,0.0216411464,-0.0057307929,0.0027216566
03:23:31:27.078,61,0.0454123132,0.0000000000,0.0399408489,0.0000000000,0.0000000000,0.0063933278,0.0000000000,0.0455622338,0.0000000000,0.0000000000,0.0000000000,0.0000000000,0.0063565299,0.0000000000,0.0000000000,0.0000000000,0.0000000000,0.0000000000,0.0000000000,0.0000000000,0.0000000000,0.0000000000,0.0021120894,0.0042413594,0.0185021553,0.0000000000,0.0000000000,0.0000000000,0.0000000000,0.0000000000,0.0000000000,0.0000000000,0.0000000000,0.0003515386,0.0034803916,0.0000000000,0.0000000000,0.0000000000,0.0000000000,0.0000000000,0.0000000000,0.0154759912,0.0153473094,0.0000000000,0.0000000000,0.0000000000,0.0000000000,0.0000000000,0.0000000000,0.0000000000,0.0000000000,0.0000000199,0.0434666462,0.0047609508,0.0351381786,0.0226231907,-0.0020909756,0.0032242399,0.0226222128,-0.0020652860,0.0030847541
03:23:31:28.078,61,0.1852302104,0.0799319744,0.0422606878,0.0000000000,0.0000000000,0.0314142965,0.0000000000,0.1852146536,0.0805087015,0.0000000000,0.0000000000,0.0000000000,0.0313041210,0.0000000000,0.0000000000,0.0000000000,0.0000000000,0.0000000000,0.0000000000,0.0000000000,0.0123599060,0.0000000000,0.0063278759,0.0040219356,0.0192450397,0.0000000000,0.0000000000,0.0000000000,0.0000000000,0.0000000000,0.0000000000,0.0000000000,0.0000000000,0.0242233593,0.0075459755,0.0000000000,0.0000000000,0.0000000000,0.0000000000,0.0000000000,0.0000000000,0.0344740115,0.0343329199,0.0000000000,0.0000000000,0.0000000000,0.0000000000,0.0022788604,0.0028558061,0.0010758372,0.0052351896,0.0000000091,0.0444225967,0.0016273260,0.0332807414,0.0242564138,0.0377570540,0.0034341097,0.0235360637,0.0377850831,0.0057616248
03:23:31:29.078,61,0.4043383896,0.2116885781,0.0328741372,0.0000000000,0.0000000000,0.0584577955,0.0000000000,0.4023346901,0.2123677284,0.0000000000,0.0000000000,0.0000000000,0.0582303330,0.0000000000,0.0000000000,0.0000000000,0.0000000000,0.0000000000,0.0000000000,0.0000000000,0.0246071741,0.0000000000,0.0099175395,0.0041524777,0.0213275366,0.0000000000,0.0000000000,0.0000000000,0.0000000000,0.0000000000,0.0000000000,0.0000747630,0.0000000000,0.0413104370,0.0168501735,0.0028729527,0.0027987498,0.0000000000,0.0000000000,0.0000926998,0.0003253022,0.0428704321,0.0427238084,0.0000000000,0.0000000000,0.0000000000,0.0000000000,0.0068507181,0.0083540473,0.0065989504,0.0129738329,0.0000000000,0.0453197546,-0.0005426779,0.0327854529,0.0195400007,0.0996708870,0.0022443584,0.0175080784,0.0997027457,0.0083200224
03:23:31:30.078,61,0.5698574185,0.2280096859,0.0330191925,0.0000000000,0.0000000000,0.0696298853,0.0000000000,0.5619947314,0.2287197858,0.0000000000,0.0000000000,0.0000000000,0.0693655685,0.0000000000,0.0000000000,0.0000000000,0.0000000000,0.0000000000,0.0000000000,0.0000000000,0.0304838177,0.0000000000,0.0144454287,0.0044260668,0.0261323322,0.0000000000,0.0000000000,0.0000000000,0.0000000000,0.0000000000,0.0000000000,0.0036734804,0.0000000000,0.0502667502,0.0227178615,0.0068714865,0.0064014853,0.0000000000,0.0000000000,0.0003824473,0.0007323400,0.0466527306,0.0465042889,0.0018533363,0.0000000000,0.0000000000,0.0000000000,0.0098311240,0.0120376805,0.0111170430,0.0190264024,0.0000000000,0.0467274413,-0.0013944060,0.0319830626,0.0200077333,0.1073480099,0.0023208754,0.0174806453,0.1073805541,0.0087725427
03:23:31:31.077,61,0.4091869891,0.2314166278,0.0343114883,0.0000000000,0.0000000000,0.0749837235,0.0000000000,0.4078896940,0.2321558148,0.0000000000,0.0000000000,0.0000000000,0.0747056678,0.0000000000,0.0000000000,0.0000000000,0.0000000000,0.0000000000,0.0000000000,0.0000000000,0.0331066102,0.0000000000,0.0160435643,0.0071450369,0.0288010966,0.0000000000,0.0000000000,0.0000000000,0.0000000000,0.0000000000,0.0000000000,0.0054616001,0.0000000000,0.0542397723,0.0253092349,0.0086646657,0.0081258742,0.0000000000,0.0000000000,0.0006499666,0.0010919973,0.0490684770,0.0489194728,0.0030710278,0.0000000000,0.0000000000,0.0010130928,0.0114050424,0.0138527788,0.0131579023,0.0215829778,0.0000000000,0.0479983576,-0.0015430599,0.0313655846,0.0203496926,0.1089609414,0.0024002171,0.0181733780,0.1089934111,0.0090460330
03:23:31:32.077,61,0.2541526556,0.1771399528,0.0366867445,0.0000000000,0.0000000000,0.0772091374,0.0000000000,0.2541088760,0.1778237820,0.0000000000,0.0000000000,0.0000000000,0.0769272819,0.0000000000,0.0000000000,0.0000000000,0.0000000000,0.0000000000,0.0000000000,0.0000000000,0.0311523452,0.0000000000,0.0167321693,0.0083875693,0.0302109215,0.0000000000,0.0000000000,0.0000000000,0.0000000000,0.0000000000,0.0000000000,0.0065067429,0.0000000000,0.0558776893,0.0266511664,0.0097344937,0.0091985967,0.0000000000,0.0000000000,0.0008681590,0.0013744598,0.0506341755,0.0504852273,0.0038366083,0.0000000000,0.0000000000,0.0017455703,0.0123789227,0.0148926573,0.0143196657,0.0228837561,0.0000000000,0.0482198000,-0.0006412342,0.0316294469,0.0214531552,0.0834497064,0.0027707275,0.0198498219,0.0834805369,0.0078893136
03:23:31:33.077,61,0.1387810856,0.0947470888,0.0399151780,0.0000000000,0.0000000000,0.0737329200,0.0000000000,0.1389613152,0.0953216851,0.0000000000,0.0000000000,0.0000000000,0.0735249370,0.0000000000,0.0000000000,0.0000000000,0.0000000000,0.0000000000,0.0000000000,0.0000000000,0.0115254428,0.0000000000,0.0158926379,0.0108337887,0.0310307834,0.0000000000,0.0000000000,0.0000000000,0.0000000000,0.0000000000,0.0000000000,0.0069267708,0.0000000000,0.0464048721,0.0268620774,0.0101382947,0.0096430900,0.0000000000,0.0000000000,0.0009867542,0.0015146156,0.0515580475,0.0514095426,0.0041081933,0.0000000000,0.0000000000,0.0020451611,0.0127972681,0.0152424313,0.0146724535,0.0230961535,0.0000000020,0.0476648994,0.0007882491,0.0314092115,0.0231169220,0.0447122604,0.0032162047,0.0221384205,0.0447407663,0.0059475251
03:23:31:34.077,61,0.0759448633,0.0054282104,0.0393785760,0.0000000000,0.0000000000,0.0648364797,0.0000000000,0.0760017708,0.0058141430,0.0000000000,0.0000000000,0.0000000000,0.0647206455,0.0000000000,0.0000000000,0.0000000000,0.0000000000,0.0000000000,0.0000000000,0.0000000000,0.0025082855,0.0000000000,0.0139252748,0.0118974308,0.0312701464,0.0000000000,0.0000000000,0.0000000000,0.0000000000,0.0000000000,0.0000000000,0.0069640270,0.0000000000,0.0347009413,0.0244537275,0.0100748800,0.0096297497,0.0000000000,0.0000000000,0.0010281431,0.0015533280,0.0516579784,0.0515099950,0.0040815542,0.0000000000,0.0000000000,0.0020679042,0.0128294695,0.0151546812,0.0144870998,0.0216168165,0.0000000045,0.0465941243,0.0021134242,0.0303993002,0.0227037352,0.0026866496,0.0032256842,0.0222623348,0.0027127862,0.0033321907
03:23:31:35.077,61,0.0445656888,0.0000000000,0.0373233110,0.0000000000,0.0000000000,0.0585100688,0.0000000000,0.0446940921,0.0000000000,0.0000000000,0.0000000000,0.0000000000,0.0584362410,0.0000000000,0.0000000000,0.0000000000,0.0000000000,0.0000000000,0.0000000000,0.0000000000,0.0000000000,0.0000000000,0.0124690356,0.0126176085,0.0313399285,0.0000000000,0.0000000000,0.0000000000,0.0000000000,0.0000000000,0.0000000000,0.0068603284,0.0000000000,0.0285494458,0.0218166951,0.0097916834,0.0093990257,0.0000000000,0.0000000000,0.0010256376,0.0015367111,0.0514362678,0.0512890220,0.0039131842,0.0000000000,0.0000000000,0.0019480325,0.0126831364,0.0148636298,0.0140468124,0.0197479110,0.0000000041,0.0457074642,0.0031383112,0.0292305537,0.0216509234,-0.0246343464,0.0031583523,0.0213142745,-0.0246095806,0.0015235865
03:23:31:36.076,61,0.0222546179,0.0000000000,0.0378652178,0.0000000000,0.0000000000,0.0533973277,0.0000000000,0.0223318618,0.0000000000,0.0000000000,0.0000000000,0.0000000000,0.0533443354,0.0000000000,0.0000000000,0.0000000000,0.0000000000,0.0000000000,0.0000000000,0.0000000000,0.0000000000,0.0000000000,0.0115008811,0.0129416231,0.0311788637,0.0000000000,0.0000000000,0.0000000000,0.0000000000,0.0000000000,0.0000000000,0.0066665905,0.0000000000,0.0244276728,0.0193927102,0.0093773343,0.0090347668,0.0000000000,0.0000000000,0.0009891965,0.0014802044,0.0511733294,0.0510269552,0.0036369003,0.0000000000,0.0000000000,0.0017507137,0.0124143427,0.0144404527,0.0134453736,0.0178685971,0.0000000036,0.0450878255,0.0026223361,0.0286870468,0.0220204554,-0.0430092290,0.0032519514,0.0217417404,-0.0429853424,0.0004477398
03:23:31:37.076,61,0.0112448353,0.0000000000,0.0403246023,0.0000000000,0.0000000000,0.0496829525,0.0000000000,0.0112896496,0.0000000000,0.0000000000,0.0000000000,0.0000000000,0.0496385507,0.0000000000,0.0000000000,0.0000000000,0.0000000000,0.0000000000,0.0000000000,0.0000000000,0.0000000000,0.0000000000,0.0107931579,0.0130052613,0.0309137478,0.0000000000,0.0000000000,0.0000000000,0.0000000000,0.0000000000,0.0000000000,0.0064681452,0.0000000000,0.0217135362,0.0174953640,0.0089165810,0.0086189294,0.0000000000,0.0000000000,0.0009321480,0.0014017686,0.0511197411,0.0509745851,0.0032945084,0.0000000000,0.0000000000,0.0015080723,0.0120905023,0.0139573310,0.0128039438,0.0165088568,0.0000000000,0.0450523682,0.0015651137,0.0279599167,0.0234787166,-0.0578944460,0.0034145685,0.0232247859,-0.0578712821,-0.0003374866
03:23:31:38.076,61,0.0055764741,0.0000000000,0.0403717309,0.0000000000,0.0000000000,0.0465446822,0.0000000000,0.0056094266,0.0000000000,0.0000000000,0.0000000000,0.0000000000,0.0465042181,0.0000000000,0.0000000000,0.0000000000,0.0000000000,0.0000000000,0.0000000000,0.0000000000,0.0000000000,0.0000000000,0.0102975061,0.0129493745,0.0307790022,0.0000000000,0.0000000000,0.0000000000,0.0000129806,0.0000000000,0.0000000000,0.0062861484,0.0000000000,0.0193141196,0.0156899970,0.0084263990,0.0081689414,0.0000000000,0.0000000000,0.0008540293,0.0013025013,0.0513178967,0.0511744916,0.0028955587,0.0000000000,0.0000000000,0.0012284648,0.0117359655,0.0134507818,0.0121280923,0.0154116265,0.0000000000,0.0450750254,0.0002412573,0.0282779671,0.0235095024,-0.0679635853,0.0034294496,0.0233006738,-0.0679409206,-0.0009605354
03:23:31:39.076,61,0.0025777451,0.0000000000,0.0388744101,0.0000000000,0.0000000000,0.0436969995,0.0000000000,0.0026036340,0.0000000000,0.0000000000,0.0000000000,0.0000000000,0.0436598957,0.0000000000,0.0000000000,0.0000000000,0.0000000000,0.0000000000,0.0000000000,0.0000000000,0.0000000000,0.0000000000,0.0099901343,0.0126635600,0.0306984186,0.0000000000,0.0000000000,0.0000000000,0.0000857261,0.0000000000,0.0000000000,0.0061235470,0.0000000000,0.0169221219,0.0139285540,0.0079191709,0.0076949480,0.0000000000,0.0000000000,0.0007609895,0.0011888777,0.0522550084,0.0521206632,0.0024707369,0.0000000000,0.0000000000,0.0009484530,0.0113586662,0.0129332375,0.0114513664,0.0145003395,0.0000000000,0.0449176095,-0.0010176450,0.0291813631,0.0226517636,-0.0765532032,0.0033842428,0.0224834271,-0.0765309483,-0.0015496230
03:23:31:40.076,61,0.0010051208,0.0000000000,0.0400610641,0.0000000000,0.0000000000,0.0410001166,0.0000000000,0.0010265717,0.0000000000,0.0000000000,0.0000000000,0.0000000000,0.0409664586,0.0000000000,0.0000000000,0.0000000000,0.0000000000,0.0000000000,0.0000000000,0.0000000000,0.0000000000,0.0000000000,0.0095639862,0.0121955583,0.0303636454,0.0000000000,0.0000000000,0.0000000000,0.0001312428,0.0000000000,0.0000000000,0.0059168530,0.0000000000,0.0141861401,0.0121678030,0.0073666801,0.0071670655,0.0000000000,0.0000000000,0.0006569090,0.0010593147,0.0541678630,0.0540421568,0.0020419385,0.0000000000,0.0000000000,0.0006387954,0.0109533686,0.0123846652,0.0107335169,0.0134681817,0.0000000000,0.0449287519,-0.0021076351,0.0298784208,0.0232303459,-0.0820490718,0.0034300482,0.0231814533,-0.0820271522,-0.0018465053
03:23:31:41.076,61,0.0001932306,0.0000000000,0.0423658378,0.0000000000,0.0000000000,0.0391773619,0.0000000000,0.0002117010,0.0000000000,0.0000000000,0.0000000000,0.0000000000,0.0391462110,0.0000000000,0.0000000000,0.0000000000,0.0000000000,0.0000000000,0.0000000000,0.0000000000,0.0000000000,0.0000000000,0.0090687480,0.0118131796,0.0301090293,0.0000000000,0.0000000000,0.0000000000,0.0001787406,0.0000000000,0.0000000000,0.0057176682,0.0000000000,0.0119029805,0.0106588323,0.0068149539,0.0066294018,0.0000000000,0.0000000000,0.0005503867,0.0009268289,0.0560907274,0.0559728369,0.0016412211,0.0000000000,0.0000000000,0.0003215253,0.0105651412,0.0118641900,0.0100193946,0.0125802439,0.0000000000,0.0446518548,-0.0032373145,0.0306171533,0.0245447401,-0.0872512311,0.0035090700,0.0245152526,-0.0872295499,-0.0020980223
03:23:31:42.075,61,0.0000000000,0.0000000000,0.0437113047,0.0000000000,0.0000000000,0.0379888080,0.0000000000,0.0000000000,0.0000000000,0.0000000000,0.0008987836,0.0000000000,0.0379588865,0.0000000000,0.0000000000,0.0000000000,0.0000000000,0.0000000000,0.0000000000,0.0000000000,0.0000000000,0.0000000000,0.0085679488,0.0114080645,0.0298627503,0.0000000000,0.0000000000,0.0000000000,0.0002223983,0.0000000000,0.0000000000,0.0055300668,0.0000000000,0.0101060933,0.0094656013,0.0062702652,0.0060921623,0.0000000000,0.0000000000,0.0004461370,0.0007972626,0.0595510565,0.0594416037,0.0012799954,0.0000000000,0.0000000000,0.0000160926,0.0101950411,0.0113742584,0.0093154004,0.0117578525,0.0000000000,0.0444013365,-0.0042764023,0.0309397280,0.0252722595,-0.0880050957,0.0035480796,0.0252858214,-0.0879834890,-0.0021048528
03:23:31:43.075,61,0.0000000000,0.0000000000,0.0422887169,0.0000000000,0.0000000000,0.0371577404,0.0000000000,0.0000000000,0.0000000000,0.0000000000,0.0000000000,0.0000000000,0.0371286497,0.0000000000,0.0000000000,0.0000000000,0.0000000000,0.0000000000,0.0000000000,0.0000000000,0.0000000000,0.0000000000,0.0080456305,0.0109638935,0.0296114907,0.0000000000,0.0000000000,0.0000000000,0.0002781777,0.0000000000,0.0000000000,0.0053911363,0.0000000000,0.0088999905,0.0085163284,0.0057594469,0.0055841575,0.0000000000,0.0000000000,0.0003506741,0.0006775539,0.0614629947,0.0613594465,0.0009619314,0.0000000000,0.0000000000,0.0000000000,0.0098669725,0.0109410938,0.0086515080,0.0110077495,0.0000000000,0.0445573069,-0.0056672171,0.0310645625,0.0244144108,-0.0889195651,0.0035025254,0.0244768448,-0.0888980329,-0.0022060017
03:23:31:44.075,61,0.0000000000,0.0000000000,0.0413132273,0.0000000000,0.0000000000,0.0365515463,0.0000000000,0.0000000000,0.0000000000,0.0000000000,0.0000000000,0.0000000000,0.0365230329,0.0000000000,0.0002171536,0.0000000000,0.0000000000,0.0000000000,0.0000000000,0.0000000000,0.0000000000,0.0000000000,0.0075408560,0.0103010936,0.0292138215,0.0000000000,0.0000000000,0.0000694123,0.0003409309,0.0000000000,0.0000000000,0.0052881944,0.0000000000,0.0079559200,0.0077017178,0.0052982108,0.0051223133,0.0000000820,0.0000000000,0.0002635800,0.0005679260,0.0626406446,0.0625397563,0.0006902875,0.0000000000,0.0000000000,0.0000000000,0.0095763998,0.0105630467,0.0080400212,0.0103359176,0.0000000000,0.0444285274,-0.0066782832,0.0311140232,0.0238474272,-0.0895881206,0.0034733370,0.0239221938,-0.0895666108,-0.0022771079
03:23:31:45.075,61,0.0000000000,0.0000000000,0.0400367081,0.0000000000,0.0000000000,0.0360727869,0.0000000000,0.0000000000,0.0000000000,0.0000000000,0.0000000000,0.0000000000,0.0360448323,0.0000000000,0.0004653789,0.0000000000,0.0000000000,0.0000000000,0.0000000000,0.0000000000,0.0000000000,0.0000000000,0.0070144515,0.0096587222,0.0288014058,0.0000000000,0.0000000000,0.0001548637,0.0004138388,0.0000000000,0.0000000000,0.0052119945,0.0000000000,0.0071804966,0.0069882679,0.0048862277,0.0047047562,0.0002023196,0.0000305139,0.0001848818,0.0004677195,0.0630343854,0.0629343837,0.0004674680,0.0000000000,0.0000000000,0.0000000000,0.0093286103,0.0102463495,0.0074717645,0.0097232228,0.0000000000,0.0444034636,-0.0075014457,0.0309491567,0.0231156554,-0.0893230215,0.0034349700,0.0231926329,-0.0893015116,-0.0022983425
03:23:31:46.075,61,0.0000000000,0.0000000000,0.0132301114,0.0000000000,0.0000000000,0.0359059386,0.0063900128,0.0000000000,0.0000000000,0.0000000000,0.0000000000,0.0000000000,0.0358782820,0.0063524279,0.0007463530,0.0000000000,0.0000000000,0.0000000000,0.0000000000,0.0000000000,0.0000000000,0.0000000000,0.0065567126,0.0090838317,0.0284728575,0.0000000000,0.0000000000,0.0002778461,0.0005224064,0.0000000000,0.0000000000,0.0052299905,0.0000000000,0.0065334910,0.0063523729,0.0045386590,0.0043448843,0.0004602499,0.0003044838,0.0001208232,0.0003856947,0.0628750399,0.0627760887,0.0003046904,0.0000000000,0.0000000000,0.0000000000,0.0091636656,0.0100374389,0.0069554648,0.0091858367,0.0000000000,0.0448481664,-0.0078398064,0.0307076070,0.0078380667,-0.0925996751,0.0026943339,0.0078979135,-0.0925782621,-0.0032470450
03:23:31:47.075,61,0.0000000000,0.0000000000,0.0000000000,0.0000000000,0.0000000000,0.0358626284,0.0149763832,0.0000000000,0.0000000000,0.0129230628,0.0000000000,0.0000000000,0.0358354039,0.0149397962,0.0010456771,0.0000000000,0.0000000000,0.0000000000,0.0000000000,0.0000000000,0.0000000000,0.0000000000,0.0061257971,0.0086021572,0.0282458793,0.0000000000,0.0000000000,0.0004249151,0.0006532174,0.0000000000,0.0000000000,0.0053372714,0.0000000000,0.0060024927,0.0057937414,0.0042592143,0.0040523559,0.0007378562,0.0006020453,0.0000650263,0.0003147797,0.0625663996,0.0624686889,0.0001782048,0.0000000000,0.0000000000,0.0000000000,0.0090448130,0.0098978793,0.0064994385,0.0087265708,0.0000000000,0.0450971723,-0.0074569434,0.0301850643,-0.0077841580,-0.0940328091,0.0019784772,-0.0078072436,-0.0940115154,-0.0040571825
03:23:31:48.075,61,0.0000000000,0.0000000000,0.0000000000,0.0000000000,0.0000000000,0.0360581689,0.0242160894,0.0000000000,0.0000000000,0.0250399783,0.0000000000,0.0000000000,0.0360311307,0.0241721347,0.0013622602,0.0000000000,0.0000000000,0.0000000000,0.0000000000,0.0000000000,0.0000000000,0.0000000000,0.0057655112,0.0082623502,0.0281626619,0.0000000000,0.0000000000,0.0005855505,0.0007978567,0.0000000000,0.0000000000,0.0055079791,0.0000000000,0.0055590221,0.0052978261,0.0040345779,0.0038106581,0.0010511909,0.0009361508,0.0000189179,0.0002558753,0.0624882467,0.0623926371,0.0000687910,0.0000000000,0.0000000000,0.0000000000,0.0089724855,0.0098125022,0.0061186035,0.0083538005,0.0000000000,0.0458259471,-0.0068789870,0.0297164097,-0.0148798935,-0.0964787379,0.0017394762,-0.0149958897,-0.0964575112,-0.0044558910
03:23:31:49.074,61,0.0000000000,0.0000000000,0.0000000000,0.0000000000,0.0000000000,0.0364112891,0.0364714563,0.0000000000,0.0000000000,0.0320363268,0.0000000000,0.0000000000,0.0363843106,0.0364212915,0.0017022894,0.0000000000,0.0000000000,0.0000000000,0.0000000000,0.0000000000,0.0000000000,0.0000000000,0.0054582893,0.0080565261,0.0282227136,0.0000000000,0.0000000000,0.0007648800,0.0009620488,0.0000000000,0.0000000000,0.0057654474,0.0000000000,0.0052342578,0.0048793927,0.0038769029,0.0036362538,0.0014029976,0.0013121762,0.0000000000,0.0002092799,0.0626738891,0.0625804290,0.0000000000,0.0000000000,0.0000000000,0.0000000000,0.0089452136,0.0097819148,0.0058079939,0.0080699725,0.0000000000,0.0468485393,-0.0062897354,0.0294294041,-0.0189788006,-0.0985222384,0.0016448841,-0.0191709101,-0.0985010341,-0.0046835896
03:23:31:50.074,61,0.0000000000,0.0000000000,0.0000000000,0.0000000000,0.0000000000,0.0369745307,0.0536879376,0.0000000000,0.0000000000,0.0379913189,0.0000000000,0.0000000000,0.0369475670,0.0536292270,0.0020779127,0.0000000000,0.0000000000,0.0000000000,0.0000000000,0.0000000000,0.0000000000,0.0000000000,0.0051714024,0.0079719797,0.0284397770,0.0000000000,0.0000000000,0.0009745728,0.0011532198,0.0000000000,0.0000000000,0.0061311736,0.0004318088,0.0050290385,0.0045377249,0.0037976110,0.0035394095,0.0018146709,0.0017488394,0.0000000000,0.0001754794,0.0630265698,0.0629359707,0.0000000000,0.0000000000,0.0000000000,0.0000000000,0.0089663379,0.0098136952,0.0055803051,0.0078874612,0.0000000000,0.0477212034,-0.0061608702,0.0295228604,-0.0224699043,-0.1012370288,0.0016235936,-0.0227031130,-0.1012159288,-0.0048788455
03:23:31:51.075,61,0.0000000000,0.0000000000,0.0000000000,0.0000000000,0.0000000000,0.0378038511,0.0701138899,0.0000000000,0.0000000000,0.0422370732,0.0000000000,0.0000000000,0.0377768651,0.0700435564,0.0024670763,0.0000000000,0.0000000000,0.0000000000,0.0003918554,0.0000000000,0.0000000000,0.0000000000,0.0049814978,0.0078855967,0.0287683401,0.0000000000,0.0000000000,0.0011990216,0.0013592895,0.0000000000,0.0000000000,0.0065551586,0.0010246346,0.0049196370,0.0042585284,0.0037678005,0.0034929903,0.0022703419,0.0022352361,0.0000000000,0.0001560506,0.0637103990,0.0636326671,0.0000000000,0.0000000000,0.0000000000,0.0000000000,0.0090137441,0.0098901605,0.0054258578,0.0078024813,0.0000000000,0.0485579334,-0.0062588900,0.0299301632,-0.0249598734,-0.1035192385,0.0016371977,-0.0252405442,-0.1034982055,-0.0050117830
03:23:31:52.075,61,0.0000000000,0.0000000000,0.0000000000,0.0000000000,0.0000000000,0.0387151167,0.0806781650,0.0000000000,0.0000000000,0.0437588841,0.0000000000,0.0000000000,0.0386878550,0.0806022286,0.0028575957,0.0000000000,0.0000000000,0.0001197797,0.0010523710,0.0000000000,0.0000000000,0.0000000000,0.0048635406,0.0077821100,0.0291134603,0.0000000000,0.0000000000,0.0014229342,0.0015655734,0.0000000000,0.0000000000,0.0070059928,0.0016032840,0.0048860339,0.0040355423,0.0037767617,0.0034866312,0.0027341098,0.0027300450,0.0000000000,0.0001470601,0.0645930469,0.0645288453,0.0000000000,0.0000000000,0.0000000000,0.0000000000,0.0090829069,0.0099945283,0.0053302147,0.0077884714,0.0000000000,0.0493692383,-0.0065908805,0.0304120183,-0.0258530863,-0.1047006249,0.0016632084,-0.0261525176,-0.1046796441,-0.0050613238
03:23:31:53.074,61,0.0000000000,0.0000000000,0.0000000000,0.0000000000,0.0000000000,0.0394811146,0.0912256017,0.0000000000,0.0000000000,0.0421188250,0.0000000000,0.0000000000,0.0394539610,0.0911432132,0.0032305038,0.0000000000,0.0000000000,0.0007137446,0.0016792635,0.0000000000,0.0000000000,0.0000000000,0.0047682133,0.0077844672,0.0295976661,0.0000000000,0.0000000000,0.0016441985,0.0017726251,0.0000000000,0.0000000000,0.0074690185,0.0021562057,0.0048973365,0.0038520203,0.0038043598,0.0035025070,0.0031982942,0.0032245587,0.0000000000,0.0001432698,0.0659201443,0.0658705309,0.0000000000,0.0000000000,0.0000000000,0.0000000000,0.0091489572,0.0101025365,0.0052635893,0.0078125987,0.0000000000,0.0500266328,-0.0068604723,0.0308010057,-0.0248917490,-0.1041110605,0.0016691686,-0.0251713730,-0.1040900499,-0.0050172787
03:23:31:54.074,61,0.0000000000,0.0000000000,0.0000000000,0.0000000000,0.0000000000,0.0402576625,0.1005695313,0.0000000000,0.0000000000,0.0411434099,0.0000000000,0.0000000000,0.0402307175,0.1004823223,0.0036206190,0.0000000000,0.0000000000,0.0013126662,0.0023056986,0.0000000000,0.0000000000,0.0000000000,0.0047569810,0.0078787412,0.0302282665,0.0000000000,0.0000000000,0.0018809604,0.0019968674,0.0000000000,0.0000000000,0.0079998821,0.0027282671,0.0050065345,0.0037310573,0.0038869132,0.0035757546,0.0036831568,0.0037411565,0.0000000000,0.0001488851,0.0672487989,0.0672126561,0.0000000000,0.0000000000,0.0000000000,0.0000000000,0.0092404494,0.0102495933,0.0052596899,0.0079142768,0.0000000000,0.0504097603,-0.0072644129,0.0313475952,-0.0243214890,-0.1045663059,0.0017127596,-0.0245911255,-0.1045453250,-0.0050021722
03:23:31:55.074,61,0.0000000000,0.0000000000,0.0000000000,0.0000000000,0.0000000000,0.0415162817,0.1086495891,0.0000000000,0.0000000000,0.0416453965,0.0000000000,0.0000000000,0.0414898396,0.1085525602,0.0040178653,0.0000000000,0.0000000000,0.0019180694,0.0029523941,0.0001907260,0.0000000000,0.0000000000,0.0048735361,0.0079785269,0.0314779356,0.0000000000,0.0000000000,0.0021247501,0.0022320314,0.0007232513,0.0010001697,0.0085630100,0.0032978305,0.0051718000,0.0036504741,0.0039933184,0.0036743851,0.0041996348,0.0042958558,0.0000000000,0.0001663481,0.0690177456,0.0690042451,0.0000000000,0.0000000000,0.0000000000,0.0000000000,0.0093580503,0.0104443319,0.0053157802,0.0080986200,0.0000000000,0.0508234426,-0.0076874569,0.0318219848,-0.0246157013,-0.1047391891,0.0017104724,-0.0248923413,-0.1047182083,-0.0050156713
03:23:31:56.074,61,0.0000000000,0.0000000000,0.0000000000,0.0000000000,0.0000000000,0.0429221690,0.1173086911,0.0000000000,0.0000000000,0.0415653847,0.0000000000,0.0000000000,0.0428961739,0.1171943843,0.0044421237,0.0000000000,0.0000000000,0.0025538981,0.0036263298,0.0004097037,0.0000000000,0.0000000000,0.0052020666,0.0081070652,0.0342321210,0.0000000000,0.0000000000,0.0023984036,0.0025016449,0.0020405271,0.0025647329,0.0092302533,0.0039015748,0.0054729516,0.0036474767,0.0041675097,0.0038455385,0.0047588930,0.0048947968,0.0000000000,0.0001983302,0.0707423016,0.0707543790,0.0000258757,0.0000000000,0.0000000000,0.0000000000,0.0095150508,0.0107022496,0.0054413285,0.0083875991,0.0000000000,0.0511418507,-0.0081539080,0.0323643051,-0.0245688111,-0.1047134697,0.0017109205,-0.0248500891,-0.1046924889,-0.0050137634
03:23:31:57.073,61,0.0000000000,0.0000000000,0.0000000000,0.0000000000,0.0000000000,0.0438239127,0.1228958145,0.0000000000,0.0000000000,0.0379558876,0.0000000000,0.0000000000,0.0437982939,0.1227707118,0.0048321406,0.0000000000,0.0000000000,0.0030892959,0.0041833846,0.0005940346,0.0000000000,0.0000000000,0.0055808378,0.0083598727,0.0371311605,0.0000000000,0.0000000000,0.0026583790,0.0027618143,0.0029263396,0.0035372535,0.0098786186,0.0044654775,0.0057980292,0.0036802127,0.0043574451,0.0040366570,0.0052653751,0.0054364558,0.0000000000,0.0002278510,0.0719893798,0.0720224828,0.0000808327,0.0000000000,0.0000000000,0.0000000000,0.0096676564,0.0109591419,0.0055686189,0.0086736241,0.0000000000,0.0515131392,-0.0087247267,0.0330048054,-0.0224558488,-0.1049430147,0.0017991968,-0.0227238834,-0.1049220338,-0.0049395654
03:23:31:58.074,61,0.0000000000,0.0000000000,0.0000000000,0.0000000000,0.0000000000,0.0445457734,0.1274953783,0.0000000000,0.0000000000,0.0272340085,0.0000000000,0.0000000000,0.0445205085,0.1273599714,0.0051900931,0.0000000000,0.0000000000,0.0035548857,0.0046645915,0.0007560356,0.0000000000,0.0000000000,0.0060254945,0.0087707667,0.0407668054,0.0000000000,0.0000000000,0.0029067490,0.0030145464,0.0036579370,0.0043201917,0.0104938233,0.0049965703,0.0061342567,0.0037324068,0.0045493552,0.0042337887,0.0057368865,0.0059404839,0.0000057469,0.0002564635,0.0735259354,0.0735773295,0.0001258888,0.0000000000,0.0000000000,0.0000000000,0.0098083830,0.0112030050,0.0056957286,0.0089572901,0.0000000000,0.0517996512,-0.0090256482,0.0334147625,-0.0161774866,-0.1045080647,0.0020100805,-0.0163844787,-0.1044871211,-0.0046989694
03:23:31:59.074,61,0.0000000000,0.0000000000,0.0000000000,0.0000000000,0.0000000000,0.0451837629,0.1311221868,0.0000000000,0.0000000000,0.0193134807,0.0000000000,0.0000000000,0.0451588444,0.1309777945,0.0055655865,0.0000000000,0.0001328173,0.0040184553,0.0051388494,0.0009131381,0.0000000000,0.0000000000,0.0065717478,0.0093295155,0.0448943749,0.0000000000,0.0000000000,0.0031695981,0.0032863615,0.0043331091,0.0050401161,0.0111514861,0.0055679739,0.0064720088,0.0037874412,0.0047633480,0.0044574863,0.0062159691,0.0064530070,0.0000201713,0.0002857114,0.0744105130,0.0744719356,0.0001661707,0.0000000000,0.0000000000,0.0000000000,0.0099584553,0.0114651443,0.0058357762,0.0092621418,0.0000000000,0.0518855229,-0.0095131844,0.0336648859,-0.0115392245,-0.1038908586,0.0021586807,-0.0116878971,-0.1038699076,-0.0045091575
03:23:32:00.073,61,0.0000000000,0.0000000000,0.0000000000,0.0000000000,0.0000000000,0.0458316095,0.1334441602,0.0000000000,0.0000000000,0.0142420642,0.0000000000,0.0000000000,0.0458070152,0.1332937479,0.0059158131,0.0000000000,0.0002698065,0.0044558174,0.0055954922,0.0010721298,0.0000000000,0.0000000000,0.0072142137,0.0104270428,0.0500128381,0.0000000000,0.0000000000,0.0034361412,0.0035661606,0.0049863490,0.0057477248,0.0117922891,0.0061181281,0.0068412009,0.0038649768,0.0049888128,0.0046912772,0.0066998685,0.0069742939,0.0000380328,0.0003212681,0.0752098188,0.0752790794,0.0002163307,0.0000000000,0.0000000000,0.0000000000,0.0101154074,0.0117436619,0.0060011265,0.0096004559,0.0000000000,0.0520523190,-0.0099314004,0.0337783806,-0.0085698701,-0.1037778109,0.0022662394,-0.0086975675,-0.1037568748,-0.0043937452
03:23:32:01.073,61,0.0000000000,0.0000000000,0.0000000000,0.0000000000,0.0000000000,0.0465035737,0.1346824169,0.0000000000,0.0000000000,0.0116680404,0.0000000000,0.0000000000,0.0464793146,0.1345279366,0.0063089621,0.0000000000,0.0003923794,0.0049264329,0.0060853786,0.0012337608,0.0000000000,0.0000000000,0.0079111252,0.0136750909,0.0569997318,0.0000000000,0.0000000000,0.0037439957,0.0038957633,0.0056453962,0.0064681340,0.0125651201,0.0067478470,0.0072588450,0.0039675441,0.0052565257,0.0049737636,0.0072271479,0.0075402032,0.0000566720,0.0003610920,0.0757919401,0.0758689418,0.0002763708,0.0000000000,0.0000000000,0.0001266966,0.0103122490,0.0120764682,0.0061871861,0.0099665942,0.0000000000,0.0520879142,-0.0102776587,0.0337454043,-0.0070632286,-0.1041141376,0.0023336047,-0.0071775876,-0.1040932238,-0.0043473179
03:23:32:02.072,61,0.0000000000,0.0000000000,0.0000000000,0.0000000000,0.0000000000,0.0475455187,0.1360012442,0.0000000000,0.0000000000,0.0102484291,0.0000000000,0.0000000000,0.0475220829,0.1358368993,0.0067875218,0.0000000000,0.0004823907,0.0054560471,0.0066295280,0.0014195987,0.0000000000,0.0000000000,0.0100174248,0.0181402210,0.0678037181,0.0000000000,0.0000000000,0.0041269441,0.0043115597,0.0063955062,0.0076692374,0.0145304073,0.0076257568,0.0078206649,0.0041457340,0.0056197057,0.0053582308,0.0078509720,0.0082130879,0.0000839826,0.0004177227,0.0763592422,0.0764479563,0.0003557769,0.0000000000,0.0000000000,0.0003280561,0.0105779571,0.0125276772,0.0064415364,0.0104458323,0.0000000000,0.0522235371,-0.0108177587,0.0337769426,-0.0062332004,-0.1051063463,0.0023952951,-0.0063517205,-0.1050854921,-0.0043488685
03:23:32:03.072,61,0.0000000000,0.0000000000,0.0000000000,0.0000000000,0.0000000000,0.0484195650,0.1367669404,0.0000000000,0.0000000000,0.0071578454,0.0000000000,0.0000000000,0.0483970903,0.1365943551,0.0072871060,0.0000000000,0.0005043573,0.0059789987,0.0071653938,0.0016069228,0.0000000000,0.0000000000,0.0138865989,0.0222814009,0.0785785168,0.0000000000,0.0000000000,0.0045426432,0.0047813617,0.0071249977,0.0087572616,0.0165463220,0.0086359279,0.0084495032,0.0043663583,0.0060270550,0.0057950667,0.0085159820,0.0089348210,0.0001149986,0.0004881674,0.0769720152,0.0770776719,0.0004493182,0.0000000000,0.0000000000,0.0005418262,0.0108689023,0.0130485995,0.0067284359,0.0110065071,0.0000000000,0.0525175296,-0.0110018253,0.0337872654,-0.0044232719,-0.1047594175,0.0024508373,-0.0045283698,-0.1047385484,-0.0042708814
03:23:32:04.073,61,0.0000000000,0.0000000000,0.0000000000,0.0000000000,0.0000000000,0.0492358506,0.1370329261,0.0000000000,0.0000000000,0.0017983122,0.0000000000,0.0000000000,0.0492138937,0.1368518174,0.0078121843,0.0000000000,0.0004145203,0.0064635240,0.0076570376,0.0017798372,0.0000000000,0.0000000000,0.0176615342,0.0278112609,0.0902281404,0.0000000000,0.0000000000,0.0049991072,0.0053099892,0.0077989101,0.0096212225,0.0188069809,0.0098315207,0.0091494936,0.0046405108,0.0064901309,0.0063002962,0.0092091821,0.0096834060,0.0001488236,0.0005671679,0.0776621252,0.0777860135,0.0005576711,0.0000000000,0.0000000000,0.0007698174,0.0111976629,0.0136432806,0.0070292093,0.0116054118,0.0000000000,0.0528943129,-0.0113373324,0.0338859521,-0.0012848265,-0.1043039262,0.0025539394,-0.0013996251,-0.1042830274,-0.0041393624
03:23:32:05.073,61,0.0000000000,0.0000000000,0.0279532764,0.0000000000,0.0000000000,0.0496718772,0.1285631508,0.0000000000,0.0000000000,0.0000000000,0.0000000000,0.0000000000,0.0496504270,0.1282879710,0.0082570361,0.0000000000,0.0001612750,0.0067898761,0.0079726344,0.0018651098,0.0000000000,0.0000000000,0.0223218184,0.0318256244,0.0991552994,0.0000000000,0.0000000000,0.0053948727,0.0057971338,0.0081771314,0.0101393964,0.0200324003,0.0106957620,0.0097818226,0.0048937062,0.0069143558,0.0067862277,0.0098049119,0.0103180679,0.0001698494,0.0006392462,0.0804413557,0.0806659460,0.0006365998,0.0000000000,0.0000000000,0.0009848876,0.0114717102,0.0141833080,0.0073024877,0.0121813808,0.0000000000,0.0534030348,-0.0117526874,0.0339986235,0.0164372176,-0.0973915830,0.0031539649,0.0163161717,-0.0973704085,-0.0031017684
03:23:32:06.073,61,0.0000000000,0.0000000000,0.0534875467,0.0000000000,0.0000000000,0.0498609878,0.1171757877,0.0000000000,0.0000000000,0.0000000000,0.0104184998,0.0000000000,0.0498403646,0.1168162674,0.0087229516,0.0000000000,0.0000000000,0.0070414306,0.0081979102,0.0019058016,0.0000000000,0.0000000000,0.0265060384,0.0401105136,0.1142567471,0.0000000000,0.0000000000,0.0057945871,0.0063111796,0.0084113926,0.0105027976,0.0215279292,0.0114998110,0.0105068004,0.0052189832,0.0073908819,0.0073479372,0.0104267858,0.0109638143,0.0001943777,0.0007247206,0.0872771740,0.0876234248,0.0007109665,0.0000000000,0.0000000000,0.0011959455,0.0117407693,0.0147517314,0.0076708882,0.0128906844,0.0000000000,0.0537498780,-0.0121849030,0.0342607982,0.0310807638,-0.0926944539,0.0038285598,0.0308828168,-0.0926730484,-0.0021343564
03:23:32:07.072,61,0.0000000000,0.0000000000,0.0627405196,0.0000000000,0.0000000000,0.0499338470,0.1077256873,0.0000000000,0.0000000000,0.0000000000,0.0190366004,0.0000000000,0.0499141105,0.1073092520,0.0091938572,0.0000000000,0.0000000000,0.0072547309,0.0083954884,0.0019355754,0.0000000000,0.0000000000,0.0312398858,0.0477581881,0.1281828880,0.0000000000,0.0000000000,0.0062181889,0.0068749557,0.0086229378,0.0108637474,0.0232624691,0.0122822328,0.0112616010,0.0055748764,0.0078810453,0.0079278294,0.0111055598,0.0116718141,0.0002264325,0.0008292270,0.0939183906,0.0943358019,0.0008043544,0.0000000000,0.0000000000,0.0013798914,0.0120215332,0.0153715583,0.0080918437,0.0140323490,0.0000000000,0.0540776253,-0.0128678605,0.0349570550,0.0363366194,-0.0886218771,0.0041320915,0.0361503176,-0.0886003226,-0.0015725815
03:23:32:08.073,61,0.0000000000,0.0000000000,0.0698814988,0.0000000000,0.0000000000,0.0500721782,0.1011217758,0.0000000000,0.0000000000,0.0000000000,0.0257602874,0.0000000000,0.0500533432,0.1006558314,0.0097837755,0.0000000000,0.0000000000,0.0075830342,0.0087154526,0.0020200715,0.0000000000,0.0000000000,0.0384424105,0.0531364009,0.1415212601,0.0000000000,0.0000000000,0.0067473412,0.0076610525,0.0089651663,0.0114310384,0.0274348408,0.0139081003,0.0133081209,0.0060388180,0.0084985327,0.0086791543,0.0126550300,0.0134914471,0.0002769671,0.0009734785,0.0995123833,0.0999800041,0.0009596674,0.0000000000,0.0000000000,0.0016113484,0.0123865232,0.0165585987,0.0086502796,0.0168894399,0.0000000000,0.0543703400,-0.0136402771,0.0355530679,0.0404361039,-0.0861862004,0.0043869657,0.0402162485,-0.0861645341,-0.0011656932
03:23:32:09.072,61,0.0000000000,0.0000000000,0.0742093772,0.0000000000,0.0000000000,0.0503666140,0.0977631658,0.0000000000,0.0000000000,0.0000000000,0.0298836641,0.0000000000,0.0503486320,0.0972608179,0.0104308212,0.0000000000,0.0000000000,0.0079674637,0.0091077238,0.0021632074,0.0000000000,0.0000000000,0.0463440120,0.0569714867,0.1537248641,0.0000000000,0.0000000000,0.0073490832,0.0089425938,0.0094337156,0.0126042683,0.0317294858,0.0155570069,0.0163439531,0.0066170529,0.0092117675,0.0098203989,0.0148838758,0.0161508769,0.0003484044,0.0011638281,0.1055997685,0.1061372384,0.0011694827,0.0000000000,0.0000000000,0.0018989120,0.0128244534,0.0186366085,0.0093356110,0.0208801161,0.0000000000,0.0550846905,-0.0143887997,0.0360389389,0.0429499038,-0.0850114524,0.0045473287,0.0426810943,-0.0849897042,-0.0009340565
03:23:32:10.071,61,0.0000000000,0.0000000000,0.0783502981,0.0000000000,0.0000000000,0.0507324785,0.0960477144,0.0000000000,0.0000000000,0.0000000000,0.0337596908,0.0000000000,0.0507153720,0.0955263227,0.0112287169,0.0000000000,0.0000000000,0.0084297592,0.0095975837,0.0023592676,0.0000000000,0.0000000000,0.0522733778,0.0613224879,0.1646448225,0.0000000000,0.0000000000,0.0080362782,0.0107855834,0.0100487061,0.0149223078,0.0366198421,0.0175280832,0.0192116760,0.0072559994,0.0102282846,0.0112635279,0.0180860106,0.0197414942,0.0004388017,0.0013906276,0.1130352840,0.1136032566,0.0014430174,0.0000000000,0.0000000000,0.0022171938,0.0133229606,0.0210597180,0.0104429293,0.0253025629,0.0000000000,0.0563085452,-0.0150290355,0.0362469740,0.0453115404,-0.0830327123,0.0047214539,0.0450349115,-0.0830108970,-0.0006354186
03:23:32:11.072,61,0.0000000000,0.0000000000,0.0800951794,0.0000000000,0.0000000000,0.0511558987,0.0950658694,0.0000000000,0.0000000000,0.0000000000,0.0353431217,0.0000000000,0.0511395782,0.0945325792,0.0121687455,0.0000000000,0.0000000000,0.0090100644,0.0102330903,0.0026281413,0.0000000000,0.0000000000,0.0574683286,0.0645879284,0.1725228429,0.0000000000,0.0000000000,0.0088508548,0.0128342239,0.0111505650,0.0184000526,0.0408475548,0.0194581635,0.0222524330,0.0079465574,0.0113752335,0.0127381701,0.0215465259,0.0236049052,0.0005492395,0.0016566552,0.1213495135,0.1219112054,0.0017781210,0.0000000000,0.0000000000,0.0025781696,0.0138640534,0.0234644022,0.0121118166,0.0298322253,0.0000000000,0.0579241924,-0.0155217573,0.0361449942,0.0462745652,-0.0810085088,0.0048214765,0.0460204743,-0.0809866190,-0.0004058746
03:23:32:12.071,61,0.0000000000,0.0000000000,0.0820298493,0.0000000000,0.0000000000,0.0517730601,0.0947202817,0.0000000000,0.0000000000,0.0000000000,0.0371881239,0.0000000000,0.0517572910,0.0941767842,0.0136869308,0.0000000000,0.0000000000,0.0098395143,0.0114197861,0.0029898277,0.0000000000,0.0000000000,0.0706022605,0.0672093630,0.1795503795,0.0000000000,0.0000000000,0.0101853153,0.0155637916,0.0131883677,0.0232302882,0.0466353521,0.0220285822,0.0258966070,0.0087651843,0.0129841333,0.0145582203,0.0260461029,0.0284118019,0.0006800380,0.0019632361,0.1309961677,0.1315635592,0.0021815817,0.0000000000,0.0000000000,0.0030040699,0.0144663919,0.0263262428,0.0143483728,0.0346344858,0.0000000000,0.0593978539,-0.0157507658,0.0361169502,0.0473994650,-0.0809400976,0.0048910202,0.0471240096,-0.0809182003,-0.0003335597
03:23:32:13.071,61,0.0000000000,0.0000000000,0.0828532502,0.0000000000,0.0000000000,0.0528252311,0.0946093202,0.0000000000,0.0000000000,0.0000000000,0.0380180478,0.0000000000,0.0528091639,0.0940497294,0.0157790557,0.0000000000,0.0000000000,0.0114395972,0.0134110609,0.0034782963,0.0000000000,0.0000000000,0.1151182577,0.0686866567,0.1849588603,0.0000000000,0.0000000000,0.0121097611,0.0191420186,0.0162510443,0.0298353527,0.0548697561,0.0251277611,0.0314813107,0.0103669697,0.0153567120,0.0169684142,0.0315585211,0.0340202525,0.0008399846,0.0023306159,0.1429360509,0.1436112523,0.0026476723,0.0000000000,0.0000000000,0.0035262620,0.0151366638,0.0302298609,0.0176789965,0.0407354161,0.0000000000,0.0608985126,-0.0160272494,0.0362031274,0.0479039624,-0.0798478425,0.0049469555,0.0475881211,-0.0798258483,-0.0002109348
03:23:32:14.072,61,0.0000000000,0.0000000000,0.0821632966,0.0000000000,0.0000000000,0.0541499294,0.0946422145,0.0000000000,0.0000000000,0.0000000000,0.0373702794,0.0000000000,0.0541308559,0.0940583721,0.0175493080,0.0000000000,0.0000000000,0.0133220199,0.0156356506,0.0040536593,0.0000000000,0.0000000000,0.1387001425,0.0695852265,0.1874838620,0.0000000000,0.0000000000,0.0139189726,0.0222169794,0.0190742426,0.0353205912,0.0612143017,0.0276675615,0.0366354510,0.0122220246,0.0175385214,0.0190310571,0.0357331969,0.0381621644,0.0010140045,0.0027246193,0.1510893703,0.1518353522,0.0031648059,0.0000000000,0.0000000000,0.0040997439,0.0158342719,0.0337138921,0.0204694830,0.0450079925,0.0000000039,0.0623023286,-0.0159397274,0.0366585292,0.0475094840,-0.0801823586,0.0049150046,0.0471962281,-0.0801603869,-0.0002638362
03:23:32:15.071,61,0.0000000000,0.0000000000,0.0821622759,0.0000000000,0.0000000000,0.0562034659,0.0950167701,0.0000000000,0.0000000000,0.0000000000,0.0373709649,0.0000000000,0.0561795868,0.0944009945,0.0201017056,0.0000000000,0.0000000000,0.0156285074,0.0182647873,0.0047329422,0.0000000000,0.0000000000,0.1523289979,0.0704263598,0.1909798831,0.0000000000,0.0000000000,0.0162167381,0.0260525029,0.0223671850,0.0413640700,0.0704853088,0.0307504945,0.0418155305,0.0143581154,0.0201025028,0.0214037057,0.0408613235,0.0435837172,0.0012144037,0.0031695142,0.1625561267,0.1633683294,0.0037375027,0.0000000000,0.0000000000,0.0047603846,0.0166567620,0.0374121182,0.0237157345,0.0502233133,0.0000000087,0.0635497496,-0.0158144087,0.0373429321,0.0475101247,-0.0803420618,0.0049113920,0.0471964739,-0.0803201050,-0.0002775989
03:23:32:16.071,61,0.0000000000,0.0000000000,0.0825540125,0.0000000000,0.0000000000,0.0586250015,0.0954262614,0.0000000000,0.0000000000,0.0000000000,0.0377276726,0.0000000000,0.0585980602,0.0947718173,0.0233898982,0.0000000000,0.0000000000,0.0180503502,0.0209268238,0.0055423086,0.0000000000,0.0000000000,0.1585870534,0.0724596828,0.1986822188,0.0000000000,0.0000000000,0.0189029649,0.0303230435,0.0257646590,0.0466869771,0.0808625445,0.0341342688,0.0465051532,0.0165768899,0.0227397885,0.0239874572,0.0465319678,0.0497265011,0.0014408708,0.0036635448,0.1722741574,0.1731062680,0.0043746503,0.0000000000,0.0000000000,0.0054678568,0.0178914145,0.0414548218,0.0269051399,0.0557413176,0.0000000133,0.0649525374,-0.0158719495,0.0379859656,0.0477266572,-0.0796624124,0.0049403142,0.0474164002,-0.0796404257,-0.0002054302
03:23:32:17.071,61,0.0000000000,0.0000000000,0.0835166126,0.0000000000,0.0000000000,0.0614460781,0.0960931852,0.0000000000,0.0000000000,0.0000000000,0.0386350825,0.0000000000,0.0614162982,0.0953915343,0.0267307553,0.0000000000,0.0000000000,0.0202810671,0.0233672000,0.0066300537,0.0000000000,0.0000000000,0.1631994247,0.0748241395,0.2062592357,0.0000000000,0.0000000000,0.0215249658,0.0345235877,0.0290541127,0.0518995561,0.0906221643,0.0372419022,0.0512838028,0.0189288184,0.0254366789,0.0266637634,0.0519827679,0.0557717346,0.0016926759,0.0042061699,0.1843374223,0.1851967722,0.0050554215,0.0000000000,0.0000000000,0.0063892356,0.0193103105,0.0454588309,0.0303064827,0.0615450889,0.0000000188,0.0658984482,-0.0160770863,0.0386854373,0.0482785814,-0.0787588507,0.0049957801,0.0479607619,-0.0787368119,-0.0000932831
03:23:32:18.070,61,0.0000000000,0.0000000000,0.0841597989,0.0000000000,0.0000000000,0.0651121065,0.0970008746,0.0000000000,0.0000000000,0.0000000000,0.0392666310,0.0000000000,0.0650775805,0.0961528942,0.0302433968,0.0000000000,0.0000000000,0.0226134155,0.0259293504,0.0082096290,0.0000000000,0.0000000000,0.1811230779,0.0768205449,0.2153705359,0.0000000000,0.0000000000,0.0242705513,0.0392966680,0.0327039622,0.0582665615,0.1014945507,0.0397978313,0.0586220138,0.0224456023,0.0286033992,0.0297800917,0.0574496463,0.0622262098,0.0019800246,0.0048316619,0.1910662353,0.1920200586,0.0057750400,0.0000000000,0.0000000000,0.0076787453,0.0210981462,0.0507591106,0.0342759974,0.0687856823,0.0000000266,0.0667310506,-0.0166752562,0.0389599577,0.0486627929,-0.0782131553,0.0050329817,0.0483247302,-0.0781910717,-0.0000228556
03:23:32:19.070,61,0.0000000000,0.0000000000,0.0852012336,0.0000000000,0.0000000000,0.0689712018,0.0981930569,0.0000000000,0.0000000000,0.0000000000,0.0402645059,0.0000000000,0.0689352602,0.0971650779,0.0348611735,0.0000000000,0.0000000000,0.0245248992,0.0278324597,0.0096945576,0.0034912720,0.0000000000,0.1861297935,0.0819042400,0.2290702909,0.0000000000,0.0000000000,0.0274191555,0.0446775071,0.0357261412,0.0628079027,0.1134865806,0.0425155126,0.0651685968,0.0261285454,0.0321565233,0.0334185064,0.0626849607,0.0686572194,0.0023006035,0.0055244914,0.1997187287,0.2006995380,0.0065155486,0.0000000000,0.0000000000,0.0095072361,0.0230836216,0.0551796407,0.0378703773,0.0752504170,0.0000000355,0.0676824674,-0.0172186568,0.0391814299,0.0492700338,-0.0775008276,0.0050889370,0.0489149131,-0.0774786994,0.0000770073
03:23:32:20.070,61,0.0000000000,0.0000000000,0.0859648585,0.0000000000,0.0000000000,0.0731247589,0.0990759507,0.0000000000,0.0000000000,0.0000000000,0.0410062857,0.0000000000,0.0730873793,0.0979316086,0.0396647975,0.0000000000,0.0000000000,0.0271313451,0.0305165090,0.0118575674,0.0089776134,0.0000000000,0.1933774799,0.0844645202,0.2372636795,0.0000000000,0.0000000000,0.0306661073,0.0505616404,0.0394203775,0.0692923144,0.1277654022,0.0454333201,0.0726700127,0.0300138108,0.0358449221,0.0371003412,0.0691343769,0.0764778256,0.0026599714,0.0064863791,0.2104780376,0.2116463184,0.0075509618,0.0000000000,0.0000000000,0.0116893072,0.0253469199,0.0612766854,0.0417830497,0.0825077221,0.0000000418,0.0687594339,-0.0180604085,0.0392742008,0.0497205555,-0.0764562115,0.0051439675,0.0493446104,-0.0764340460,0.0001967750
03:23:32:21.069,61,0.0000000000,0.0000000000,0.0868278593,0.0000000000,0.0000000000,0.0764054358,0.0996883139,0.0000000000,0.0000000000,0.0000000000,0.0418448932,0.0000000000,0.0763659254,0.0984467342,0.0424941406,0.0000000000,0.0000000000,0.0285304636,0.0319378302,0.0133911213,0.0118903229,0.0000000000,0.1984207630,0.0880417675,0.2449047118,0.0000000000,0.0000000000,0.0330190770,0.0545870513,0.0415446386,0.0727004632,0.1335216612,0.0471762642,0.0767427906,0.0325411931,0.0382208489,0.0394292884,0.0727199391,0.0806180164,0.0030206442,0.0073502883,0.2207996398,0.2219960690,0.0084840544,0.0000000000,0.0000000000,0.0133245904,0.0269654635,0.0648510456,0.0444043241,0.0867641270,0.0000000487,0.0698999614,-0.0186667368,0.0394369699,0.0502297916,-0.0752816722,0.0052071521,0.0498300977,-0.0752594396,0.0003326796
03:23:32:22.070,61,0.0000000000,0.0000000000,0.0878171623,0.0000000000,0.0000000000,0.0795586556,0.1000412628,0.0000000000,0.0000000000,0.0000000000,0.0427774191,0.0000000000,0.0795109347,0.0987025648,0.0452936403,0.0000000000,0.0000000000,0.0301141180,0.0336185955,0.0151461829,0.0152147636,0.0000000000,0.2297313809,0.0914074779,0.2520144582,0.0000000000,0.0000000000,0.0352401286,0.0590012223,0.0439293459,0.0776082128,0.1403184384,0.0489805788,0.0813414529,0.0350180529,0.0403656363,0.0414165482,0.0772388652,0.0854952037,0.0034023377,0.0084190303,0.2309576571,0.2321922779,0.0094290450,0.0000000000,0.0000000000,0.0148610668,0.0286361594,0.0694992915,0.0477000810,0.0921554491,0.0000000467,0.0710679293,-0.0191986039,0.0397236682,0.0507956669,-0.0738293454,0.0052826316,0.0503857769,-0.0738070458,0.0004993184
03:23:32:23.069,61,0.0000000000,0.0000000000,0.0887297913,0.0000000000,0.0000000000,0.0826399773,0.1002651677,0.0000000000,0.0000000000,0.0000000000,0.0436333679,0.0000000000,0.0825786740,0.0988190472,0.0476202220,0.0000000000,0.0000000000,0.0317832902,0.0352203064,0.0171851460,0.0214614496,0.0000000000,0.2515303791,0.0950237960,0.2585589588,0.0000000000,0.0000000000,0.0377485715,0.0641697943,0.0461537130,0.0827324465,0.1479222924,0.0504463762,0.0896130651,0.0387948528,0.0431588516,0.0438676514,0.0807618648,0.0894850492,0.0038009514,0.0096049681,0.2351021469,0.2363684028,0.0103290658,0.0000000000,0.0000000000,0.0168741047,0.0306034852,0.0754255876,0.0504777394,0.0963500887,0.0000000534,0.0722409263,-0.0195009336,0.0401811861,0.0513150766,-0.0725833476,0.0053510466,0.0508986749,-0.0725609809,0.0006460696
03:23:32:24.069,61,0.0000000000,0.0000000000,0.0904930830,0.0000000000,0.0000000000,0.0853178874,0.1001628712,0.0000000000,0.0000000000,0.0000000000,0.0452920981,0.0000000000,0.0852461308,0.0986151099,0.0501092412,0.0000000000,0.0000000000,0.0333783999,0.0362751484,0.0189736132,0.0259880070,0.0000000000,0.2595165968,0.1077627540,0.2751540840,0.0000000000,0.0000000000,0.0420912206,0.0729118139,0.0482811406,0.0869090408,0.1580275297,0.0517106913,0.0988383070,0.0437758416,0.0470454134,0.0475290492,0.0839918032,0.0932615697,0.0042411215,0.0111596184,0.2438036650,0.2449855506,0.0112379277,0.0000000000,0.0000000000,0.0203632396,0.0331829749,0.0813435540,0.0535009988,0.1017137170,0.0000000539,0.0735211074,-0.0193833485,0.0410501361,0.0523214526,-0.0702575892,0.0054848650,0.0518895574,-0.0702351332,0.0009258362
03:23:32:25.069,61,0.0000000000,0.0000000000,0.0915793255,0.0000000000,0.0000000000,0.0879505724,0.0999454111,0.0000000000,0.0000000000,0.0000000000,0.0463302769,0.0000000000,0.0878751054,0.0983086228,0.0514647700,0.0000000000,0.0000000000,0.0344107039,0.0370389372,0.0201033466,0.0281673390,0.0000000000,0.2600200474,0.1187022552,0.2895973623,0.0000000000,0.0000000000,0.0454072766,0.0781415105,0.0498489812,0.0891534612,0.1628697813,0.0525380075,0.1046060324,0.0477504209,0.0497585796,0.0502066500,0.0856244043,0.0951147228,0.0046962923,0.0126508093,0.2534526289,0.2545200884,0.0120636960,0.0000000000,0.0000000000,0.0232852045,0.0358384922,0.0862447172,0.0556443930,0.1060137302,0.0000000580,0.0751899332,-0.0188445300,0.0422793888,0.0529516712,-0.0690911412,0.0055628428,0.0525013097,-0.0690685958,0.0010761861
03:23:32:26.069,61,0.0000000000,0.0000000000,0.0862232447,0.0000000000,0.0000000000,0.0890784040,0.0970934033,0.0000000000,0.0000000000,0.0000000000,0.0412444361,0.0000000000,0.0889998972,0.0949644297,0.0526115783,0.0000000000,0.0000000000,0.0352554917,0.0376824401,0.0210035071,0.0296868328,0.0000000000,0.2611905336,0.1287229657,0.3017242253,0.0000000000,0.0000000000,0.0474900305,0.0815866292,0.0509004667,0.0905979425,0.1666768044,0.0532401949,0.1092330664,0.0511664487,0.0514705367,0.0518353358,0.0867201835,0.0964028463,0.0051586488,0.0141110178,0.2555064559,0.2565350235,0.0127629582,0.0000000000,0.0000000000,0.0247467477,0.0382526182,0.0910463333,0.0569451451,0.1086093038,0.0000000672,0.0771947652,-0.0186109841,0.0438737124,0.0498379916,-0.0612588450,0.0055352487,0.0493950583,-0.0612359568,0.0015466395
03:23:32:27.069,61,0.0000000000,0.0000000000,0.0518691055,0.0000000000,0.0000000000,0.0895422846,0.0909307972,0.0000000000,0.0000000000,0.0000000000,0.0088976016,0.0000000000,0.0894613564,0.0881413594,0.0537202284,0.0000000000,0.0000000000,0.0358987600,0.0380520634,0.0217015464,0.0316672102,0.0000000000,0.2617017627,0.1415259391,0.3169126213,0.0000000000,0.0000000000,0.0510031693,0.0881589279,0.0516491458,0.0915540084,0.1710281521,0.0538945943,0.1165446788,0.0563951880,0.0540873595,0.0542087518,0.0872568488,0.0972174108,0.0056222971,0.0154862097,0.2365731746,0.2374805510,0.0133010810,0.0000000000,0.0000000000,0.0260360222,0.0404466949,0.0952369943,0.0578098297,0.1101254672,0.0000000535,0.0789735913,-0.0180917457,0.0457520448,0.0301377699,-0.0524672717,0.0040014503,0.0297689401,-0.0524439439,0.0005836533
03:23:32:28.069,61,0.0000000000,0.0000000000,0.0379631147,0.0000000000,0.0000000000,0.0895919725,0.0871260241,0.0000000000,0.0000000000,0.0000000000,0.0000000000,0.0000000000,0.0895097107,0.0839404389,0.0545440875,0.0000000000,0.0000000000,0.0363701954,0.0382472426,0.0222579818,0.0330077931,0.0000000000,0.2623886466,0.1496816278,0.3305261135,0.0000000000,0.0000000000,0.0533055216,0.0925038308,0.0522093587,0.0922611356,0.1741405576,0.0543649048,0.1220235229,0.0608219057,0.0559346825,0.0559123084,0.0875133574,0.0977949202,0.0060916808,0.0170431994,0.2292453200,0.2301877886,0.0137430485,0.0000000000,0.0000000000,0.0272642598,0.0422322415,0.0997096375,0.0585741624,0.1123676449,0.0000000689,0.0809885263,-0.0167366639,0.0471035317,0.0222174861,-0.0479495302,0.0032838953,0.0218261853,-0.0479259491,0.0001536519
03:23:32:29.069,61,0.0000000000,0.0000000000,0.0421068333,0.0000000000,0.0000000000,0.0895565972,0.0852314755,0.0000000000,0.0000000000,0.0000000000,0.0000000000,0.0000000000,0.0894719809,0.0818462893,0.0550687052,0.0000000000,0.0000000000,0.0366719253,0.0382666588,0.0227387603,0.0342156999,0.0000000000,0.2880993783,0.1539435685,0.3384779990,0.0000000000,0.0000000000,0.0546415076,0.0949436724,0.0525488183,0.0928063020,0.1759039611,0.0545842089,0.1266486198,0.0645812824,0.0571366586,0.0570305809,0.0875237137,0.0981195793,0.0065456093,0.0184096508,0.2261042148,0.2270624489,0.0141132120,0.0000000000,0.0000000000,0.0285941344,0.0434375480,0.1038527191,0.0593334623,0.1151962578,0.0000000709,0.0830858797,-0.0154209584,0.0482021794,0.0245959908,-0.0463967547,0.0035065874,0.0241753347,-0.0463730916,0.0004719528
03:23:32:30.069,61,0.0000000000,0.0000000000,0.0419501625,0.0000000000,0.0000000000,0.0895760208,0.0840459839,0.0000000000,0.0000000000,0.0000000000,0.0000000000,0.0000000000,0.0894897059,0.0805259794,0.0554025099,0.0000000000,0.0000000000,0.0368294641,0.0381035395,0.0231092907,0.0352314636,0.0000000000,0.2949742079,0.1607330739,0.3508966267,0.0000000000,0.0000000000,0.0559928380,0.0980241597,0.0528133921,0.0932778120,0.1772226393,0.0545691289,0.1341109276,0.0700969920,0.0587770455,0.0585215800,0.0873148367,0.0982515439,0.0070154946,0.0200084113,0.2246583104,0.2256385535,0.0144476891,0.0000000000,0.0000000000,0.0305801481,0.0451324619,0.1091598943,0.0604284331,0.1197986156,0.0000000584,0.0853255019,-0.0138998404,0.0491295122,0.0245807003,-0.0456110090,0.0035050169,0.0240814574,-0.0455872864,0.0005129082
03:23:32:31.068,61,0.0000000000,0.0000000000,0.0419531092,0.0000000000,0.0000000000,0.0897165909,0.0834918693,0.0000000000,0.0000000000,0.0000000000,0.0000000000,0.0000000000,0.0896272212,0.0798304826,0.0555425808,0.0000000000,0.0000000000,0.0368240625,0.0378094129,0.0234125294,0.0368592702,0.0000000000,0.3146915734,0.1637375951,0.3601930737,0.0000000000,0.0000000000,0.0569083989,0.1000893861,0.0529942885,0.0937952548,0.1782432050,0.0543412901,0.1398032010,0.0749454871,0.0599065945,0.0595090166,0.0868904144,0.0982585847,0.0074649453,0.0215423442,0.2238104194,0.2248359770,0.0147101404,0.0000000000,0.0000000000,0.0322868600,0.0465610474,0.1154659390,0.0614698380,0.1238801703,0.0000000571,0.0880511776,-0.0126856491,0.0495812334,0.0246255342,-0.0445309579,0.0035092167,0.0240765847,-0.0445071459,0.0005810079
03:23:32:32.068,61,0.0000000000,0.0000000000,0.0436629094,0.0000000000,0.0000000000,0.0901173279,0.0834570602,0.0000000000,0.0000000000,0.0000000000,0.0015501763,0.0000000000,0.0900242105,0.0796547160,0.0555367023,0.0000000000,0.0000000000,0.0367033631,0.0373944379,0.0236552898,0.0385961793,0.0000000000,0.3257244527,0.1678922027,0.3723126948,0.0000000000,0.0000000000,0.0577116571,0.1024361849,0.0531276017,0.0943361893,0.1793692261,0.0538963974,0.1474132538,0.0811796114,0.0611376688,0.0605418049,0.0862937421,0.0981408358,0.0079248762,0.0233646091,0.2237846106,0.2248659730,0.0149149941,0.0000000000,0.0000000000,0.0345535576,0.0484990217,0.1231207699,0.0631826222,0.1291603446,0.0000000374,0.0909681320,-0.0123306662,0.0504220575,0.0256664976,-0.0443272218,0.0036105516,0.0250481330,-0.0443033576,0.0006883065
03:23:32:33.068,61,0.0000000000,0.0000000000,0.0402940437,0.0000000000,0.0000000000,0.0907182693,0.0836991668,0.0000000000,0.0000000000,0.0000000000,0.0000000000,0.0000000000,0.0906185061,0.0796955898,0.0551852062,0.0000000000,0.0000000000,0.0364037044,0.0368466601,0.0238740444,0.0420542359,0.0000000000,0.3841892779,0.1696396768,0.3800362349,0.0000000000,0.0000000000,0.0582955852,0.1039259955,0.0531060025,0.0949339867,0.1801777035,0.0527141206,0.1571350098,0.0888713002,0.0621999763,0.0613786764,0.0846181363,0.0978467315,0.0083931070,0.0257176068,0.2244240940,0.2259028852,0.0151123907,0.0000000000,0.0000000000,0.0366392471,0.0501471646,0.1329203099,0.0657370239,0.1357684582,0.0000000299,0.0934153497,-0.0124788433,0.0511653088,0.0238178931,-0.0430715755,0.0034294105,0.0231238119,-0.0430475920,0.0005799332
03:23:32:34.068,61,0.0000000000,0.0000000000,0.0401473641,0.0000000000,0.0000000000,0.0916998312,0.0850157589,0.0000000000,0.0000000000,0.0000000000,0.0000000000,0.0000000000,0.0915862396,0.0804280043,0.0546337925,0.0000000000,0.0000000000,0.0359740667,0.0362106003,0.0240477566,0.0438953340,0.0000000000,0.3992252052,0.1717854887,0.3918191195,0.0000000000,0.0000000000,0.0588001721,0.1051634997,0.0531142093,0.0956323147,0.1807286292,0.0505960248,0.1636729836,0.0945653170,0.0630856454,0.0621616505,0.0831335634,0.0975493193,0.0088729803,0.0281710364,0.2286704034,0.2309803069,0.0153390765,0.0000000000,0.0000000000,0.0384616889,0.0521098524,0.1410578340,0.0686671436,0.1427976638,0.0000000602,0.0962825343,-0.0129413977,0.0522571318,0.0237891637,-0.0425341055,0.0034260694,0.0230370946,-0.0425100625,0.0006049736
03:23:32:35.068,61,0.0000000000,0.0000000000,0.0373016708,0.0000000000,0.0000000000,0.0934418663,0.0859391242,0.0000000000,0.0000000000,0.0000000000,0.0000000000,0.0000000000,0.0933137462,0.0810707435,0.0540616289,0.0000000000,0.0000000000,0.0354577191,0.0354179218,0.0241606273,0.0452156588,0.0000000000,0.3939437270,0.1762236357,0.4009364247,0.0000000000,0.0000000000,0.0593815222,0.1076485962,0.0530860238,0.0962398201,0.1811998785,0.0487726815,0.1702356786,0.1001994684,0.0645051450,0.0633176640,0.0814794451,0.0971786231,0.0093528414,0.0301281344,0.2326452434,0.2353307605,0.0155732315,0.0000000000,0.0000000000,0.0408972949,0.0541411564,0.1461075991,0.0705819502,0.1468209922,0.0000000942,0.0985320061,-0.0136157796,0.0531600676,0.0221570991,-0.0433197916,0.0032662428,0.0214229934,-0.0432957858,0.0003974689
03:23:32:36.068,61,0.0000000000,0.0000000000,0.0365966521,0.0000000000,0.0000000000,0.0959542990,0.0867166743,0.0000000000,0.0000000000,0.0000000000,0.0000000000,0.0000000000,0.0957983658,0.0815652013,0.0530419536,0.0000000000,0.0000000000,0.0348285586,0.0344039090,0.0242586602,0.0466470346,0.0000000000,0.3964659274,0.1783695370,0.4090444744,0.0000000000,0.0000000000,0.0598427542,0.1092010587,0.0529777966,0.0969172195,0.1814622432,0.0462515876,0.1784792393,0.1067435518,0.0654551163,0.0641609430,0.0793335140,0.0967322811,0.0098343799,0.0322604515,0.2367983460,0.2400263548,0.0158362743,0.0000000000,0.0000000000,0.0422047824,0.0560604855,0.1530375630,0.0727088228,0.1511142105,0.0000001235,0.1001911610,-0.0149719119,0.0537680238,0.0217436627,-0.0439692065,0.0032275214,0.0210257173,-0.0439452156,0.0003192322
03:23:32:37.067,61,0.0000000000,0.0000000000,0.0291733947,0.0000000000,0.0000000000,0.0995534137,0.0873378366,0.0000000000,0.0000000000,0.0000000000,0.0000000000,0.0000000000,0.0993453115,0.0818495303,0.0517614670,0.0000000000,0.0000000000,0.0340780281,0.0328880548,0.0243496336,0.0505224951,0.0000000000,0.4246024787,0.1794667691,0.4135762155,0.0000000000,0.0000000000,0.0602868311,0.1115000173,0.0527435057,0.0976169407,0.1818172932,0.0440687910,0.1924057901,0.1170491278,0.0674199164,0.0657572970,0.0761017799,0.0960898548,0.0103099886,0.0343992263,0.2387114167,0.2423043102,0.0160736497,0.0000000000,0.0000000000,0.0440454707,0.0577438809,0.1608198434,0.0744428560,0.1542758644,0.0000001524,0.1022112593,-0.0166602805,0.0545293801,0.0176124591,-0.0453701839,0.0028338493,0.0168099999,-0.0453462228,-0.0001705652
03:23:32:38.067,61,0.0000000000,0.0000000000,0.0000000000,0.0000000000,0.0000000000,0.1051954180,0.0875764787,0.0000000000,0.0000000000,0.0000000000,0.0000000000,0.0000000000,0.1049253345,0.0817145333,0.0507888161,0.0000000000,0.0000000000,0.0330344364,0.0311154500,0.0243699178,0.0530679226,0.0000000000,0.4332562685,0.1804714799,0.4237502515,0.0000000000,0.0000000000,0.0607442781,0.1144003794,0.0524457172,0.0982906222,0.1822015941,0.0421056747,0.2016933560,0.1255954802,0.0693907216,0.0674619004,0.0731952190,0.0953903571,0.0107823191,0.0366816632,0.2400033921,0.2438004762,0.0162847470,0.0000000000,0.0000000000,0.0453795716,0.0597003028,0.1695248932,0.0759408548,0.1575779915,0.0000001720,0.1038477570,-0.0184006095,0.0549427979,0.0008794852,-0.0498756543,0.0013308174,-0.0000375323,-0.0498518050,-0.0019670469
03:23:32:39.067,61,0.0000000000,0.0000000000,0.0000000000,0.0000000000,0.0000000000,0.1102939695,0.0882108733,0.0000000000,0.0000000000,0.0120024048,0.0000000000,0.0000000000,0.1100060046,0.0819735676,0.0500485301,0.0000000000,0.0000000000,0.0320958905,0.0294393729,0.0242874157,0.0545169264,0.0000000000,0.4360867739,0.1916611493,0.4444891512,0.0000000000,0.0000000000,0.0613230690,0.1186754704,0.0521529540,0.0989265367,0.1829843521,0.0404944383,0.2093201429,0.1332778782,0.0716823786,0.0700183809,0.0710092559,0.0947322026,0.0112624019,0.0390803628,0.2414254099,0.2455593646,0.0164642669,0.0000000000,0.0000000000,0.0471380912,0.0620218702,0.1757862866,0.0772329941,0.1612526476,0.0000001912,0.1053241491,-0.0200381353,0.0555557683,-0.0071527064,-0.0517164320,0.0006531591,-0.0081424862,-0.0516925976,-0.0027670211
03:23:32:40.067,61,0.0000000000,0.0000000000,0.0000000000,0.0000000000,0.0000000000,0.1134738624,0.0891590193,0.0000000000,0.0000000000,0.0198963601,0.0000000000,0.0000000000,0.1131849736,0.0824295431,0.0494007505,0.0000000000,0.0000000000,0.0311450902,0.0280271862,0.0241388492,0.0555009209,0.0000000000,0.4331369102,0.2012187541,0.4565304816,0.0000000000,0.0000000000,0.0619238578,0.1216466278,0.0518389419,0.0994652659,0.1837298125,0.0390290804,0.2144385278,0.1385082155,0.0731868967,0.0718836933,0.0694059432,0.0941098332,0.0117430193,0.0412639603,0.2428147197,0.2472880781,0.0166284218,0.0000000000,0.0000000000,0.0483898856,0.0640474409,0.1801694632,0.0785134658,0.1650828570,0.0000002254,0.1066066921,-0.0214807689,0.0559684858,-0.0117578097,-0.0513028055,0.0002241388,-0.0127474330,-0.0512789488,-0.0031698081
03:23:32:41.067,61,0.0000000000,0.0000000000,0.0000000000,0.0000000000,0.0000000000,0.1158958077,0.0896823779,0.0000000000,0.0000000000,0.0243076663,0.0000000000,0.0000000000,0.1156056002,0.0825338662,0.0488114618,0.0000000000,0.0037045556,0.0302098282,0.0267857164,0.0239595678,0.0563171469,0.0000000000,0.4324755967,0.2082033455,0.4658280015,0.0000000000,0.0000000000,0.0625359118,0.1243441552,0.0514960773,0.0999748409,0.1852164716,0.0376458205,0.2203051448,0.1442051232,0.0746101886,0.0736629218,0.0679269433,0.0934935436,0.0122257061,0.0434501581,0.2447460443,0.2495875955,0.0167881548,0.0000000000,0.0000000000,0.0496502183,0.0659256503,0.1847300380,0.0799611211,0.1686201543,0.0000002572,0.1069041416,-0.0231348425,0.0561983809,-0.0143286213,-0.0503733978,-0.0000444986,-0.0153231882,-0.0503494814,-0.0033802369
03:23:32:42.067,61,0.0000000000,0.0000000000,0.0000000000,0.0000000000,0.0000000000,0.1176475957,0.0909836739,0.0000000000,0.0000000000,0.0292287525,0.0000000000,0.0000000000,0.1173633039,0.0831114724,0.0483421236,0.0000000000,0.0058199819,0.0293930024,0.0257744547,0.0237204339,0.0568202846,0.0000000000,0.4312019348,0.2229579836,0.4806102812,0.0000000000,0.0000000000,0.0632018298,0.1269052923,0.0511690974,0.1003961116,0.1876211613,0.0365378782,0.2241010368,0.1481650770,0.0756133273,0.0748682991,0.0669213235,0.0929727182,0.0127022658,0.0452473834,0.2473310679,0.2524404228,0.0169270821,0.0000000000,0.0000000000,0.0505340062,0.0676647946,0.1890781820,0.0813081786,0.1716740727,0.0000003226,0.1065985486,-0.0249654874,0.0566347130,-0.0171968527,-0.0495637357,-0.0003402699,-0.0181979835,-0.0495397896,-0.0036255526
03:23:32:43.067,61,0.0000000000,0.0000000000,0.0000000000,0.0000000000,0.0000000000,0.1187478378,0.0921211988,0.0000000000,0.0000000000,0.0251259319,0.0000000000,0.0000000000,0.1184673756,0.0837204903,0.0479069538,0.0000000000,0.0072785621,0.0285948496,0.0247451011,0.0234722383,0.0572611615,0.0000000000,0.4303078651,0.2291471511,0.4875246286,0.0000000000,0.0000000000,0.0638853610,0.1290621907,0.0508449823,0.1007709205,0.1898396611,0.0353362337,0.2318602204,0.1546748877,0.0772848651,0.0769368336,0.0659276098,0.0923733190,0.0131981913,0.0472674407,0.2521448433,0.2575016320,0.0170633271,0.0000000000,0.0000000000,0.0515790060,0.0691678673,0.1929641664,0.0833205506,0.1755640507,0.0000003772,0.1057466269,-0.0270479843,0.0568215214,-0.0147944652,-0.0472113639,-0.0002129825,-0.0158042405,-0.0471873283,-0.0033505815
03:23:32:44.067,61,0.0000000000,0.0000000000,0.0000000000,0.0000000000,0.0000000000,0.1194970831,0.0930676013,0.0000000000,0.0000000000,0.0222643707,0.0000000000,0.0000000000,0.1192216277,0.0842834562,0.0474662334,0.0000000000,0.0082943281,0.0278361160,0.0238874555,0.0232484564,0.0577481650,0.0000000000,0.4298599064,0.2339493632,0.4939414561,0.0000000000,0.0000000000,0.0644925386,0.1304228008,0.0504931360,0.1010846943,0.1911433041,0.0342610776,0.2371950150,0.1591797471,0.0784588382,0.0783479288,0.0650667623,0.0918079391,0.0136874318,0.0491304249,0.2583519518,0.2639376223,0.0172007345,0.0000000000,0.0000000000,0.0524381399,0.0704563335,0.1975281686,0.0858039111,0.1800077707,0.0000004374,0.1044103354,-0.0286706537,0.0572983176,-0.0131200366,-0.0457457155,-0.0001108975,-0.0141367391,-0.0457215980,-0.0031566320
03:23:32:45.067,61,0.0000000000,0.0000000000,0.0000000000,0.0000000000,0.0000000000,0.1202132180,0.0873708650,0.0000000000,0.0000000000,0.0203270856,0.0000000000,0.0000000000,0.1199396774,0.0761500075,0.0470309854,0.0000000000,0.0091977613,0.0269876551,0.0229961667,0.0230428036,0.0584413931,0.0000000000,0.4320324361,0.2362951636,0.4976144433,0.0000000000,0.0000000000,0.0650670230,0.1322948784,0.0500708818,0.1013812572,0.1921586692,0.0332997143,0.2440466285,0.1656501293,0.0803931057,0.0802361816,0.0638987646,0.0911743790,0.0141772032,0.0511732250,0.2642192245,0.2700975835,0.0173548963,0.0000000000,0.0000000000,0.0534206703,0.0720079318,0.2035890967,0.0887458995,0.1850571483,0.0000005842,0.1032566056,-0.0298805684,0.0578679442,-0.0119858235,-0.0445198268,-0.0000475752,-0.0130290259,-0.0444956273,-0.0030184861
03:23:32:46.067,61,0.0018672366,0.0000000000,0.0000000000,0.0000000000,0.0000000000,0.1210507974,0.0185637642,0.0019831595,0.0000000000,0.0104847401,0.0000000000,0.0000000000,0.1207587644,0.0087546175,0.0466544293,0.0000000000,0.0000701913,0.0255528223,0.0216208957,0.0228232015,0.0590450764,0.0000000000,0.4660421312,0.2392452955,0.4990768433,0.0000000000,0.0000000000,0.0656291991,0.1339989007,0.0490390658,0.1007742211,0.1922682971,0.0324738547,0.2471425235,0.1691403240,0.0815088227,0.0811606124,0.0628194511,0.0883360133,0.0146401459,0.0522497483,0.2662334740,0.2721416056,0.0175896920,0.0000000000,0.0000000000,0.0540220141,0.0729971081,0.2063402534,0.0925947353,0.1874357909,0.0000005737,0.1020560414,-0.0305719599,0.0585560314,-0.0062388349,-0.0420876518,0.0004345230,-0.0072355233,-0.0420633852,-0.0023783541
03:23:32:47.066,61,0.0646028221,0.0000000000,0.0225863494,0.0000000000,0.0000000000,0.1229753718,0.0000000000,0.0732500851,0.0000000000,0.0000000000,0.0000000000,0.0000000000,0.1225891039,0.0000000000,0.0460363030,0.0000000000,0.0000000000,0.0238009598,0.0197439864,0.0226727631,0.0603874959,0.0000000000,0.4908691049,0.2442647517,0.4999842048,0.0000000000,0.0000000000,0.0661860257,0.1366727501,0.0465893000,0.0985722467,0.1912310272,0.0307892375,0.2729248703,0.1919290572,0.0905448869,0.0858823061,0.0611604080,0.0845769346,0.0151906526,0.0547044314,0.2663300037,0.2718867064,0.0179709662,0.0000000000,0.0000000000,0.0546766482,0.0754882321,0.2193739861,0.1032314450,0.2040506154,0.0000004880,0.1011569425,-0.0306443125,0.0586178899,0.0140155824,-0.0099035352,0.0021026512,0.0128524303,-0.0098776668,0.0013063876
03:23:32:48.066,61,0.1705079675,0.1210650057,0.0558510982,0.0000000000,0.0000000000,0.1238507628,0.0000000000,0.1767425537,0.1219298840,0.0000000000,0.0130823907,0.0000000000,0.1234241575,0.0000000000,0.0449944884,0.0000000000,0.0000000000,0.0225542709,0.0186372343,0.0225547589,0.0620471239,0.0000000000,0.4921751022,0.2507517934,0.5017555356,0.0000000000,0.0000000000,0.0667559579,0.1384751499,0.0448361039,0.0947294831,0.1906297058,0.0285669398,0.2810112536,0.2002712190,0.0998053998,0.0944765806,0.0602769963,0.0830492675,0.0158042032,0.0592276491,0.2362292856,0.2405894250,0.0215102788,0.0000000000,0.0000000000,0.0552667491,0.0813481435,0.2335482389,0.1109638065,0.2212006748,0.0000004470,0.1006003469,-0.0284236297,0.0587968454,0.0325585082,0.0572112948,0.0050954768,0.0309222601,0.0572406054,0.0085016508
03:23:32:49.066,61,0.4209064245,0.2964661419,0.0786602497,0.0000000000,0.0000000000,0.1367494613,0.0000000000,0.4221552014,0.2982238829,0.0000000000,0.0349628702,0.0000000000,0.1359469295,0.0000000000,0.0418014936,0.0000000000,0.0000000000,0.0213388968,0.0177115966,0.0225474238,0.0695772916,0.0000000000,0.4925042689,0.2527206838,0.5101788044,0.0000000000,0.0000000000,0.0667172298,0.1390720159,0.0424280986,0.0920644030,0.1905867159,0.0238336939,0.3122128844,0.2275442928,0.1371860802,0.1266862303,0.0594179928,0.0821392015,0.0165739302,0.0724037513,0.2199267596,0.2243362963,0.0271255281,0.0000000000,0.0000000000,0.0644392520,0.0961902440,0.2917247117,0.1247891933,0.2659719884,0.0000005523,0.0994022787,-0.0230595246,0.0591321103,0.0452416390,0.1400396377,0.0094499588,0.0420567431,0.1400739253,0.0178333092
03:23:32:50.066,61,0.6546250582,0.3504342735,0.0872207358,0.0000000000,0.0000000000,0.1403610408,0.0000000000,0.6547407508,0.3525337279,0.0000000000,0.0437959321,0.0000000000,0.1394844800,0.0000000000,0.0394393653,0.0000000000,0.0000000000,0.0202325638,0.0169327203,0.0226161554,0.0731105208,0.0000000000,0.4721735120,0.2540732026,0.5152432919,0.0000000000,0.0000000000,0.0663933903,0.1387634575,0.0406293236,0.0885410383,0.1901923567,0.0200417135,0.3256030679,0.2374451458,0.1478715390,0.1360808909,0.0588459820,0.0818069726,0.0181101672,0.0802606195,0.1958380789,0.2015703619,0.0352272354,0.0000000000,0.0000000000,0.0671553910,0.1009386778,0.3048958182,0.1367212534,0.2814178169,0.0000025271,0.1004984081,-0.0148231015,0.0607525893,0.0502273515,0.1655815393,0.0116020180,0.0461034290,0.1656176150,0.0213635974
03:23:32:51.065,61,0.6709792018,0.3972003460,0.0978194401,0.0000000000,0.0000000000,0.1388537437,0.0000000000,0.6728556752,0.3996953368,0.0000000000,0.0535673164,0.0000000000,0.1381699145,0.0000000000,0.0376617126,0.0000000000,0.0000000000,0.0194146838,0.0162677784,0.0227172803,0.0755636916,0.0000000000,0.4674953520,0.2548481822,0.5186132789,0.0000000000,0.0000000000,0.0660639107,0.1384885013,0.0384444222,0.0842402652,0.1905133873,0.0177918375,0.3335269392,0.2438621521,0.1533575207,0.1411575079,0.0583912022,0.0816700757,0.0196090210,0.0859133527,0.1806353182,0.1872583032,0.0434706360,0.0000000000,0.0000000000,0.0688744038,0.1035988554,0.3105115592,0.1440520585,0.2921488285,0.0000125134,0.1028548628,-0.0087473765,0.0616562590,0.0556907058,0.1877855808,0.0140949758,0.0512257107,0.1878229678,0.0251920503
03:23:32:52.065,61,0.6915785670,0.4004918933,0.0972858295,0.0000000000,0.0000000000,0.1367561221,0.0000000000,0.6947287321,0.4029811025,0.0000000000,0.0533891208,0.0000000000,0.1361881047,0.0000000000,0.0351471528,0.0000000000,0.0000000000,0.0187106300,0.0157246199,0.0229658131,0.0866915733,0.0000000000,0.5303511024,0.2508940399,0.5202804208,0.0000000000,0.0000000000,0.0655013993,0.1381610483,0.0360419266,0.0824510828,0.1923886538,0.0161249321,0.3449158967,0.2531534731,0.1561155617,0.1437149048,0.0578281246,0.0816181451,0.0209354870,0.0928397402,0.1741514355,0.1812248826,0.0491364971,0.0000000000,0.0000000000,0.0699327439,0.1051318496,0.3141133189,0.1509160846,0.3039912581,0.0000149598,0.1050049514,-0.0037697256,0.0624750368,0.0555713922,0.1893278509,0.0141073847,0.0508896448,0.1893655360,0.0252321530
03:23:32:53.065,61,0.7247010469,0.3420512974,0.0851999447,0.0000000000,0.0000000000,0.1363833249,0.0000000000,0.7238444686,0.3440726101,0.0000000000,0.0426484868,0.0000000000,0.1358416826,0.0000000000,0.0330482945,0.0000000000,0.0000000000,0.0179851595,0.0151939290,0.0232354458,0.0965560228,0.0000000000,0.5456064343,0.2454637289,0.5209014416,0.0000000000,0.0000000000,0.0644381493,0.1375842541,0.0345268324,0.0814604014,0.1928230673,0.0149405804,0.3556934893,0.2606171668,0.1581034511,0.1454047114,0.0567893982,0.0813647956,0.0218947884,0.0957430750,0.1713809520,0.1786989272,0.0516689904,0.0000000000,0.0000000000,0.0706167072,0.1061776653,0.3159610033,0.1553657949,0.3087860942,0.0000152629,0.1080451831,-0.0015892386,0.0647626743,0.0495902598,0.1616024226,0.0112914098,0.0451061092,0.1616384387,0.0206823125
03:23:32:54.065,61,0.6594275236,0.3746310771,0.0897810087,0.0000000000,0.0000000000,0.1372336745,0.0000000000,0.6595558524,0.3768555820,0.0000000000,0.0469942130,0.0000000000,0.1366281360,0.0000000000,0.0310658719,0.0000000000,0.0000000000,0.0172931161,0.0147312349,0.0236698110,0.1048104838,0.0000000000,0.5531978011,0.2421919554,0.5203525424,0.0000000000,0.0000000000,0.0628061295,0.1351106763,0.0334472582,0.0809530616,0.1926508844,0.0140203601,0.3621655405,0.2639932334,0.1599991471,0.1466424614,0.0559893735,0.0810005218,0.0227276925,0.0974104926,0.1709860265,0.1783993989,0.0530739576,0.0000000000,0.0000000000,0.0710891113,0.1069386974,0.3167416453,0.1576130390,0.3111161292,0.0000134837,0.1092839986,-0.0015894175,0.0675366968,0.0519889072,0.1770205945,0.0125045963,0.0471823104,0.1770575643,0.0227890741
03:23:32:55.065,61,0.5574374795,0.3710092604,0.0917529538,0.0000000000,0.0000000000,0.1375876218,0.0000000000,0.5584530234,0.3732748628,0.0000000000,0.0481258370,0.0000000000,0.1369307935,0.0000000000,0.0282126497,0.0000000000,0.0000000000,0.0165400933,0.0142034795,0.0242193639,0.1108882651,0.0000000000,0.5698128343,0.2374621779,0.5141548514,0.0000000000,0.0000000000,0.0615842491,0.1335086673,0.0325191543,0.0806993619,0.1922265440,0.0132216858,0.3706345558,0.2677621543,0.1619153470,0.1476446390,0.0546013042,0.0789494440,0.0234860387,0.0984134600,0.1728652567,0.1804450452,0.0537227616,0.0000000000,0.0000000000,0.0716530085,0.1074667275,0.3172055483,0.1589460671,0.3114614487,0.0000036530,0.1091162115,-0.0008072034,0.0714768469,0.0526608601,0.1753447205,0.0126741203,0.0483014993,0.1753814518,0.0229947250
03:23:32:56.064,61,0.4034145176,0.3330022991,0.0937709063,0.0000000000,0.0000000000,0.1325095445,0.0000000000,0.4054632783,0.3351935148,0.0000000000,0.0493198037,0.0000000000,0.1316202730,0.0000000000,0.0258699078,0.0008895504,0.0000000000,0.0155135505,0.0135612665,0.0247255061,0.1133488566,0.0000000000,0.5775222778,0.2360685319,0.5120737553,0.0000000000,0.0000000000,0.0609192923,0.1328323036,0.0317049399,0.0804408044,0.1918423623,0.0125075681,0.3743607700,0.2699230611,0.1640629619,0.1491345018,0.0531755388,0.0750705972,0.0242253710,0.0990126133,0.1769025773,0.1839486957,0.0539182648,0.0000000000,0.0000000000,0.0734910518,0.1078129560,0.3169868886,0.1594052017,0.2994610071,0.0000012433,0.1081463173,0.0007081032,0.0758889914,0.0535171032,0.1574644893,0.0123878848,0.0498989932,0.1574999094,0.0217719413
03:23:32:57.064,61,0.3393783867,0.3109368980,0.0922742710,0.0000000000,0.0000000000,0.1264625937,0.0000000000,0.3423581421,0.3130228817,0.0000000000,0.0477532186,0.0000000000,0.1255714595,0.0000000000,0.0246158615,0.0018666633,0.0000000000,0.0147004314,0.0129232416,0.0250336919,0.1130487174,0.0000000000,0.5426440835,0.2548792362,0.5116059780,0.0000000000,0.0000000000,0.0606338456,0.1325291991,0.0310413390,0.0800233781,0.1914488375,0.0118968328,0.3758929074,0.2709265053,0.1651547402,0.1503569633,0.0522488169,0.0729937777,0.0249392223,0.0993013754,0.1834364235,0.1892330199,0.0537276044,0.0000000000,0.0000000000,0.0746240467,0.1082036793,0.3116538823,0.1594002843,0.2935751975,0.0000007146,0.1060814261,0.0033589154,0.0784578919,0.0526904240,0.1470432431,0.0118152918,0.0493569113,0.1470779479,0.0206042919
03:23:32:58.065,61,0.3081339896,0.2890082002,0.0943125859,0.0000000000,0.0000000000,0.1213727593,0.0000000000,0.3117210567,0.2910619378,0.0000000000,0.0494607911,0.0000000000,0.1205316186,0.0000000000,0.0237472206,0.0026192074,0.0000000000,0.0139529957,0.0122827925,0.0251986496,0.1097426713,0.0000000000,0.5302008390,0.2662818432,0.5132405162,0.0000000000,0.0000000000,0.0606226102,0.1325477362,0.0304493010,0.0795165822,0.1909631193,0.0113687664,0.3763805926,0.2714168727,0.1657101810,0.1511262953,0.0514542088,0.0714812651,0.0256076679,0.0993441716,0.1903520823,0.1952622831,0.0532450862,0.0000000000,0.0000000000,0.0753339306,0.1084269360,0.3003835082,0.1591021270,0.2890937924,0.0000004976,0.1035706997,0.0064456835,0.0796504468,0.0537774935,0.1367366761,0.0118129216,0.0507416837,0.1367707253,0.0200134274
03:23:32:59.064,61,0.2920943797,0.2648653686,0.0901814550,0.0000000000,0.0000000000,0.1191856116,0.0000000000,0.2959549427,0.2667534649,0.0000000000,0.0455091000,0.0000000000,0.1183580458,0.0000000000,0.0231420659,0.0031622953,0.0000000000,0.0133052543,0.0117054144,0.0253203437,0.1076237559,0.0000000000,0.5173261166,0.2714567482,0.5139905214,0.0000000000,0.0000000000,0.0607725345,0.1326852888,0.0299740862,0.0790441036,0.1901791692,0.0109549379,0.3762608171,0.2714921236,0.1660191268,0.1517416239,0.0507810786,0.0704125315,0.0262183510,0.0991945639,0.1973163337,0.2017407119,0.0523658507,0.0000000000,0.0000000000,0.0758977160,0.1086271033,0.2944246829,0.1587246954,0.2862809300,0.0000003778,0.1014129370,0.0082549229,0.0808231905,0.0515416488,0.1253009886,0.0108442679,0.0487475283,0.1253343523,0.0183686446
03:23:33:00.064,61,0.2778428197,0.2426639050,0.0868077055,0.0000000000,0.0000000000,0.1179725528,0.0000000000,0.2830221355,0.2444117367,0.0000000000,0.0423191786,0.0000000000,0.1171601415,0.0000000000,0.0227283649,0.0035937494,0.0000000000,0.0127115566,0.0111779654,0.0253398214,0.1031748727,0.0000000000,0.5062060952,0.2747221887,0.5153671503,0.0000000000,0.0000000000,0.0610074252,0.1328642815,0.0295880362,0.0785566792,0.1891080588,0.0106290504,0.3724650443,0.2710991502,0.1657687128,0.1519091725,0.0501976684,0.0695959851,0.0267736614,0.0989634693,0.2018396407,0.2061810344,0.0514899492,0.0000000000,0.0000000000,0.0761229843,0.1088368669,0.2915450037,0.1582852453,0.2846001387,0.0000004155,0.0990066081,0.0084609762,0.0819107369,0.0497320071,0.1147948056,0.0100685600,0.0471263342,0.1148274839,0.0169612989
03:23:33:01.064,61,0.2497690022,0.2211817801,0.0837160349,0.0000000000,0.0000000000,0.1169844642,0.0000000000,0.2569186389,0.2228009999,0.0000000000,0.0393393785,0.0000000000,0.1161935702,0.0000000000,0.0225367043,0.0039155600,0.0000000000,0.0121940654,0.0106624942,0.0252811555,0.1002789661,0.0000000000,0.4840627611,0.2767593265,0.5161250234,0.0000000000,0.0000000000,0.0615278892,0.1336000860,0.0292875506,0.0780608878,0.1886155009,0.0104238465,0.3710688949,0.2708092332,0.1656406969,0.1522656530,0.0496366844,0.0688522607,0.0273077842,0.0986615866,0.2057627141,0.2099637538,0.0504451580,0.0000000000,0.0000000000,0.0764855966,0.1089356318,0.2867439687,0.1578538120,0.2833813727,0.0000005259,0.0966693610,0.0075695887,0.0839998275,0.0480317324,0.1046344191,0.0093709715,0.0456347950,0.1046665013,0.0156587511
03:23:33:02.063,61,0.2250847220,0.2008017749,0.0784639865,0.0000000000,0.0000000000,0.1159292907,0.0000000000,0.2314129472,0.2022612542,0.0000000000,0.0343754403,0.0000000000,0.1152061895,0.0000000000,0.0225749519,0.0041268272,0.0000000000,0.0117458738,0.0101769138,0.0251212735,0.0955991149,0.0000000000,0.4485728443,0.2877737284,0.5198745131,0.0000000000,0.0000000000,0.0631402805,0.1360587627,0.0290901251,0.0775096044,0.1883954406,0.0103176897,0.3691191971,0.2703798413,0.1654472351,0.1526535302,0.0491485745,0.0682371631,0.0278376359,0.0983560905,0.2093173563,0.2132848650,0.0491837859,0.0000000000,0.0000000000,0.0768552870,0.1091367453,0.2833752334,0.1575564593,0.2825835943,0.0000006407,0.0938570350,0.0068005249,0.0869298130,0.0451390967,0.0949725509,0.0084356368,0.0429149903,0.0950040668,0.0141418669
03:23:33:03.064,61,0.2082675695,0.1869427115,0.0760307088,0.0000000000,0.0000000000,0.1138907894,0.0000000000,0.2142376602,0.1883165240,0.0000000000,0.0320795067,0.0000000000,0.1132541075,0.0000000000,0.0225732438,0.0043871496,0.0000000000,0.0112991892,0.0097038085,0.0250202585,0.0937985480,0.0000000000,0.4445019960,0.2909569740,0.5210161805,0.0000000000,0.0000000000,0.0640453920,0.1371513605,0.0289295986,0.0770099834,0.1880114526,0.0102111744,0.3682931960,0.2701545954,0.1652219743,0.1529613584,0.0486011952,0.0675015152,0.0283776689,0.0981017128,0.2113389522,0.2152633816,0.0482642464,0.0000000000,0.0000000000,0.0772814006,0.1092519462,0.2815959156,0.1574697196,0.2819871604,0.0000007139,0.0900237709,0.0071782768,0.0895177424,0.0438052192,0.0884176344,0.0079823099,0.0416869260,0.0884487480,0.0132902469
03:23:33:04.064,61,0.1982681751,0.1757720709,0.0709562823,0.0000000000,0.0000000000,0.1118918955,0.0000000000,0.2035390288,0.1770258397,0.0000000000,0.0273678042,0.0000000000,0.1113284975,0.0000000000,0.0226076245,0.0046132202,0.0000000000,0.0109127695,0.0092808343,0.0249426831,0.0926845148,0.0000000000,0.4403897524,0.2927344143,0.5214638710,0.0000000000,0.0000000000,0.0649012849,0.1379662156,0.0289151873,0.0766025707,0.1874736696,0.0101243891,0.3678494692,0.2700171173,0.1650390476,0.1533304453,0.0480969362,0.0667778626,0.0289409347,0.0978705660,0.2128873169,0.2167095691,0.0474939942,0.0000000000,0.0000000000,0.0777010545,0.1094650254,0.2797953486,0.1575454026,0.2815119624,0.0000006141,0.0857249945,0.0082695559,0.0930760652,0.0410226248,0.0831041634,0.0072402433,0.0389567055,0.0831349939,0.0122188609
03:23:33:05.064,61,0.1934212297,0.1727156341,0.0671307072,0.0000000000,0.0000000000,0.1102261320,0.0000000000,0.1982672364,0.1738971770,0.0000000000,0.0237183552,0.0000000000,0.1097366214,0.0000000000,0.0228206012,0.0047713555,0.0000000000,0.0106368698,0.0089202002,0.0248251650,0.0917510688,0.0000000000,0.3910618722,0.2990290523,0.5221477151,0.0000000000,0.0000000000,0.0675053224,0.1393364668,0.0290984865,0.0762600824,0.1871666908,0.0100861760,0.3674737811,0.2699030936,0.1649312526,0.1538590938,0.0477531254,0.0662433058,0.0295475516,0.0977036282,0.2145543844,0.2181030959,0.0468637235,0.0000000000,0.0000000000,0.0781199336,0.1099392101,0.2781162858,0.1576804966,0.2811300159,0.0000004323,0.0806596354,0.0097825006,0.0968632102,0.0388539620,0.0816274881,0.0067231674,0.0368494876,0.0816582143,0.0116218943
03:23:33:06.063,61,0.1887116432,0.1714168340,0.0636785850,0.0000000000,0.0000000000,0.1072171926,0.0000000000,0.1929916590,0.1725380272,0.0000000000,0.0203535091,0.0000000000,0.1068386436,0.0000000000,0.0230662841,0.0049741538,0.0000000000,0.0103832074,0.0085690981,0.0246559642,0.0903786495,0.0000000000,0.3713107109,0.3150522113,0.5239863992,0.0000000000,0.0000000000,0.0703990012,0.1402785331,0.0293832999,0.0758217275,0.1866910905,0.0100294100,0.3673509955,0.2699539661,0.1648639739,0.1545138359,0.0474578142,0.0656841397,0.0302318595,0.0975986421,0.2157543451,0.2191009670,0.0463187769,0.0000000000,0.0000000000,0.0783938617,0.1104864478,0.2750120461,0.1579749882,0.2807933986,0.0000002558,0.0755546466,0.0107929781,0.1009348631,0.0368511453,0.0809833556,0.0062607853,0.0349352248,0.0810139775,0.0111392513
03:23:33:07.063,61,0.1864764094,0.1670704186,0.0593787581,0.0000000000,0.0000000000,0.1055166945,0.0000000000,0.1905090660,0.1681088358,0.0000000000,0.0163670648,0.0000000000,0.1052090824,0.0000000000,0.0233598500,0.0053373538,0.0000000000,0.0101657128,0.0082427990,0.0244351216,0.0856493711,0.0000000000,0.3363572359,0.3322286010,0.5303018689,0.0000000000,0.0000000000,0.0732080266,0.1410756409,0.0297267456,0.0752269030,0.1861547679,0.0099688536,0.3672288656,0.2699531615,0.1648301035,0.1553518027,0.0472839102,0.0651781112,0.0310826954,0.0975367054,0.2223365158,0.2249624580,0.0458506420,0.0000000000,0.0000000000,0.0783861801,0.1129605770,0.2737561464,0.1586832851,0.2807603776,0.0000001236,0.0707367659,0.0116201341,0.1053713635,0.0344804898,0.0788977444,0.0057034125,0.0325706340,0.0789283365,0.0104498863
03:23:33:08.063,61,0.1850950867,0.1648554504,0.0552734472,0.0000000000,0.0000000000,0.1044448465,0.0000000000,0.1889792234,0.1658207476,0.0000000000,0.0125706736,0.0000000000,0.1041719615,0.0000000000,0.0235766824,0.0056540696,0.0000000000,0.0099781360,0.0079774763,0.0242860261,0.0840143263,0.0000000000,0.3253983557,0.3403650224,0.5350885987,0.0000000000,0.0000000000,0.0745963082,0.1415841579,0.0301107243,0.0747411177,0.1855523437,0.0098739760,0.3673641384,0.2701278031,0.1650115401,0.1570286006,0.0471280329,0.0647120029,0.0321698040,0.0976571441,0.2282482237,0.2305628806,0.0455036983,0.0000000000,0.0000000000,0.0785678700,0.1190332845,0.2739001811,0.1627746820,0.2815013826,0.0000000566,0.0658705235,0.0118972063,0.1088913083,0.0322192460,0.0778190345,0.0051886081,0.0302967019,0.0778496116,0.0098639391
03:23:33:09.063,61,0.1840905696,0.1620749682,0.0512270890,0.0000000000,0.0000000000,0.1036537215,0.0000000000,0.1878475398,0.1629676670,0.0000000000,0.0087917857,0.0000000000,0.1034056693,0.0000000000,0.0238145459,0.0060369251,0.0000000000,0.0098105343,0.0077394191,0.0240973439,0.0822525099,0.0000000000,0.3168275058,0.3634935021,0.5479010940,0.0000000000,0.0000000000,0.0756940767,0.1419689357,0.0304985438,0.0741171464,0.1849112809,0.0097586829,0.3673211336,0.2701806724,0.1650905609,0.1580002904,0.0470900349,0.0643282086,0.0334956348,0.0978482589,0.2332386374,0.2353357971,0.0452495404,0.0000000000,0.0000000000,0.0785669759,0.1266176850,0.2772041857,0.1670757383,0.2825688720,0.0000000265,0.0616620332,0.0125904977,0.1126163527,0.0299676526,0.0764762759,0.0046796054,0.0280584432,0.0765066892,0.0092724320
03:23:33:10.062,61,0.1800056845,0.1643640101,0.0496767014,0.0000000000,0.0000000000,0.0999129489,0.0000000000,0.1827479303,0.1652368009,0.0000000000,0.0073078293,0.0000000000,0.0997448936,0.0000000000,0.0240132883,0.0064746970,0.0000000000,0.0096294926,0.0075060125,0.0238161609,0.0790033787,0.0000000000,0.2842671573,0.3946357071,0.5657110810,0.0000000000,0.0000000000,0.0769302472,0.1422122121,0.0308262557,0.0724449754,0.1832320094,0.0095884865,0.3671404123,0.2701188922,0.1649122387,0.1586729288,0.0471303239,0.0639549345,0.0353513844,0.0981719866,0.2355597317,0.2375492156,0.0449857824,0.0000000000,0.0000000000,0.0782376081,0.1314791441,0.2786565125,0.1734774113,0.2856848240,0.0000000009,0.0577537343,0.0128185600,0.1167891547,0.0290815532,0.0775407106,0.0044883122,0.0271774270,0.0775712132,0.0091515873
03:23:33:11.062,61,0.1773563176,0.1636281312,0.0472696610,0.0000000000,0.0000000000,0.0972423553,0.0000000000,0.1797200143,0.1644599736,0.0000000000,0.0050638136,0.0000000000,0.0971235111,0.0000000000,0.0241963826,0.0068491600,0.0000000000,0.0094529307,0.0072822217,0.0235757884,0.0775969177,0.0000000000,0.2747973204,0.4048882127,0.5720025897,0.0000000000,0.0000000000,0.0779520422,0.1424264014,0.0311634559,0.0714669749,0.1822394878,0.0094140042,0.3671525121,0.2701824903,0.1649491638,0.1594475955,0.0471853316,0.0635961741,0.0368944220,0.0985294282,0.2372043431,0.2390826792,0.0447521396,0.0000000000,0.0000000000,0.0780817866,0.1358408630,0.2815762460,0.1787392050,0.2890769541,0.0000000007,0.0537215322,0.0137704313,0.1212150082,0.0277437251,0.0771748871,0.0041894955,0.0258393176,0.0772053599,0.0088298004
03:23:33:12.062,61,0.1747478396,0.1612104625,0.0439075083,0.0000000000,0.0000000000,0.0954771042,0.0000000000,0.1768067181,0.1619824618,0.0000000000,0.0018905349,0.0000000000,0.0953869894,0.0000000000,0.0243463349,0.0070836628,0.0000000000,0.0092794793,0.0070944424,0.0233402345,0.0765601248,0.0000000000,0.2696616650,0.4117879272,0.5762142539,0.0000000000,0.0000000000,0.0787758604,0.1424595863,0.0315490738,0.0707030222,0.1797628552,0.0092249447,0.3667621315,0.2699092627,0.1646606326,0.1598096341,0.0473262444,0.0633393303,0.0380633697,0.0988407880,0.2382360697,0.2400542200,0.0445337109,0.0000000000,0.0000000000,0.0778110474,0.1401988566,0.2840937078,0.1820089519,0.2906941772,0.0000000040,0.0504844114,0.0152602494,0.1259264052,0.0258516856,0.0760107785,0.0037678769,0.0239789449,0.0760411471,0.0083409026
03:23:33:13.062,61,0.1700273305,0.1612353921,0.0407404117,0.0000000000,0.0000000000,0.0922421962,0.0000000000,0.1717530638,0.1619559824,0.0000000000,0.0000000000,0.0000000000,0.0921783894,0.0000000000,0.0244370885,0.0072878059,0.0000000000,0.0090963785,0.0069196620,0.0230996925,0.0759156793,0.0000000000,0.2667652965,0.4160067141,0.5787859559,0.0000000000,0.0000000000,0.0794871002,0.1424041539,0.0318870470,0.0699933171,0.1769988984,0.0090224193,0.3663292825,0.2695623040,0.1643228829,0.1600514948,0.0474560559,0.0630892068,0.0392124206,0.0992435440,0.2391036600,0.2408766299,0.0443106033,0.0000000000,0.0000000000,0.0774407089,0.1422535330,0.2854011953,0.1852915138,0.2927956879,0.0000000204,0.0477150157,0.0168275088,0.1309450716,0.0240569990,0.0759982914,0.0033714580,0.0222110264,0.0760286897,0.0079504792
03:23:33:14.062,61,0.1621483266,0.1582034081,0.0373343714,0.0000000000,0.0000000000,0.0900873244,0.0000000000,0.1638445407,0.1588630229,0.0000000000,0.0000000000,0.0000000000,0.0900387317,0.0000000000,0.0245981608,0.0075774835,0.0000000000,0.0089331437,0.0067747538,0.0228307825,0.0752340108,0.0000000000,0.2655911148,0.4182623327,0.5815125108,0.0000000000,0.0000000000,0.0800685212,0.1423354000,0.0322193503,0.0693799406,0.1757098436,0.0088486420,0.3650876880,0.2690312564,0.1629830152,0.1598574817,0.0476165041,0.0629325509,0.0400648266,0.0996661037,0.2400472909,0.2417982370,0.0440190993,0.0000000000,0.0000000000,0.0768755972,0.1435678154,0.2869274616,0.1869694293,0.2940236926,0.0000000279,0.0452300683,0.0190245509,0.1366930306,0.0221332293,0.0745467246,0.0029504863,0.0203284137,0.0745770931,0.0074455380
03:23:33:15.062,61,0.1593192369,0.1542319655,0.0338291153,0.0000000000,0.0000000000,0.0892123953,0.0000000000,0.1609966606,0.1548280418,0.0000000000,0.0000000000,0.0000000000,0.0891708210,0.0000000000,0.0247749556,0.0078399312,0.0000000000,0.0087824082,0.0066771726,0.0226186644,0.0745225325,0.0000000000,0.2670285702,0.4194777012,0.5836068392,0.0000000000,0.0000000000,0.0804621205,0.1421467364,0.0325782970,0.0689664930,0.1748148799,0.0087077636,0.3631210625,0.2681789696,0.1616365165,0.1594876349,0.0478342324,0.0629235283,0.0407642908,0.1000969782,0.2435909659,0.2454538345,0.0437731743,0.0000000000,0.0000000000,0.0762750506,0.1450408399,0.2938240170,0.1888502240,0.2968969047,0.0000000428,0.0432816446,0.0197818875,0.1424496174,0.0201866478,0.0726537406,0.0025324961,0.0183945596,0.0726839155,0.0069087218
03:23:33:16.062,61,0.1559937000,0.1522975266,0.0321536958,0.0000000000,0.0000000000,0.0880414769,0.0000000000,0.1574148089,0.1528634727,0.0000000000,0.0000000000,0.0000000000,0.0880080983,0.0000000000,0.0249501206,0.0081955586,0.0000000000,0.0086369878,0.0065702815,0.0223249756,0.0718646795,0.0000000000,0.2505320311,0.4356635809,0.5940369368,0.0000000000,0.0000000000,0.0810203478,0.1420148760,0.0328846574,0.0683435127,0.1734802723,0.0085394783,0.3597752154,0.2660814822,0.1590709686,0.1589072943,0.0481327623,0.0629238412,0.0414633676,0.1004536971,0.2478096336,0.2494882643,0.0434361920,0.0000000000,0.0000000000,0.0740276575,0.1469072253,0.2960156202,0.1906441599,0.2982716858,0.0000000597,0.0419896096,0.0197983086,0.1491591781,0.0192343444,0.0717323869,0.0023307917,0.0174698085,0.0717624873,0.0066537890
03:23:33:17.061,61,0.1513875574,0.1470724642,0.0294779632,0.0000000000,0.0000000000,0.0870985389,0.0000000000,0.1527231783,0.1475872695,0.0000000000,0.0000000000,0.0000000000,0.0870716423,0.0000000000,0.0252225529,0.0086224824,0.0000000000,0.0085599516,0.0064887693,0.0220543854,0.0703879073,0.0000000000,0.2460016906,0.4397937953,0.5970305204,0.0000000000,0.0000000000,0.0815934017,0.1419634223,0.0331708863,0.0677325949,0.1727933735,0.0084406640,0.3583668172,0.2650474012,0.1578126550,0.1584317386,0.0484054908,0.0628903806,0.0420479961,0.1006811336,0.2496452183,0.2512795031,0.0429792292,0.0000000000,0.0000000000,0.0730041116,0.1477716267,0.2970071137,0.1916646659,0.2991162837,0.0000000551,0.0405134074,0.0197276473,0.1552766412,0.0177467018,0.0692569911,0.0020269332,0.0160038397,0.0692870021,0.0061951294
03:23:33:18.062,61,0.1477919519,0.1415023804,0.0268543437,0.0000000000,0.0000000000,0.0863308832,0.0000000000,0.1490452290,0.1419672370,0.0000000000,0.0000000000,0.0000000000,0.0863075331,0.0000000000,0.0255639162,0.0090506468,0.0000000000,0.0085444553,0.0064655957,0.0218088962,0.0675076768,0.0000000000,0.2430151850,0.4419886768,0.5988117456,0.0000000000,0.0000000000,0.0821224600,0.1418674588,0.0334751979,0.0671633184,0.1723974794,0.0083816312,0.3562815189,0.2629902363,0.1557743400,0.1577430815,0.0488066599,0.0630108342,0.0426056162,0.1009079590,0.2549765408,0.2565343082,0.0425803736,0.0000000000,0.0000000000,0.0716810599,0.1485358328,0.2976143658,0.1927923262,0.2999550402,0.0000000494,0.0391529165,0.0183381289,0.1612933129,0.0162834004,0.0666206032,0.0017373216,0.0145669356,0.0666504502,0.0057413117
03:23:33:19.061,61,0.1402139217,0.1350026727,0.0240670852,0.0000000000,0.0000000000,0.0851074681,0.0000000000,0.1413228661,0.1354146302,0.0000000000,0.0000000000,0.0000000000,0.0850898698,0.0000000000,0.0259551946,0.0095324051,0.0000000000,0.0085698655,0.0064564398,0.0215617251,0.0658141822,0.0000000000,0.2402213067,0.4429097474,0.5997093916,0.0000000000,0.0000000000,0.0826854929,0.1418391466,0.0337130092,0.0665348172,0.1721910387,0.0083613247,0.3550912142,0.2618348002,0.1540437043,0.1570179015,0.0491653793,0.0630792081,0.0431154221,0.1010762528,0.2571759820,0.2587167025,0.0420680717,0.0000000000,0.0000000000,0.0707534999,0.1489115506,0.2975374162,0.1935494840,0.3004311323,0.0000000464,0.0381522439,0.0171726793,0.1672784984,0.0147091923,0.0635469407,0.0014372144,0.0130411722,0.0635766089,0.0052533890
03:23:33:20.062,61,0.1363544017,0.1307406276,0.0206038523,0.0000000000,0.0000000000,0.0842982680,0.0000000000,0.1375106424,0.1310936511,0.0000000000,0.0000000000,0.0000000000,0.0842830390,0.0000000000,0.0262858626,0.0099046174,0.0000000000,0.0086194864,0.0064910925,0.0214173347,0.0649904758,0.0000000000,0.2398820668,0.4415820241,0.5998490453,0.0000000000,0.0000000000,0.0830401033,0.1416791379,0.0339032225,0.0660570338,0.1721308231,0.0083551873,0.3544775248,0.2611363232,0.1531402916,0.1564941853,0.0494507216,0.0631408542,0.0436138287,0.1013328657,0.2609050870,0.2625300586,0.0416084789,0.0000000000,0.0000000000,0.0702405199,0.1493242234,0.2976858318,0.1952522993,0.3011194468,0.0000000779,0.0366401337,0.0156656355,0.1723886132,0.0127727119,0.0615224093,0.0010599671,0.0111236237,0.0615520030,0.0047499877
03:23:33:21.061,61,0.1324835420,0.1287904829,0.0181064568,0.0000000000,0.0000000000,0.0830685124,0.0000000000,0.1335599720,0.1291030049,0.0000000000,0.0000000000,0.0000000000,0.0830566660,0.0000000000,0.0265244395,0.0102591179,0.0000000000,0.0086559691,0.0065074908,0.0212816633,0.0645746216,0.0000000000,0.2389254868,0.4411767423,0.5997114778,0.0000000000,0.0000000000,0.0834197178,0.1415047497,0.0339828469,0.0654278696,0.1717376411,0.0083398568,0.3540313840,0.2605084777,0.1524967253,0.1560545266,0.0496450067,0.0630891696,0.0441105030,0.1014897749,0.2626201510,0.2642556727,0.0410906747,0.0000000000,0.0000000000,0.0698789731,0.1495882273,0.2972663045,0.1961894482,0.3014373481,0.0000000970,0.0349169001,0.0141873509,0.1779015213,0.0113456063,0.0605913997,0.0007793577,0.0097344741,0.0606209040,0.0044174823
03:23:33:22.061,61,0.1297811568,0.1260251552,0.0159474388,0.0000000000,0.0000000000,0.0819006264,0.0000000000,0.1307380497,0.1263016462,0.0000000000,0.0000000000,0.0000000000,0.0818915814,0.0000000000,0.0267755911,0.0105973566,0.0000000000,0.0087036388,0.0065413550,0.0211170465,0.0639307126,0.0000000000,0.2283017635,0.4413569272,0.5998148322,0.0000000000,0.0000000000,0.0838332921,0.1412975490,0.0340597145,0.0647590831,0.1713633388,0.0083166882,0.3535265923,0.2598598897,0.1518281847,0.1555297077,0.0498958081,0.0630852506,0.0446618535,0.1017134786,0.2646795809,0.2662656307,0.0405717231,0.0000000000,0.0000000000,0.0693504289,0.1500183493,0.2968923748,0.1979571581,0.3019380569,0.0000001100,0.0331311375,0.0135031193,0.1833815873,0.0101293074,0.0592794120,0.0005502652,0.0085379779,0.0593088269,0.0041080802
03:23:33:23.061,61,0.1283240616,0.1258368790,0.0141447121,0.0000000000,0.0000000000,0.0808655098,0.0000000000,0.1292415559,0.1260859966,0.0000000000,0.0000000000,0.0000000000,0.0808590502,0.0000000000,0.0269608945,0.0109501332,0.0000000000,0.0087480759,0.0066071316,0.0209765900,0.0632760376,0.0000000000,0.2249660641,0.4424868226,0.6003065109,0.0000000000,0.0000000000,0.0841393396,0.1410045922,0.0341502093,0.0641577393,0.1708688736,0.0082658408,0.3526606560,0.2585882545,0.1505430490,0.1545362175,0.0502127372,0.0631956086,0.0452193208,0.1020333841,0.2663554847,0.2679260373,0.0401472822,0.0000000000,0.0000000000,0.0686677173,0.1505318731,0.2967724204,0.1995973736,0.3025541604,0.0000001152,0.0311473086,0.0128668398,0.1887169927,0.0091183288,0.0591812581,0.0003462480,0.0075290166,0.0592107177,0.0038983966
03:23:33:24.061,61,0.1264535189,0.1245205924,0.0125526730,0.0000000000,0.0000000000,0.0795366392,0.0000000000,0.1273603439,0.1247442141,0.0000000000,0.0000000000,0.0000000000,0.0795321614,0.0000000000,0.0272325687,0.0112798763,0.0000000000,0.0088177696,0.0066423896,0.0208015237,0.0628168657,0.0000000000,0.2234431803,0.4431875646,0.6007210612,0.0000000000,0.0000000000,0.0846026391,0.1410166919,0.0341848992,0.0635474771,0.1707177311,0.0082587525,0.3519721627,0.2578050792,0.1498247385,0.1539214104,0.0504957922,0.0632744879,0.0456361882,0.1021449640,0.2669622600,0.2685214579,0.0396193564,0.0000000000,0.0000000000,0.0682286248,0.1507450193,0.2962782085,0.2002677470,0.3025856316,0.0000000904,0.0295043960,0.0124448091,0.1937456429,0.0082117692,0.0585541278,0.0001727487,0.0066429302,0.0585835725,0.0036887922
03:23:33:25.060,61,0.1253731549,0.1225777790,0.0099836821,0.0000000000,0.0000000000,0.0786651522,0.0000000000,0.1262713075,0.1227610409,0.0000000000,0.0000000000,0.0000000000,0.0786617771,0.0000000000,0.0275722593,0.0116764084,0.0000000000,0.0088971313,0.0066674231,0.0206153076,0.0621604361,0.0000000000,0.2224298418,0.4445863366,0.6013881564,0.0000000000,0.0000000000,0.0851365477,0.1411789954,0.0342304781,0.0629602149,0.1707951725,0.0082746698,0.3513031900,0.2571323514,0.1493117064,0.1534898579,0.0508153103,0.0634045005,0.0459988452,0.1022159085,0.2679859400,0.2695190907,0.0391120054,0.0000000000,0.0000000000,0.0677935332,0.1510144174,0.2960002720,0.2007924914,0.3026846051,0.0000000774,0.0286757965,0.0123184472,0.1991006881,0.0067792032,0.0576278418,-0.0001002136,0.0052118227,0.0576571971,0.0033566714
03:23:33:26.060,61,0.1245773360,0.1232668757,0.0101323277,0.0000000000,0.0000000000,0.0778271034,0.0000000000,0.1254683435,0.1234530434,0.0000000000,0.0000000000,0.0000000000,0.0778246894,0.0000000000,0.0277845114,0.0120911021,0.0000000000,0.0089488076,0.0067366906,0.0204287544,0.0614942349,0.0000000000,0.2215212137,0.4545318484,0.6101669073,0.0000000000,0.0000000000,0.0854615346,0.1410586536,0.0342795216,0.0623913147,0.1705741733,0.0082222074,0.3480454981,0.2551107109,0.1477890462,0.1522510499,0.0512191989,0.0636818632,0.0464233272,0.1024907902,0.2689324319,0.2704600692,0.0387340821,0.0000000000,0.0000000000,0.0671302676,0.1518076509,0.2966258228,0.2018183321,0.3037176132,0.0000000690,0.0279754903,0.0118984133,0.2040609568,0.0068556890,0.0579525232,-0.0000908272,0.0052922182,0.0579818636,0.0033877804
03:23:33:27.060,61,0.1238795668,0.1229819283,0.0084452359,0.0000000000,0.0000000000,0.0771863163,0.0000000000,0.1247661337,0.1231425777,0.0000000000,0.0000000000,0.0000000000,0.0771847367,0.0000000000,0.0279486589,0.0125231920,0.0000000000,0.0089852484,0.0068123885,0.0202502422,0.0608250722,0.0000000000,0.2210215479,0.4577153325,0.6142927408,0.0000000000,0.0000000000,0.0857169703,0.1409072876,0.0343861841,0.0619248934,0.1704001427,0.0081497254,0.3466361463,0.2541133165,0.1468605697,0.1514326632,0.0516071022,0.0639920831,0.0468779020,0.1029439867,0.2728294134,0.2744366825,0.0384555757,0.0000000000,0.0000000000,0.0664268062,0.1532471776,0.3005298376,0.2038299888,0.3067944050,0.0000000854,0.0279731955,0.0119254291,0.2092771828,0.0059069712,0.0578102469,-0.0002796699,0.0043481216,0.0578395724,0.0031908858
03:23:33:28.060,61,0.1234095767,0.1226089895,0.0072818254,0.0000000000,0.0000000000,0.0766477957,0.0000000000,0.1242760792,0.1227518544,0.0000000000,0.0000000000,0.0000000000,0.0766470060,0.0000000000,0.0280976109,0.0130019151,0.0000000000,0.0090318201,0.0068784677,0.0200550966,0.0598514676,0.0000000000,0.1931994408,0.4745643139,0.6219856143,0.0000000000,0.0000000000,0.0861122087,0.1407659650,0.0344687477,0.0612990186,0.1699946821,0.0080461986,0.3456178308,0.2533056736,0.1461178958,0.1508059055,0.0520275459,0.0642479658,0.0473834090,0.1033313647,0.2751625776,0.2766898870,0.0381320156,0.0000000000,0.0000000000,0.0656113252,0.1581766307,0.3036099970,0.2061614096,0.3087407947,0.0000000750,0.0279849693,0.0119419396,0.2146044672,0.0052608252,0.0576292425,-0.0004064189,0.0036977492,0.0576586276,0.0030517369
03:23:33:29.059,61,0.1230813190,0.1225149110,0.0064604064,0.0000000000,0.0000000000,0.0761172101,0.0000000000,0.1239231527,0.1226455718,0.0000000000,0.0000000000,0.0000000000,0.0761173144,0.0000000000,0.0282189772,0.0134500293,0.0000000000,0.0090841269,0.0069666826,0.0198562834,0.0586534180,0.0000000000,0.1839266270,0.4884446263,0.6328062415,0.0000000000,0.0000000000,0.0865234584,0.1405491531,0.0345581844,0.0606230535,0.1694858223,0.0079200789,0.3442642093,0.2524819970,0.1451586783,0.1501106322,0.0525052957,0.0645540208,0.0479383767,0.1038061529,0.2760323882,0.2775313556,0.0378220230,0.0000000000,0.0000000000,0.0644648746,0.1660653949,0.3126170337,0.2097997963,0.3125568032,0.0000000688,0.0275457744,0.0117932409,0.2193596363,0.0048057903,0.0575811565,-0.0004971782,0.0032378547,0.0576104969,0.0029569804
03:23:33:30.059,61,0.1228363365,0.1230982542,0.0054651252,0.0000000000,0.0000000000,0.0755752772,0.0000000000,0.1236420795,0.1232145429,0.0000000000,0.0000000000,0.0000000000,0.0755763128,0.0000000000,0.0282238089,0.0138350055,0.0000000000,0.0091011422,0.0070657302,0.0196272470,0.0555541217,0.0000000000,0.1633094847,0.5129290819,0.6486554742,0.0000000000,0.0000000000,0.0869338885,0.1401850581,0.0346575268,0.0598874576,0.1676581651,0.0077157952,0.3415358365,0.2508780360,0.1432992667,0.1488491893,0.0530596301,0.0649423525,0.0489095114,0.1047421768,0.2779743671,0.2793468237,0.0375926308,0.0000000000,0.0000000000,0.0611118861,0.1767662913,0.3213501275,0.2167619765,0.3196495175,0.0000000683,0.0274518430,0.0118046105,0.2244222313,0.0042520873,0.0578506142,-0.0006145402,0.0026778542,0.0578799695,0.0028558369
03:23:33:31.060,61,0.1229403466,0.1234877855,0.0048895068,0.0000000000,0.0000000000,0.0752105489,0.0000000000,0.1237050369,0.1235959232,0.0000000000,0.0000000000,0.0000000000,0.0752128288,0.0000000000,0.0282606613,0.0141734360,0.0000000000,0.0091261696,0.0071570608,0.0194017366,0.0531042144,0.0000000000,0.1471385360,0.5248359442,0.6564385295,0.0000000000,0.0000000000,0.0874330550,0.1398458332,0.0347612910,0.0591206849,0.1666586846,0.0074884580,0.3404738903,0.2501552403,0.1424645483,0.1482592374,0.0536620505,0.0653194562,0.0501303636,0.1057048291,0.2805221081,0.2817319334,0.0373328216,0.0000000000,0.0000000000,0.0596716478,0.1857666820,0.3288946450,0.2229115218,0.3255863786,0.0000000381,0.0268832967,0.0118642896,0.2293783128,0.0039462820,0.0580309778,-0.0006801733,0.0023538172,0.0580603480,0.0027982150
03:23:33:32.060,61,0.1233272254,0.1238286719,0.0043932395,0.0000000000,0.0000000000,0.0750603229,0.0000000000,0.1240488514,0.1239296943,0.0000000000,0.0000000000,0.0000000000,0.0750637949,0.0000000000,0.0283803623,0.0143567519,0.0000000000,0.0091739995,0.0072769853,0.0191629436,0.0503620431,0.0000000000,0.1330397129,0.5470744967,0.6689898372,0.0000000000,0.0000000000,0.0880567655,0.1395430863,0.0349017829,0.0583635122,0.1658621579,0.0072447914,0.3395408094,0.2495095879,0.1418705583,0.1478483081,0.0546889789,0.0658528581,0.0517332964,0.1068735421,0.2816465795,0.2827873826,0.0370461233,0.0000000000,0.0000000000,0.0585710146,0.2009162307,0.3429743052,0.2283494622,0.3297835290,0.0000000283,0.0268478319,0.0112833679,0.2337798476,0.0036781561,0.0581888705,-0.0007378091,0.0020744279,0.0582183003,0.0027485411
03:23:33:33.060,61,0.1236731783,0.1240607873,0.0036731875,0.0000000000,0.0000000000,0.0749474093,0.0000000000,0.1243508905,0.1241513640,0.0000000000,0.0000000000,0.0000000000,0.0749522969,0.0000000000,0.0284182802,0.0144561930,0.0000000000,0.0091700973,0.0073302910,0.0188693386,0.0481969751,0.0000000000,0.1181118190,0.5612838864,0.6783051491,0.0000000000,0.0000000000,0.0893442780,0.1393602937,0.0350246504,0.0573279224,0.1651283652,0.0069514653,0.3391031623,0.2493485510,0.1415863782,0.1477205306,0.0554241091,0.0662711635,0.0537428893,0.1082159355,0.2827224433,0.2837652564,0.0367293842,0.0000000000,0.0000000000,0.0577306822,0.2112731785,0.3516554236,0.2328344584,0.3326381445,0.0000000230,0.0267934948,0.0105445385,0.2380234301,0.0032878146,0.0582946539,-0.0008191043,0.0016701147,0.0583240688,0.0026713102
03:23:33:34.059,61,0.1240739599,0.1252693534,0.0033328040,0.0000000000,0.0000000000,0.0747056529,0.0000000000,0.1247082129,0.1253557205,0.0000000000,0.0000000000,0.0000000000,0.0747119486,0.0000000000,0.0283837877,0.0144923385,0.0000000000,0.0091449749,0.0073795849,0.0185542069,0.0461125188,0.0000000000,0.1114116609,0.5743764639,0.6868826747,0.0000000000,0.0000000000,0.0902304202,0.1391513944,0.0351261497,0.0563597344,0.1643405706,0.0066105542,0.3388511539,0.2493560761,0.1412501037,0.1474971920,0.0561129451,0.0666801482,0.0560597517,0.1103159413,0.2835539579,0.2845450342,0.0364424065,0.0000000000,0.0000000000,0.0567489341,0.2183355093,0.3579216003,0.2368735075,0.3352200985,0.0000000231,0.0265725385,0.0095066354,0.2418063283,0.0030998997,0.0588610917,-0.0008698753,0.0014747716,0.0588905513,0.0026555979
03:23:33:35.059,61,0.1246137545,0.1262129545,0.0036161940,0.0000000000,0.0000000000,0.0745158345,0.0000000000,0.1252077669,0.1263043284,0.0000000000,0.0000000000,0.0000000000,0.0745236054,0.0000000000,0.0283220205,0.0144773368,0.0000000000,0.0091095865,0.0074451282,0.0182763916,0.0449079052,0.0000000000,0.1080773398,0.5799341202,0.6921538711,0.0000000000,0.0000000000,0.0909249932,0.1388643831,0.0352502912,0.0555910319,0.1636155248,0.0062563978,0.3388227522,0.2495597601,0.1409906745,0.1473528743,0.0567651987,0.0671066418,0.0580691285,0.1135046780,0.2840139866,0.2849726379,0.0362359323,0.0000000000,0.0000000000,0.0559947938,0.2246202677,0.3673577905,0.2412366122,0.3410056829,0.0000000276,0.0266593806,0.0083173662,0.2451266497,0.0032595005,0.0593058914,-0.0008474300,0.0016298778,0.0593353808,0.0027057934
03:23:33:36.059,61,0.1252057999,0.1265346110,0.0039279377,0.0000000000,0.0000000000,0.0743496791,0.0000000000,0.1257622540,0.1266310811,0.0000000000,0.0000000000,0.0000000000,0.0743586421,0.0000000000,0.0282328464,0.0143428640,0.0000000000,0.0090512875,0.0074899974,0.0180215277,0.0440489799,0.0000000000,0.1060271338,0.5866057873,0.6969707012,0.0000000000,0.0000000000,0.0915981233,0.1385909319,0.0353388526,0.0548476614,0.1629837751,0.0058937925,0.3390955627,0.2500681281,0.1410120726,0.1474840194,0.0573630817,0.0674842820,0.0599550232,0.1158576459,0.2842695117,0.2851977050,0.0360466354,0.0000000000,0.0000000000,0.0554698184,0.2325953990,0.3746889234,0.2445393801,0.3443557322,0.0000000391,0.0269748345,0.0077478737,0.2486341894,0.0034426413,0.0594585240,-0.0008135652,0.0018032566,0.0594879985,0.0027474877
03:23:33:37.058,61,0.1256626993,0.1274660528,0.0048360326,0.0000000000,0.0000000000,0.0739408359,0.0000000000,0.1261835396,0.1275769323,0.0000000000,0.0000000000,0.0000000000,0.0739506632,0.0000000000,0.0281490553,0.0141377281,0.0000000000,0.0090023931,0.0075315936,0.0177648570,0.0434613600,0.0000000000,0.1047617123,0.5936499834,0.7019780874,0.0000000000,0.0000000000,0.0922918692,0.1384383142,0.0354152769,0.0541526638,0.1623041034,0.0055370512,0.3393645585,0.2505629957,0.1410205662,0.1475909501,0.0579275526,0.0678466409,0.0611229762,0.1172140688,0.2824020684,0.2832005322,0.0358017385,0.0000000000,0.0000000000,0.0550352447,0.2356492430,0.3775880635,0.2459903657,0.3458082378,0.0000000543,0.0279774629,0.0074778050,0.2522385716,0.0039566625,0.0599005222,-0.0007184991,0.0023082383,0.0599300563,0.0028691324
03:23:33:38.058,61,0.1261492223,0.1282755584,0.0065182438,0.0000000000,0.0000000000,0.0735608339,0.0000000000,0.1266388595,0.1284124702,0.0000000000,0.0000000000,0.0000000000,0.0735713169,0.0000000000,0.0281160008,0.0138211995,0.0000000000,0.0089970743,0.0075961417,0.0175467003,0.0431430452,0.0000000000,0.1038144678,0.5986394882,0.7054836154,0.0000000000,0.0000000000,0.0929885581,0.1382984221,0.0355298184,0.0535246059,0.1617597938,0.0052047884,0.3397460580,0.2511397302,0.1410582364,0.1477401853,0.0585344918,0.0682522431,0.0620378852,0.1181920096,0.2771360874,0.2777909636,0.0355997048,0.0000000000,0.0000000000,0.0547853932,0.2382480949,0.3794484138,0.2468173802,0.3465563953,0.0000000813,0.0293439887,0.0080249533,0.2560045421,0.0049001705,0.0602889806,-0.0005340390,0.0032471344,0.0603185594,0.0030775345
03:23:33:39.058,61,0.1277163923,0.1293573976,0.0082757529,0.0000000000,0.0000000000,0.0732457638,0.0000000000,0.1280664206,0.1295219064,0.0000000000,0.0000000000,0.0000000000,0.0732565895,0.0000000000,0.0281648338,0.0134561080,0.0000000000,0.0090235285,0.0076968847,0.0173537731,0.0428377651,0.0000000000,0.1030940637,0.6053957939,0.7101382613,0.0000000000,0.0000000000,0.0936510414,0.1381701976,0.0356670134,0.0529642291,0.1612392515,0.0048952773,0.3399675786,0.2515467107,0.1410324126,0.1478264034,0.0592464581,0.0687699169,0.0627690926,0.1189227104,0.2725459337,0.2730940878,0.0354201086,0.0000000000,0.0000000000,0.0545262583,0.2422610223,0.3819770217,0.2473788410,0.3470389843,0.0000001161,0.0309023932,0.0082163364,0.2595597208,0.0058866199,0.0608061105,-0.0003425425,0.0042269081,0.0608356893,0.0033008265
03:23:33:40.058,61,0.1311586797,0.1299465150,0.0094717843,0.0000000000,0.0000000000,0.0730708018,0.0000000000,0.1313675195,0.1301297396,0.0000000000,0.0000000000,0.0000000000,0.0730817094,0.0000000000,0.0282694120,0.0130144311,0.0000000000,0.0091083236,0.0078307120,0.0172063392,0.0426429994,0.0000000000,0.1023527831,0.6087851524,0.7121514082,0.0000000000,0.0000000000,0.0942816809,0.1379997432,0.0357847400,0.0524001718,0.1607944369,0.0046294332,0.3402497172,0.2519484758,0.1411149353,0.1480075121,0.0599578023,0.0692760348,0.0633696392,0.1193979681,0.2688812017,0.2693397701,0.0352617092,0.0000000000,0.0000000000,0.0544228330,0.2471377552,0.3844092488,0.2477968931,0.3472663760,0.0000001472,0.0323029198,0.0082876757,0.2631263435,0.0065579917,0.0610890239,-0.0002102954,0.0048941746,0.0611185580,0.0034503411
03:23:33:41.058,61,0.1339507103,0.1315844655,0.0112233302,0.0000000000,0.0000000000,0.0728193149,0.0000000000,0.1340955347,0.1317958981,0.0000000000,0.0000000000,0.0000000000,0.0728302673,0.0000000000,0.0283155888,0.0125698056,0.0000000000,0.0091743516,0.0079373270,0.0170616414,0.0425836854,0.0000000000,0.1016633660,0.6121140122,0.7139061689,0.0000000000,0.0000000000,0.0948995575,0.1378710717,0.0358468592,0.0518235154,0.1602738202,0.0043560928,0.3407572210,0.2525169849,0.1412502676,0.1482418329,0.0605759174,0.0696921200,0.0639155656,0.1197978854,0.2660634220,0.2664663196,0.0351372622,0.0000000000,0.0000000000,0.0543794036,0.2500769794,0.3859975934,0.2481123358,0.3473633826,0.0000001733,0.0331488065,0.0080910921,0.2667132318,0.0075395256,0.0618678331,-0.0000227799,0.0058678687,0.0618974715,0.0036862777
03:23:33:42.058,61,0.1455474049,0.1389054805,0.0146667529,0.0000000000,0.0000000000,0.0724385008,0.0000000000,0.1456931084,0.1391775757,0.0000000000,0.0000000000,0.0000000000,0.0724494755,0.0000000000,0.0283202231,0.0121422997,0.0000000000,0.0092264600,0.0080590313,0.0169464611,0.0425810926,0.0000000000,0.1011503339,0.6169102788,0.7170994878,0.0000000000,0.0000000000,0.0953384265,0.1376129091,0.0358582474,0.0512511954,0.1597734094,0.0040634261,0.3413179517,0.2531412542,0.1414382458,0.1485460997,0.0612211823,0.0701517314,0.0645301715,0.1203918979,0.2631481588,0.2635198832,0.0351108871,0.0000000000,0.0000000000,0.0543239303,0.2542518675,0.3914727569,0.2486492693,0.3478269577,0.0000001553,0.0340061709,0.0072908401,0.2698974013,0.0094534224,0.0653276891,0.0003165063,0.0077623427,0.0653575361,0.0042444295
03:23:33:43.057,61,0.1807246804,0.1558742374,0.0173378903,0.0000000000,0.0000000000,0.0721334368,0.0000000000,0.1810631901,0.1562083513,0.0000000000,0.0000000000,0.0000000000,0.0721443594,0.0000000000,0.0282246079,0.0118037984,0.0000000000,0.0092517817,0.0081913918,0.0168684181,0.0426845178,0.0000000000,0.1010447294,0.6189720631,0.7195790410,0.0000000000,0.0000000000,0.0955341011,0.1371671110,0.0358199328,0.0506706052,0.1593774259,0.0037554144,0.3419633508,0.2540585399,0.1417431831,0.1490133852,0.0618718639,0.0706407949,0.0652291402,0.1223416552,0.2599787116,0.2603587508,0.0353940018,0.0000000000,0.0000000000,0.0543079861,0.2647244930,0.4125068188,0.2529098094,0.3549413979,0.0000001178,0.0346332937,0.0071375221,0.2734386027,0.0109084733,0.0733203888,0.0005061412,0.0091748126,0.0733506083,0.0049415338
03:23:33:44.057,61,0.1907682121,0.1617992073,0.0176633131,0.0000000000,0.0000000000,0.0720317587,0.0000000000,0.1911470443,0.1621458232,0.0000000000,0.0000000000,0.0000000000,0.0720425919,0.0000000000,0.0282118767,0.0114460243,0.0000000000,0.0092890449,0.0083099268,0.0167666972,0.0425805710,0.0000000000,0.1006834358,0.6264283061,0.7241587043,0.0000000000,0.0000000000,0.0958521813,0.1368484795,0.0357867964,0.0500725806,0.1593440622,0.0034637346,0.3426683843,0.2557055056,0.1421758682,0.1496181637,0.0625655130,0.0711457208,0.0659236237,0.1233316362,0.2579517066,0.2583191097,0.0356771760,0.0000000000,0.0000000000,0.0543302074,0.2745296061,0.4204793870,0.2553475201,0.3572878838,0.0000000794,0.0346545875,0.0074206591,0.2768952250,0.0110838227,0.0761079192,0.0005045221,0.0093271285,0.0761382729,0.0051154313
03:23:33:45.057,61,0.1956326067,0.1652671546,0.0173265766,0.0000000000,0.0000000000,0.0719963610,0.0000000000,0.1960250884,0.1656124443,0.0000000000,0.0000000000,0.0000000000,0.0720070750,0.0000000000,0.0281428304,0.0110530620,0.0000000000,0.0092944661,0.0084060263,0.0166559573,0.0423774160,0.0000000000,0.0994036123,0.6370242238,0.7291156054,0.0000000000,0.0000000000,0.0961942300,0.1365039349,0.0357391760,0.0494409204,0.1592058986,0.0031547723,0.3434268534,0.2572392821,0.1425995827,0.1501952261,0.0631910264,0.0715605468,0.0666383728,0.1240388528,0.2565434575,0.2568868697,0.0359312892,0.0000000000,0.0000000000,0.0543501191,0.2810804844,0.4244438112,0.2567655444,0.3584893644,0.0000000386,0.0346332416,0.0071430206,0.2797032297,0.0108881630,0.0777363330,0.0004376494,0.0091218501,0.0777667910,0.0051520714
03:23:33:46.057,61,0.1979257315,0.1703711897,0.0169016272,0.0000000000,0.0000000000,0.0718942285,0.0000000000,0.1983169764,0.1707156152,0.0000000000,0.0000000000,0.0000000000,0.0719048530,0.0000000000,0.0280166250,0.0106076682,0.0000000000,0.0092988741,0.0085086031,0.0165411048,0.0421265885,0.0000000000,0.0939635560,0.6511092782,0.7349447012,0.0000000000,0.0000000000,0.0966331363,0.1361570656,0.0357027389,0.0487733334,0.1589738131,0.0028242550,0.3441876173,0.2584767044,0.1430308968,0.1507484466,0.0638606846,0.0719812438,0.0678161681,0.1245857999,0.2552396655,0.2555370629,0.0361711234,0.0000000000,0.0000000000,0.0543384142,0.2878682315,0.4266879857,0.2579201460,0.3589333594,0.0000000299,0.0339336060,0.0068351999,0.2823121548,0.0106448224,0.0801333636,0.0003480236,0.0088591427,0.0801639706,0.0052137193
03:23:33:47.057,61,0.1985323876,0.1755876392,0.0160667207,0.0000000000,0.0000000000,0.0715886652,0.0000000000,0.1988558322,0.1759243160,0.0000000000,0.0000000000,0.0000000000,0.0715992600,0.0000000000,0.0277800113,0.0101549625,0.0000000000,0.0092974240,0.0086558005,0.0164458435,0.0418339670,0.0000000000,0.0891037285,0.6590720415,0.7388650775,0.0000000000,0.0000000000,0.0969806835,0.1356691271,0.0356895626,0.0481350124,0.1581420749,0.0024752272,0.3446246386,0.2591080368,0.1431462914,0.1509361714,0.0645722747,0.0724567100,0.0695504472,0.1251294315,0.2542480528,0.2545119822,0.0364002325,0.0000000000,0.0000000000,0.0540829152,0.2908845246,0.4277488887,0.2593584955,0.3590217233,0.0000000402,0.0325971842,0.0065306574,0.2844387889,0.0101598958,0.0825807750,0.0002013505,0.0083673559,0.0826114565,0.0052245748
03:23:33:48.057,61,0.1967416108,0.1785351932,0.0148802428,0.0000000000,0.0000000000,0.0710967928,0.0000000000,0.1969475895,0.1788551658,0.0000000000,0.0000000000,0.0000000000,0.0711073354,0.0000000000,0.0274513103,0.0096917152,0.0000000000,0.0092940265,0.0088247051,0.0163642112,0.0416352488,0.0000000000,0.0846685991,0.6644012332,0.7411566973,0.0000000000,0.0000000000,0.0972951353,0.1351130009,0.0356699824,0.0475041196,0.1561020762,0.0021199076,0.3448829055,0.2594445348,0.1430595815,0.1508569568,0.0652681589,0.0729289427,0.0714953765,0.1256621778,0.2533777058,0.2536201179,0.0366246328,0.0000000000,0.0000000000,0.0536983870,0.2927795351,0.4280695915,0.2608261406,0.3587960303,0.0000000518,0.0307401270,0.0066303089,0.2864207029,0.0094709732,0.0839593560,0.0000223152,0.0076913610,0.0839901417,0.0051382999
03:23:33:49.057,61,0.1947343498,0.1798672974,0.0135503188,0.0000000000,0.0000000000,0.0705937520,0.0000000000,0.1948583871,0.1801611930,0.0000000000,0.0000000000,0.0000000000,0.0706041679,0.0000000000,0.0271146428,0.0091559952,0.0000000000,0.0093417959,0.0090710912,0.0163277891,0.0414262600,0.0000000000,0.0763634965,0.6712005138,0.7427181602,0.0000000000,0.0000000000,0.0975911319,0.1342955977,0.0356778726,0.0468507744,0.1541220397,0.0017792035,0.3447688818,0.2593205571,0.1426790804,0.1504208297,0.0664451197,0.0735104010,0.0737889409,0.1260747015,0.2525567412,0.2527774274,0.0368566066,0.0000000000,0.0000000000,0.0532249808,0.2973514795,0.4281124473,0.2629808486,0.3582339585,0.0000000627,0.0282504335,0.0071562082,0.2885898054,0.0086751971,0.0845755339,-0.0001704942,0.0069438033,0.0846085697,0.0049969605
03:23:33:50.057,61,0.1937086135,0.1800004840,0.0116713708,0.0000000000,0.0000000000,0.0702431798,0.0000000000,0.1938001066,0.1802625805,0.0000000000,0.0000000000,0.0000000000,0.0702534392,0.0000000000,0.0267945807,0.0085549112,0.0000000000,0.0094493413,0.0093953731,0.0163528435,0.0411855020,0.0000000000,0.0706751719,0.6747954488,0.7437249422,0.0000000000,0.0000000000,0.0978267491,0.1330307275,0.0357254967,0.0462465957,0.1521369815,0.0014688215,0.3444023132,0.2588698268,0.1418141723,0.1489055604,0.0677375719,0.0741651580,0.0755002424,0.1263781190,0.2517748177,0.2519759834,0.0371418893,0.0000000000,0.0000000000,0.0526524484,0.3028782308,0.4281277657,0.2651849389,0.3573523164,0.0000000856,0.0254120808,0.0075600892,0.2904951572,0.0075964127,0.0846272409,-0.0004193899,0.0058964193,0.0846602768,0.0047589247
03:23:33:51.057,61,0.1928864568,0.1809035987,0.0104180668,0.0000000000,0.0000000000,0.0699265152,0.0000000000,0.1929594129,0.1811453104,0.0000000000,0.0000000000,0.0000000000,0.0699365661,0.0000000000,0.0263786484,0.0079502948,0.0000000000,0.0095839035,0.0097793685,0.0164491348,0.0411524735,0.0000000000,0.0664776564,0.6764904261,0.7440750003,0.0000000000,0.0000000000,0.0978294984,0.1300165951,0.0357422978,0.0456410795,0.1478617489,0.0011647083,0.3440716565,0.2583040893,0.1395790577,0.1456718147,0.0685601160,0.0746882483,0.0773216113,0.1266882420,0.2510201335,0.2512026131,0.0374478735,0.0000000000,0.0000000000,0.0519267172,0.3057914078,0.4278513491,0.2682324648,0.3565962613,0.0000001040,0.0227186047,0.0073093697,0.2923485041,0.0068863537,0.0850446522,-0.0005904753,0.0051939264,0.0850776732,0.0046169446
03:23:33:52.056,61,0.1920832396,0.1822839081,0.0089889979,0.0000000000,0.0000000000,0.0694577545,0.0000000000,0.1921451837,0.1825026423,0.0000000000,0.0000000000,0.0000000000,0.0694676116,0.0000000000,0.0259271078,0.0073318304,0.0000000000,0.0097266734,0.0101652695,0.0165479183,0.0411248393,0.0000000000,0.0617016219,0.6776707172,0.7442113757,0.0000000000,0.0000000000,0.0978161916,0.1278685927,0.0357404128,0.0450193584,0.1447003633,0.0008623573,0.3437369168,0.2576780915,0.1371805072,0.1425018311,0.0692411214,0.0751511008,0.0789174363,0.1268958449,0.2501428425,0.2502727509,0.0377310179,0.0000000000,0.0000000000,0.0508701280,0.3073841035,0.4259679317,0.2697105706,0.3536976576,0.0000001072,0.0202996191,0.0067773536,0.2939244211,0.0060815942,0.0856854022,-0.0007884251,0.0043914281,0.0857185125,0.0044614659
03:23:33:53.056,61,0.1914383471,0.1834297925,0.0064830510,0.0000000000,0.0000000000,0.0689557344,0.0000000000,0.1914930791,0.1836068034,0.0000000000,0.0000000000,0.0000000000,0.0689654127,0.0000000000,0.0254655387,0.0067293225,0.0000000000,0.0098672537,0.0105338348,0.0166333336,0.0410843603,0.0000000000,0.0551729128,0.6808542013,0.7444382310,0.0000000000,0.0000000000,0.0978669301,0.1264986992,0.0357328244,0.0443564206,0.1420779824,0.0005563946,0.3435101807,0.2571029365,0.1353549957,0.1401445866,0.0698428452,0.0755448267,0.0803909004,0.1269591451,0.2489752620,0.2490431815,0.0379539877,0.0000000000,0.0000000000,0.0497371219,0.3086079359,0.4232955575,0.2708229721,0.3496372104,0.0000001119,0.0180816650,0.0062610358,0.2954100072,0.0046671778,0.0862103105,-0.0011262600,0.0029905438,0.0862433761,0.0041612857
03:23:33:54.057,61,0.1908401549,0.1846385896,0.0040268358,0.0000000000,0.0000000000,0.0684698969,0.0000000000,0.1908895224,0.1847744882,0.0000000000,0.0000000000,0.0000000000,0.0684793964,0.0000000000,0.0249885749,0.0061908420,0.0000000000,0.0100015476,0.0108892173,0.0167276692,0.0410690680,0.0000000000,0.0497390106,0.6828634739,0.7445394397,0.0000000000,0.0000000000,0.0978978276,0.1251678169,0.0357293226,0.0436815545,0.1402174979,0.0002487839,0.3434585929,0.2566458285,0.1334854364,0.1379463226,0.0703323334,0.0758477449,0.0819606930,0.1269878447,0.2479139566,0.2479327470,0.0381873660,0.0000000000,0.0000000000,0.0485929959,0.3101943433,0.4214895666,0.2723064721,0.3470088840,0.0000000976,0.0162068214,0.0061244294,0.2967904508,0.0032733604,0.0867653936,-0.0014615534,0.0016174056,0.0867985338,0.0038672681
03:23:33:55.056,61,0.1903074235,0.1867887378,0.0019061951,0.0000000000,0.0000000000,0.0679030344,0.0000000000,0.1903523803,0.1868897527,0.0000000000,0.0000000000,0.0000000000,0.0679123700,0.0000000000,0.0244815834,0.0057113720,0.0000000000,0.0101168910,0.0112069538,0.0168141015,0.0411235318,0.0000000000,0.0457735397,0.6841223240,0.7445049286,0.0000000000,0.0000000000,0.0979250297,0.1240857169,0.0356867276,0.0429740585,0.1388893574,0.0000000000,0.3436102271,0.2563718259,0.1323253810,0.1366116256,0.0706835091,0.0760195553,0.0834764093,0.1270179451,0.2470391840,0.2470346838,0.0383968800,0.0000000000,0.0000000000,0.0476135164,0.3112192750,0.4193077683,0.2741594613,0.3454259634,0.0000000773,0.0142738167,0.0060493052,0.2981020510,0.0020750426,0.0877649933,-0.0017635860,0.0004273877,0.0877981037,0.0036326195
03:23:33:56.057,61,0.1898941994,0.1886451989,0.0000000000,0.0000000000,0.0000000000,0.0673676208,0.0000000000,0.1899355948,0.1887067854,0.0000000000,0.0000000000,0.0000000000,0.0673768073,0.0000000000,0.0239911359,0.0052704778,0.0000000000,0.0102142282,0.0114826951,0.0168873183,0.0412227362,0.0000000000,0.0436174981,0.6850990057,0.7444193959,0.0000000000,0.0000000000,0.0979773328,0.1232495978,0.0356170908,0.0422924086,0.1379160732,0.0000000000,0.3437929451,0.2561695278,0.1315112263,0.1357093304,0.0709735230,0.0761431605,0.0845005885,0.1270082593,0.2462961674,0.2462765872,0.0385630801,0.0000000000,0.0000000000,0.0468492173,0.3120310307,0.4176240861,0.2752780914,0.3440120220,0.0000000697,0.0124507807,0.0061147138,0.2995961308,0.0007532798,0.0886255354,-0.0020935461,-0.0008989573,0.0886587352,0.0033579939
03:23:33:57.056,61,0.1894482970,0.1905439347,0.0000000000,0.0000000000,0.0000000000,0.0668116957,0.0000000000,0.1894868314,0.1905696839,0.0014954280,0.0000000000,0.0000000000,0.0668207705,0.0000000000,0.0235186126,0.0049342895,0.0000000000,0.0102476273,0.0116542680,0.0168767497,0.0411010422,0.0000000000,0.0422646292,0.6866596341,0.7445536256,0.0000000000,0.0000000000,0.0981552526,0.1226963326,0.0355028622,0.0416088440,0.1371972859,0.0000000000,0.3438457847,0.2559736371,0.1309059858,0.1350632757,0.0711921975,0.0761912316,0.0852555260,0.1268992722,0.2456872314,0.2456572801,0.0386458561,0.0000000000,0.0000000000,0.0461697206,0.3125268817,0.4162064493,0.2760853171,0.3427667618,0.0000000655,0.0106689557,0.0060541481,0.3008180559,-0.0004395619,0.0895073712,-0.0023961738,-0.0020999461,0.0895406008,0.0031112251
03:23:33:58.055,61,0.1890020669,0.1934936196,0.0000000000,0.0000000000,0.0000000000,0.0661436617,0.0000000000,0.1890383065,0.1934611350,0.0048577259,0.0000000000,0.0000000000,0.0661527067,0.0000000000,0.0230551902,0.0047123251,0.0000000000,0.0102551188,0.0117958421,0.0168451294,0.0408686213,0.0000000000,0.0415525921,0.6876415014,0.7448151112,0.0000000000,0.0000000000,0.0982716903,0.1222344115,0.0353616811,0.0409798883,0.1364938468,0.0000000000,0.3436777890,0.2556226552,0.1303132772,0.1344683915,0.0713755190,0.0762360990,0.0858320221,0.1268237680,0.2450480163,0.2450114191,0.0387007594,0.0000000000,0.0000000000,0.0454825610,0.3126080334,0.4150600731,0.2767461538,0.3419497609,0.0000000644,0.0090130530,0.0059624314,0.3021753430,-0.0023485534,0.0908772349,-0.0028839265,-0.0040265247,0.0909105241,0.0027090595
03:23:33:59.055,61,0.1887023300,0.1966736019,0.0000000000,0.0000000000,0.0000000000,0.0654321611,0.0000000000,0.1887363195,0.1965887249,0.0078702206,0.0000000000,0.0000000000,0.0654411390,0.0000000000,0.0226322748,0.0045326687,0.0000000000,0.0102305319,0.0118590007,0.0167836063,0.0405634865,0.0000000000,0.0409394577,0.6885229945,0.7450429201,0.0000000000,0.0000000000,0.0985083580,0.1219390258,0.0351854675,0.0403300487,0.1360557526,0.0000000000,0.3437218666,0.2555385530,0.1300765723,0.1342538595,0.0714668259,0.0761781186,0.0863355771,0.1266758293,0.2443902194,0.2443479598,0.0387141034,0.0000000000,0.0000000000,0.0449916013,0.3126533329,0.4138297439,0.2774090171,0.3411943018,0.0000000689,0.0070632286,0.0066368133,0.3038136363,-0.0040561240,0.0923576057,-0.0033326466,-0.0057577379,0.0923909992,0.0023516421
03:23:34:00.055,61,0.1884301901,0.1994781196,0.0000000000,0.0000000000,0.0000000000,0.0646550059,0.0000000000,0.1884620339,0.1993386149,0.0109619228,0.0000000000,0.0000000000,0.0646638870,0.0000000000,0.0222358443,0.0044118296,0.0000000000,0.0102033895,0.0118995328,0.0167172831,0.0401905999,0.0000000000,0.0403263681,0.6894425750,0.7452517152,0.0000000000,0.0000000000,0.0987706482,0.1217059195,0.0349877663,0.0396785289,0.1357443184,0.0000000000,0.3438816965,0.2555655241,0.1299334615,0.1341477185,0.0715046003,0.0760651007,0.0868205205,0.1265012622,0.2438169420,0.2437700927,0.0386673026,0.0000000000,0.0000000000,0.0445268601,0.3126382232,0.4123672545,0.2782420814,0.3405413628,0.0000000668,0.0046057776,0.0069083795,0.3055553138,-0.0058088582,0.0936617702,-0.0037918449,-0.0075314343,0.0936952382,0.0019728146
03:23:34:01.055,61,0.1881583333,0.2007810324,0.0000000000,0.0000000000,0.0000000000,0.0640492067,0.0000000000,0.1881882101,0.2005815953,0.0142999683,0.0000000000,0.0000000000,0.0640580207,0.0000000000,0.0218575429,0.0043089991,0.0000000000,0.0101881223,0.0119264573,0.0167089477,0.0400840901,0.0000000000,0.0394852795,0.6898720860,0.7449981570,0.0000000000,0.0000000000,0.0989665017,0.1214000434,0.0347727723,0.0390200578,0.1355368346,0.0000000000,0.3448184729,0.2559682727,0.1300468892,0.1343022287,0.0714100823,0.0758235082,0.0873447284,0.1263078749,0.2433677167,0.2433169931,0.0385793336,0.0000000000,0.0000000000,0.0442813411,0.3127538264,0.4109521806,0.2796005011,0.3398261666,0.0000000708,0.0017958172,0.0072405785,0.3076951504,-0.0077062659,0.0942599475,-0.0042664898,-0.0094392356,0.0942935497,0.0015348550
03:23:34:02.054,61,0.1877510399,0.2012985200,0.0000000000,0.0000000000,0.0000000000,0.0635705814,0.0000000000,0.1877790093,0.2010293603,0.0181593318,0.0000000000,0.0000000000,0.0635793433,0.0000000000,0.0215077940,0.0042288303,0.0000000000,0.0101513499,0.0118619166,0.0166696217,0.0400819182,0.0000000000,0.0384359397,0.6898890138,0.7439251542,0.0000000000,0.0000000000,0.0993325934,0.1212782040,0.0345621407,0.0383925885,0.1356442720,0.0000000000,0.3500842154,0.2598995566,0.1315428615,0.1362098455,0.0711325631,0.0754025355,0.0878228620,0.1260241270,0.2431504875,0.2430967689,0.0384213366,0.0000000000,0.0000000000,0.0443600677,0.3127924204,0.4087043703,0.2805112898,0.3383572400,0.0000000657,-0.0013431050,0.0069044307,0.3100444973,-0.0099031925,0.0944880396,-0.0048020100,-0.0116542280,0.0945216268,0.0010098917
03:23:34:03.054,61,0.1871576756,0.2006574124,0.0000000000,0.0000000000,0.0000000000,0.0632559136,0.0000000000,0.1871838123,0.2003198415,0.0219640844,0.0000000000,0.0000000000,0.0632645711,0.0000000000,0.0212262459,0.0041347789,0.0000000000,0.0101289852,0.0117799947,0.0166303944,0.0400250368,0.0000000000,0.0364468284,0.6898363233,0.7425947189,0.0000000000,0.0000000000,0.0997582823,0.1212050915,0.0343804248,0.0378036350,0.1358536482,0.0000000000,0.3527296484,0.2619873881,0.1325767934,0.1374462694,0.0708351433,0.0749633238,0.0882500932,0.1255910546,0.2429642975,0.2429077625,0.0382014774,0.0000000000,0.0000000000,0.0445361324,0.3129403889,0.4066231549,0.2812378407,0.3343350887,0.0000000612,-0.0044848956,0.0060603619,0.3123213053,-0.0120735802,0.0941733420,-0.0053110467,-0.0138194524,0.0942068100,0.0004814169
03:23:34:04.054,61,0.1853522211,0.1984884590,0.0000000000,0.0000000000,0.0000000000,0.0630818680,0.0000000000,0.1853706241,0.1980625242,0.0268909354,0.0000000000,0.0000000000,0.0630904287,0.0000000000,0.0210296810,0.0040433374,0.0000000000,0.0101594264,0.0117023718,0.0165967029,0.0398956425,0.0000000000,0.0332711227,0.6888422966,0.7358218431,0.0000000000,0.0000000000,0.1002467200,0.1211696714,0.0342465863,0.0372618735,0.1361267567,0.0000000000,0.3545309305,0.2632694840,0.1333373040,0.1382861435,0.0704913661,0.0744771361,0.0885303020,0.1245723665,0.2427540869,0.2426952273,0.0379052013,0.0000000000,0.0000000000,0.0446974635,0.3127298951,0.3987414241,0.2817026973,0.3272373080,0.0000000797,-0.0082933679,0.0047646537,0.3150393069,-0.0148905106,0.0931384116,-0.0059432741,-0.0166372117,0.0931719095,-0.0002188981
03:23:34:05.055,61,0.1826636642,0.1959641129,0.0000000000,0.0000000000,0.0000000000,0.0629761517,0.0000000000,0.1826739013,0.1954474896,0.0320067070,0.0000000000,0.0000000000,0.0629846156,0.0000000000,0.0208455790,0.0039300621,0.0000000000,0.0101560634,0.0115494672,0.0164805185,0.0394923426,0.0000000000,0.0283900499,0.6885963678,0.7335752249,0.0000000000,0.0000000000,0.1013298780,0.1213406473,0.0340885706,0.0366854258,0.1363026202,0.0000000000,0.3554844260,0.2640656531,0.1339408904,0.1388923675,0.0701136440,0.0739490241,0.0886233449,0.1211896464,0.2425495088,0.2424880415,0.0375901461,0.0000000000,0.0000000000,0.0448657386,0.3124797046,0.3925806880,0.2816336155,0.3133180737,0.0000001007,-0.0123325773,0.0033076406,0.3178317547,-0.0178181827,0.0919382125,-0.0065881684,-0.0195613392,0.0919716507,-0.0009417455
03:23:34:06.055,61,0.1801366657,0.1915216893,0.0000000000,0.0000000000,0.0000000000,0.0630283356,0.0000000000,0.1801432520,0.1908976287,0.0381900966,0.0000000000,0.0000000000,0.0630367026,0.0000000000,0.0208188836,0.0037561180,0.0000000000,0.0102263652,0.0114060594,0.0163501073,0.0389306061,0.0000000000,0.0240283515,0.6882120967,0.7306894064,0.0000000000,0.0000000000,0.1035517156,0.1216943488,0.0339932926,0.0361710116,0.1368054599,0.0000000000,0.3558931947,0.2644712031,0.1344304681,0.1393349618,0.0698473677,0.0735331178,0.0885016248,0.1164199486,0.2423740327,0.2423101366,0.0372752734,0.0000000000,0.0000000000,0.0450477675,0.3122322857,0.3882264793,0.2811901867,0.3029353023,0.0000001317,-0.0168635361,0.0011429563,0.3204085827,-0.0213660821,0.0898369402,-0.0073282029,-0.0230928287,0.0898702592,-0.0018157377
03:23:34:07.054,61,0.1788805425,0.1887459010,0.0000000000,0.0000000000,0.0000000000,0.0632015467,0.0000000000,0.1788859814,0.1880353391,0.0432115644,0.0000000000,0.0000000000,0.0632098168,0.0000000000,0.0208411142,0.0035787474,0.0000000000,0.0103064273,0.0112953680,0.0162684042,0.0384455100,0.0000000000,0.0221145265,0.6878832579,0.7292420268,0.0000000000,0.0000000000,0.1046338305,0.1220040098,0.0338920429,0.0357347205,0.1372449696,0.0000000000,0.3557512164,0.2643857002,0.1348591596,0.1397197694,0.0696829706,0.0732571855,0.0882866830,0.1138336137,0.2422719896,0.2422071248,0.0369640067,0.0000000000,0.0000000000,0.0452924035,0.3120432198,0.3862961233,0.2806998789,0.2986758351,0.0000001528,-0.0213429406,-0.0017768070,0.3231096566,-0.0242452398,0.0885235518,-0.0079373866,-0.0259635057,0.0885568112,-0.0025092908
03:23:34:08.054,61,0.1779518425,0.1865908504,0.0000000000,0.0000000000,0.0000000000,0.0634120628,0.0000000000,0.1779572815,0.1857914478,0.0483883321,0.0000000000,0.0000000000,0.0634202361,0.0000000000,0.0208599828,0.0033185775,0.0000000000,0.0103965262,0.0112405540,0.0162607376,0.0380965024,0.0000000000,0.0207695924,0.6876744628,0.7281610370,0.0000000000,0.0000000000,0.1053051353,0.1220899671,0.0337665156,0.0353302956,0.1374351531,0.0000000000,0.3547118306,0.2634641230,0.1350965649,0.1398808360,0.0695943162,0.0730803832,0.0880817324,0.1120071411,0.2422062606,0.2421414703,0.0366638117,0.0000000000,0.0000000000,0.0455045216,0.3120313287,0.3851458132,0.2803719342,0.2961530685,0.0000002264,-0.0253867209,-0.0043007433,0.3258359432,-0.0272112116,0.0875035673,-0.0085747633,-0.0289256498,0.0875367224,-0.0032131122
03:23:34:09.054,61,0.1768095791,0.1854100078,0.0000000000,0.0000000000,0.0000000000,0.0635388047,0.0000000000,0.1768164486,0.1845388561,0.0525560565,0.0000000000,0.0000000000,0.0635468811,0.0000000000,0.0207982771,0.0031179879,0.0000000000,0.0104682511,0.0112114130,0.0163225476,0.0379867144,0.0000000000,0.0198600460,0.6867219210,0.7251486182,0.0000000000,0.0000000000,0.1055906788,0.1219268739,0.0336042158,0.0349279866,0.1373677999,0.0000000000,0.3540269434,0.2627417147,0.1351650208,0.1398652643,0.0694080368,0.0728511363,0.0879675299,0.1108979732,0.2421078235,0.2420445979,0.0364000909,0.0000000000,0.0000000000,0.0456658565,0.3118050396,0.3841995597,0.2802469730,0.2947029173,0.0000003256,-0.0295489803,-0.0066446215,0.3278435171,-0.0295967907,0.0869441330,-0.0090976590,-0.0313285291,0.0869772285,-0.0037772546
03:23:34:10.054,61,0.1750706732,0.1822293699,0.0000000000,0.0000000000,0.0000000000,0.0638532415,0.0000000000,0.1750778407,0.1813013405,0.0560424402,0.0000000000,0.0000000000,0.0638611689,0.0000000000,0.0207934603,0.0029231252,0.0000000000,0.0105438018,0.0111977477,0.0163842123,0.0378176346,0.0000000000,0.0191095006,0.6860904694,0.7237563729,0.0000000000,0.0000000000,0.1057767943,0.1217344031,0.0334899165,0.0345946066,0.1372825950,0.0000000000,0.3533059955,0.2619905174,0.1351232976,0.1397317052,0.0692564920,0.0726736560,0.0878388584,0.1100214273,0.2419810444,0.2419195771,0.0361405686,0.0000000000,0.0000000000,0.0457635596,0.3117898107,0.3836360276,0.2801696658,0.2937001884,0.0000004588,-0.0330398604,-0.0080259815,0.3296889961,-0.0316062272,0.0854473263,-0.0094750561,-0.0333353356,0.0854803771,-0.0042522373
03:23:34:11.054,61,0.1740284264,0.1809753031,0.0000000000,0.0000000000,0.0000000000,0.0641319677,0.0000000000,0.1740357131,0.1800126135,0.0581321158,0.0000000000,0.0000000000,0.0641397238,0.0000000000,0.0207585189,0.0027814314,0.0000000000,0.0105975904,0.0111876344,0.0164558906,0.0376271941,0.0000000000,0.0185303278,0.6853659153,0.7223168612,0.0000000000,0.0000000000,0.1058154181,0.1214601621,0.0333651900,0.0342703089,0.1371188909,0.0000000000,0.3526529372,0.2612608969,0.1350229830,0.1395472288,0.0690811947,0.0724799708,0.0877344534,0.1093396470,0.2419364303,0.2418770790,0.0358743928,0.0000000000,0.0000000000,0.0457720794,0.3116776645,0.3830870092,0.2803620100,0.2932103276,0.0000005921,-0.0360551998,-0.0086269602,0.3311547637,-0.0328071974,0.0848569721,-0.0097160088,-0.0345539860,0.0848900080,-0.0045361416
03:23:34:12.054,61,0.1731232256,0.1802501231,0.0000000000,0.0000000000,0.0000000000,0.0643491372,0.0000000000,0.1731310040,0.1792405397,0.0609021150,0.0000000000,0.0000000000,0.0643567666,0.0000000000,0.0206934363,0.0026395323,0.0000000000,0.0106505407,0.0111769633,0.0165206548,0.0374091454,0.0000000000,0.0179539956,0.6846634746,0.7209204435,0.0000000000,0.0000000000,0.1058298349,0.1211779043,0.0332402140,0.0339691453,0.1368609667,0.0000000000,0.3520118594,0.2605253756,0.1347823292,0.1392119825,0.0688887089,0.0722730830,0.0876014456,0.1086783856,0.2418882698,0.2418320626,0.0356393233,0.0000000000,0.0000000000,0.0457124300,0.3114779890,0.3824924529,0.2804849148,0.2926995754,0.0000006272,-0.0383386835,-0.0090080276,0.3325384259,-0.0343936943,0.0845151842,-0.0100592515,-0.0361416824,0.0845481604,-0.0049025267
03:23:34:13.054,61,0.1724023521,0.1807106733,0.0000000000,0.0000000000,0.0000000000,0.0645326003,0.0000000000,0.1724112034,0.1796773225,0.0622404106,0.0000000000,0.0000000000,0.0645401403,0.0000000000,0.0205964670,0.0025075621,0.0000000000,0.0106813107,0.0111709805,0.0165985953,0.0372485258,0.0000000000,0.0175570957,0.6838535070,0.7196739316,0.0000000000,0.0000000000,0.1057265401,0.1208366603,0.0330900736,0.0336905308,0.1363910735,0.0000000000,0.3506921530,0.2586362660,0.1345063001,0.1388437301,0.0686933696,0.0720803291,0.0874218568,0.1080574095,0.2419443876,0.2418921441,0.0353819840,0.0000000000,0.0000000000,0.0456552505,0.3110564053,0.3818010092,0.2806035876,0.2923117280,0.0000007375,-0.0396974161,-0.0094957054,0.3339821994,-0.0351550393,0.0847310126,-0.0102474829,-0.0369082987,0.0847640038,-0.0050782436
03:23:34:14.054,61,0.1712695062,0.1808689386,0.0000000000,0.0000000000,0.0000000000,0.0646175966,0.0000000000,0.1712814867,0.1798225343,0.0629775375,0.0000000000,0.0000000000,0.0646250844,0.0000000000,0.0204625335,0.0024691073,0.0000000000,0.0107082427,0.0111413263,0.0166393593,0.0370752811,0.0000000000,0.0170674436,0.6811224222,0.7160031199,0.0000000000,0.0000000000,0.1056235284,0.1204956174,0.0329040326,0.0333637670,0.1358784735,0.0000000000,0.3495861888,0.2571572959,0.1340999752,0.1383406371,0.0684085563,0.0717843026,0.0871752873,0.1073471010,0.2420540005,0.2420048416,0.0351339653,0.0000000000,0.0000000000,0.0455317758,0.3094892502,0.3777824342,0.2805145681,0.2916784585,0.0000008072,-0.0404332131,-0.0099034533,0.3354882002,-0.0355749875,0.0848051906,-0.0103486059,-0.0373305045,0.0848381817,-0.0051752389
03:23:34:15.053,61,0.1699254960,0.1809917390,0.0000000000,0.0000000000,0.0000000000,0.0646349117,0.0000000000,0.1699392051,0.1799292117,0.0638973787,0.0000000000,0.0000000000,0.0646423325,0.0000000000,0.0202593245,0.0024698374,0.0000000000,0.0107313599,0.0111184437,0.0167011693,0.0370870680,0.0000000000,0.0165936276,0.6713113189,0.7060166001,0.0000000000,0.0000000000,0.1053630859,0.1199938804,0.0327045172,0.0330309160,0.1349310726,0.0000000000,0.3484611213,0.2554039657,0.1334747970,0.1373517513,0.0680271983,0.0714006722,0.0868666619,0.1064974368,0.2420969605,0.2420508265,0.0349458754,0.0000000000,0.0000000000,0.0452952124,0.3044542372,0.3690457642,0.2802787125,0.2904878855,0.0000010294,-0.0408462659,-0.0100926608,0.3369694948,-0.0360994712,0.0848626643,-0.0104727410,-0.0378491059,0.0848957002,-0.0052945060
03:23:34:16.053,61,0.1683629155,0.1812489331,0.0000000000,0.0000000000,0.0000000000,0.0645600632,0.0000000000,0.1683758944,0.1801722795,0.0646958873,0.0000000000,0.0000000000,0.0645674169,0.0000000000,0.0200407188,0.0024322125,0.0000000000,0.0107410364,0.0110612148,0.0167030990,0.0370002426,0.0000000000,0.0159504917,0.6681967974,0.7024428844,0.0000000000,0.0000000000,0.1052479520,0.1195864007,0.0324966758,0.0326671824,0.1340630800,0.0000000000,0.3475845158,0.2543313801,0.1326058060,0.1359558851,0.0675952286,0.0709457174,0.0865221545,0.1051803231,0.2419942915,0.2419493496,0.0347776599,0.0000000000,0.0000000000,0.0449557863,0.3017113805,0.3628962040,0.2799369991,0.2882183492,0.0000012604,-0.0411766768,-0.0103688836,0.3380274177,-0.0365537815,0.0849834234,-0.0105848899,-0.0383024067,0.0850164145,-0.0053987657
03:23:34:17.053,61,0.1674558967,0.1819898933,0.0000000000,0.0000000000,0.0000000000,0.0643430278,0.0000000000,0.1674687564,0.1808955669,0.0656474307,0.0000000000,0.0000000000,0.0643503442,0.0000000000,0.0197917074,0.0024468221,0.0000000000,0.0107643800,0.0110486597,0.0167385899,0.0370488986,0.0000000000,0.0153357415,0.6661285162,0.6997742653,0.0000000000,0.0000000000,0.1049714163,0.1190297827,0.0322772786,0.0323006585,0.1323920190,0.0000000000,0.3462741375,0.2524603605,0.1304447651,0.1333067417,0.0671913475,0.0705232993,0.0861961469,0.1042893976,0.2418055981,0.2417614758,0.0346735679,0.0000000000,0.0000000000,0.0444671959,0.2988422811,0.3589061201,0.2796469033,0.2870616913,0.0000013591,-0.0412165448,-0.0101792589,0.3390512168,-0.0370922424,0.0853313506,-0.0107312761,-0.0388377532,0.0853643715,-0.0055220388
03:23:34:18.052,61,0.1667842269,0.1827354580,0.0000000000,0.0008613195,0.0000000000,0.0640904754,0.0000000000,0.1667971015,0.1816235483,0.0665975958,0.0000000000,0.0000000000,0.0640977621,0.0000000000,0.0195695050,0.0024901184,0.0000000000,0.0107961567,0.0110455593,0.0167842470,0.0371924788,0.0000000000,0.0147918556,0.6635563970,0.6969084740,0.0000000000,0.0000000000,0.1046471372,0.1184368059,0.0320772789,0.0319495276,0.1314536035,0.0000000000,0.3453567624,0.2513828576,0.1292110533,0.1318752468,0.0668026954,0.0701166391,0.0859028175,0.1035420001,0.2415892035,0.2415457815,0.0346598141,0.0000000000,0.0000000000,0.0440150909,0.2974072993,0.3569630980,0.2794845700,0.2862854600,0.0000013722,-0.0412909165,-0.0098226666,0.3399032354,-0.0376297645,0.0856815279,-0.0108779939,-0.0393725187,0.0857145637,-0.0056455717
03:23:34:19.052,61,0.1664281785,0.1840319335,0.0000000000,0.0013280346,0.0000000000,0.0638231710,0.0000000000,0.1664411575,0.1829089820,0.0671064258,0.0000000000,0.0000000000,0.0638304278,0.0000000000,0.0193624683,0.0025515882,0.0000000000,0.0108290464,0.0110508641,0.0168386661,0.0373769738,0.0000000000,0.0143605834,0.6592476964,0.6932649612,0.0000000000,0.0000000000,0.1042530909,0.1178048849,0.0319094658,0.0316436626,0.1306966096,0.0000000000,0.3441700041,0.2501751482,0.1282307059,0.1307999343,0.0664443448,0.0697415248,0.0855784863,0.1028508469,0.2413540184,0.2413114309,0.0347275324,0.0000000000,0.0000000000,0.0435564965,0.2963031530,0.3557440341,0.2793994248,0.2857723832,0.0000011930,-0.0413671955,-0.0094152614,0.3405537307,-0.0379114896,0.0862904042,-0.0109830881,-0.0396501906,0.0863234848,-0.0057102260
03:23:34:20.052,61,0.1662220657,0.1856418103,0.0000000000,0.0015296801,0.0000000000,0.0635373965,0.0000000000,0.1662350148,0.1845120192,0.0673479065,0.0000000000,0.0000000000,0.0635446310,0.0000000000,0.0191147607,0.0026204945,0.0000000000,0.0108721051,0.0110774487,0.0169182401,0.0376270227,0.0000000000,0.0138826240,0.6502503753,0.6840375662,0.0000000000,0.0000000000,0.1037362441,0.1166523024,0.0317712836,0.0313588418,0.1299356967,0.0000000000,0.3433237970,0.2492482215,0.1265014112,0.1289261431,0.0660329983,0.0693115070,0.0852802321,0.1021870971,0.2410988212,0.2410570532,0.0348738134,0.0000000000,0.0000000000,0.0429804139,0.2944971323,0.3536950350,0.2794252634,0.2853604257,0.0000011396,-0.0414782763,-0.0083771646,0.3413679898,-0.0380383506,0.0870464742,-0.0110623855,-0.0397700295,0.0870796293,-0.0057387138
03:23:34:21.052,61,0.1663947105,0.1877404153,0.0000000000,0.0020127848,0.0000000000,0.0632667392,0.0000000000,0.1664082557,0.1865980178,0.0678726807,0.0000000000,0.0000000000,0.0632739663,0.0000000000,0.0189103093,0.0027254778,0.0000000000,0.0108905630,0.0111014638,0.0169785395,0.0376339667,0.0000000000,0.0137558589,0.6456279755,0.6808796525,0.0000000000,0.0000000000,0.1031818315,0.1158328503,0.0317118093,0.0312031563,0.1293337941,0.0000000000,0.3415544629,0.2474504411,0.1248707622,0.1273170710,0.0657108352,0.0689952150,0.0849483982,0.1016496867,0.2407398969,0.2407014966,0.0350644439,0.0000000000,0.0000000000,0.0423442759,0.2922088206,0.3526997566,0.2795904875,0.2853696048,0.0000010965,-0.0417520925,-0.0073937178,0.3419370651,-0.0383234546,0.0880320966,-0.0111939814,-0.0400572047,0.0880652815,-0.0058067134
03:23:34:22.052,61,0.1667189598,0.1899114698,0.0000000000,0.0025047790,0.0000000000,0.0630117208,0.0000000000,0.1667329818,0.1887559146,0.0684118345,0.0000000000,0.0000000000,0.0630189031,0.0000000000,0.0187569670,0.0027751601,0.0000000000,0.0109171169,0.0111142751,0.0170085486,0.0375313498,0.0000000000,0.0135456873,0.6432901025,0.6789261699,0.0000000000,0.0000000000,0.1027467102,0.1151722670,0.0316897444,0.0310765021,0.1289395839,0.0000000000,0.3405469656,0.2464479357,0.1238163561,0.1262573451,0.0654172599,0.0686920136,0.0846413970,0.1011122093,0.2403234392,0.2402868718,0.0352582224,0.0000000000,0.0000000000,0.0417126082,0.2910632491,0.3519673049,0.2798332572,0.2853821218,0.0000010997,-0.0419975296,-0.0063579604,0.3425286412,-0.0386160389,0.0890517384,-0.0113302227,-0.0403495170,0.0890850425,-0.0058765700
03:23:34:23.051,61,0.1684407890,0.1929793805,0.0000000000,0.0031565151,0.0000000000,0.0627967864,0.0000000000,0.1684602946,0.1918061823,0.0691190362,0.0000000000,0.0000000000,0.0628039390,0.0000000000,0.0186070018,0.0028479123,0.0000000000,0.0109321689,0.0111094294,0.0170531794,0.0374805406,0.0000000000,0.0134056453,0.6405349970,0.6768595576,0.0000000000,0.0000000000,0.1023025662,0.1145461425,0.0316836722,0.0309657883,0.1286890209,0.0000000000,0.3398783207,0.2457761914,0.1230441779,0.1254918575,0.0651171431,0.0683791414,0.0843769908,0.1006634235,0.2398714125,0.2398366481,0.0355404802,0.0000000000,0.0000000000,0.0411620364,0.2902373672,0.3514750302,0.2801902592,0.2855600417,0.0000010520,-0.0424023196,-0.0056212768,0.3434419334,-0.0389979780,0.0904927254,-0.0115164444,-0.0407364853,0.0905260146,-0.0059701949
03:23:34:24.051,61,0.2452396899,0.2094713598,0.0000000000,0.0042288532,0.0000000000,0.0661385134,0.0000000000,0.2452555746,0.2082529217,0.0700706616,0.0000000000,0.0000000000,0.0661342740,0.0000000000,0.0185640734,0.0029110650,0.0000000000,0.0109473774,0.0111846533,0.0172750968,0.0373139456,0.0000000000,0.0135831302,0.6386240125,0.6757802963,0.0000000000,0.0000000000,0.1000704542,0.1114797741,0.0318072326,0.0309909023,0.1288540065,0.0000000000,0.3395584226,0.2453642488,0.1230957806,0.1256131381,0.0650233030,0.0682505220,0.0841527507,0.1003593951,0.2391815782,0.2391545326,0.0361404829,0.0000000000,0.0000000000,0.0409450457,0.2989930511,0.3638630807,0.2874993980,0.2930056155,0.0000008446,-0.0425860211,-0.0054514110,0.3442219198,-0.0394215956,0.0982380658,-0.0121412650,-0.0413693376,0.0982718468,-0.0061401664
03:23:34:25.052,61,0.5867112875,0.3225148320,0.0000000000,0.0093188416,0.0000000000,0.0963396579,0.0000000000,0.5847876668,0.3210682273,0.0720818043,0.0000000000,0.0000000000,0.0963012800,0.0000000000,0.0188122559,0.0033600258,0.0000000000,0.0108597167,0.0111861033,0.0177862104,0.0375007205,0.0000000000,0.0403766520,0.5586110353,0.6270328164,0.0000000000,0.0000000000,0.0933885276,0.1088151187,0.0321997516,0.0326848105,0.1362041682,0.0000000000,0.3502417505,0.2524694204,0.1907649040,0.1931542307,0.0654228255,0.0694002509,0.0835906565,0.1004456133,0.2344628125,0.2346336246,0.0468580164,0.0000000000,0.0000000000,0.0451598577,0.3083733022,0.4135005176,0.3369738460,0.3629890978,0.0000007228,-0.0427942500,-0.0047542974,0.3450496197,-0.0396306440,0.1513285190,-0.0158601943,-0.0443103388,0.1513665318,-0.0071695880
03:23:34:26.052,61,0.8589448333,0.2707768381,0.0000000000,0.0135427471,0.0000000000,0.0871119499,0.0000000000,0.8586154580,0.2693651021,0.0748919323,0.0000000000,0.0000000000,0.0871237442,0.0000000000,0.0190130752,0.0074804467,0.0000000000,0.0106418012,0.0110894060,0.0194949657,0.0394756086,0.0000000000,0.0493618734,0.5325484872,0.6114640236,0.0000000000,0.0000000000,0.0909759551,0.1076618284,0.0323356725,0.0333501659,0.1483913213,0.0000000000,0.4177250564,0.3077845275,0.2565830052,0.2605663538,0.0659066439,0.0706658810,0.0859613791,0.1204295978,0.2248996645,0.2259831280,0.0613461994,0.0000000000,0.0000000000,0.0483676866,0.3079762161,0.4231022000,0.3987741768,0.4193995595,0.0000010447,-0.0409895480,-0.0038575083,0.3465282917,-0.0416694954,0.1270349473,-0.0147280414,-0.0468364954,0.1270719469,-0.0077209193
03:23:34:27.052,61,0.9147203565,0.2497953624,0.0000000000,0.0111178821,0.0000000000,0.0668988153,0.0000000000,0.9147646427,0.2484809160,0.0717588291,0.0000000000,0.0000000000,0.0669241995,0.0000000000,0.0190911666,0.0096447170,0.0000000000,0.0104089649,0.0109802838,0.0212489739,0.0494597554,0.0000000000,0.0538005270,0.5198902488,0.6020820737,0.0000000000,0.0000000000,0.0896125883,0.1070312187,0.0323766507,0.0336869061,0.1556954831,0.0000000000,0.4362931252,0.3227845430,0.2782322168,0.2826936841,0.0665063635,0.0717302561,0.0956982374,0.1340147853,0.2103728801,0.2124145180,0.0714338571,0.0000000000,0.0000000000,0.0511651896,0.3003351986,0.4155237377,0.4219124913,0.4431133866,0.0000021210,-0.0397844091,-0.0027069449,0.3478458524,-0.0400705785,0.1171783656,-0.0136048831,-0.0454256907,0.1172149777,-0.0072634900
03:23:34:28.052,61,0.9136450887,0.2423193008,0.0000000000,0.0095977718,0.0000000000,0.0567161627,0.0000000000,0.9134709835,0.2410516590,0.0699160248,0.0000000000,0.0000000000,0.0567467809,0.0000000000,0.0191286411,0.0109848259,0.0000000000,0.0101902997,0.0108838240,0.0226388127,0.0552749299,0.0000000000,0.0561649986,0.5131415129,0.5965850949,0.0000000000,0.0000000000,0.0887342617,0.1066047400,0.0323808566,0.0338817164,0.1590989083,0.0000000000,0.4457618296,0.3303323686,0.2889513671,0.2936995924,0.0671268478,0.0725930184,0.1000310704,0.1395839751,0.2049411833,0.2072426528,0.0770958215,0.0000000000,0.0000000000,0.0528401397,0.2960850000,0.4110727012,0.4331296384,0.4545059800,0.0000032479,-0.0386958346,-0.0005322918,0.3487285078,-0.0390851796,0.1136658639,-0.0131055061,-0.0445331968,0.1137023866,-0.0070061684
03:23:34:29.051,61,0.9107394218,0.2410824448,0.0000000000,0.0087826811,0.0000000000,0.0524225235,0.0000000000,0.9107476473,0.2398376018,0.0688025802,0.0000000000,0.0000000000,0.0524559692,0.0000000000,0.0192002617,0.0120077226,0.0000000000,0.0099956021,0.0107717505,0.0235773697,0.0577707849,0.0000000000,0.0576478243,0.5092545152,0.5930419564,0.0000000000,0.0000000000,0.0881114155,0.1063365936,0.0323731042,0.0340621360,0.1611289084,0.0000000000,0.4484761655,0.3329975307,0.2930343449,0.2980948985,0.0676632896,0.0733000860,0.1018951237,0.1421789229,0.2034415901,0.2057868689,0.0799862295,0.0000000000,0.0000000000,0.0539920554,0.2939442992,0.4093397856,0.4359840155,0.4596075118,0.0000037596,-0.0374120474,0.0012046471,0.3494634628,-0.0384632796,0.1130843014,-0.0129045267,-0.0440521762,0.1131208241,-0.0068775434
03:23:34:30.051,61,0.8921587467,0.2456454486,0.0000000000,0.0114156157,0.0000000000,0.0514251404,0.0000000000,0.8920673132,0.2443469018,0.0713389814,0.0000000000,0.0000000000,0.0514580943,0.0000000000,0.0193087365,0.0128752235,0.0000000000,0.0098198093,0.0106685003,0.0243446082,0.0590193868,0.0000000000,0.0588431396,0.5038612485,0.5891742706,0.0000000000,0.0000000000,0.0874519944,0.1060227305,0.0323834680,0.0343447626,0.1620913744,0.0000000000,0.4407397509,0.3278289735,0.2877451479,0.2915752232,0.0680282712,0.0738460347,0.1023541763,0.1418344080,0.2126975209,0.2143999040,0.0816117823,0.0000000000,0.0000000000,0.0547497869,0.2927817702,0.4084055722,0.4160274863,0.4463782907,0.0000034062,-0.0372623503,0.0024977997,0.3493858874,-0.0398657620,0.1152295619,-0.0134163611,-0.0456049815,0.1152662933,-0.0072968472
03:23:34:31.050,61,0.8370262384,0.2685094178,0.0000000000,0.0109989587,0.0000000000,0.0593165569,0.0000000000,0.8365768790,0.2671726644,0.0712738708,0.0000000000,0.0000000000,0.0593371689,0.0000000000,0.0194373280,0.0134681668,0.0000000000,0.0096589923,0.0105961170,0.0248957239,0.0594160855,0.0000000000,0.0594900437,0.5020927787,0.5876844525,0.0000000000,0.0000000000,0.0867709443,0.1055695415,0.0325054452,0.0347329043,0.1621810794,0.0000000000,0.4208015203,0.3129390180,0.2598818839,0.2629812062,0.0683733374,0.0743518919,0.0995547473,0.1358230412,0.2186815590,0.2198490202,0.0823864862,0.0000000000,0.0000000000,0.0551790036,0.2925349176,0.4079053998,0.3968143165,0.4251691997,0.0000023835,-0.0364783481,0.0034385175,0.3494544923,-0.0396437868,0.1259668022,-0.0140983537,-0.0453401096,0.1260041296,-0.0073019406
03:23:34:32.050,61,0.7803709507,0.2928505540,0.0000000000,0.0073587196,0.0000000000,0.0771916136,0.0000000000,0.7792926431,0.2915396392,0.0679068863,0.0000000000,0.0000000000,0.0772012547,0.0000000000,0.0196015462,0.0138334436,0.0000000000,0.0095717367,0.0105924420,0.0252903048,0.0592387766,0.0000000000,0.0601652898,0.5022208095,0.5876226425,0.0000000000,0.0000000000,0.0860938728,0.1051062793,0.0327555686,0.0352943614,0.1615395248,0.0000000000,0.4016867578,0.2982666492,0.2422283143,0.2465535998,0.0688601136,0.0749657527,0.0946207196,0.1305355430,0.2219513804,0.2228804231,0.0826600790,0.0000000000,0.0000000000,0.0553247333,0.2929683030,0.4081360102,0.3827300966,0.4166133106,0.0000014024,-0.0354558006,0.0038725659,0.3497124016,-0.0375415012,0.1373951286,-0.0142905246,-0.0431815386,0.1374329329,-0.0067640240
03:23:34:33.051,61,0.6662733555,0.3319243193,0.0000000000,0.0044539487,0.0000000000,0.0970804542,0.0000000000,0.6649378538,0.3306002021,0.0656749979,0.0000000000,0.0000000000,0.0970734432,0.0000000000,0.0197873954,0.0139041580,0.0000000000,0.0095705697,0.0106630456,0.0256216265,0.0593147241,0.0000000000,0.0608279556,0.5071774721,0.5922807455,0.0000000000,0.0000000000,0.0854212642,0.1045808345,0.0331687368,0.0360324904,0.1599438637,0.0000000000,0.3907582164,0.2890248895,0.2205328792,0.2265750468,0.0694236681,0.0756114721,0.0900498852,0.1263402253,0.2227305025,0.2235071212,0.0825261697,0.0000000000,0.0000000000,0.0555527806,0.2970364690,0.4108018279,0.3708745241,0.4102484286,0.0000009650,-0.0343363136,0.0038989931,0.3501290977,-0.0359541066,0.1557436436,-0.0150470845,-0.0414614305,0.1557822824,-0.0063236482
03:23:34:34.050,61,0.5882122517,0.3528178334,0.0000000000,0.0001581368,0.0000000000,0.1057940573,0.0000000000,0.5884494185,0.3515398800,0.0621998087,0.0000000000,0.0000000000,0.1057736352,0.0000000000,0.0199403428,0.0137628000,0.0000000000,0.0096383421,0.0108330483,0.0259446595,0.0598658882,0.0000000000,0.0624716356,0.5098295212,0.5967147946,0.0000000000,0.0000000000,0.0846931785,0.1039809212,0.0336393677,0.0369945392,0.1562990397,0.0000000000,0.3822965920,0.2783294916,0.1936219782,0.1983629614,0.0698996782,0.0761959702,0.0869328454,0.1241114512,0.2204893380,0.2211425006,0.0821111724,0.0000000000,0.0000000000,0.0556265414,0.2988225222,0.4120359123,0.3562822342,0.4011196196,0.0000009171,-0.0335415453,0.0044962242,0.3505858183,-0.0338277258,0.1655548960,-0.0150270443,-0.0389519557,0.1655939519,-0.0055563250
03:23:34:35.050,61,0.5474491715,0.3627798259,0.0000000000,0.0000000000,0.0000000000,0.1099655181,0.0000000000,0.5471801758,0.3616259098,0.0561422221,0.0000000000,0.0000000000,0.1099400818,0.0000000000,0.0200270265,0.0134591023,0.0000000000,0.0097409291,0.0110680284,0.0262811184,0.0604669228,0.0000000000,0.0632370934,0.5253191590,0.6066110730,0.0000000000,0.0000000000,0.0839882046,0.1033065245,0.0340649560,0.0376804024,0.1529071778,0.0000000000,0.3773838282,0.2718282640,0.1798404753,0.1851423681,0.0702832192,0.0766398683,0.0853772759,0.1227786317,0.2188429981,0.2193843871,0.0815028846,0.0000000000,0.0000000000,0.0555969104,0.3017716408,0.4131071568,0.3508747220,0.3967885375,0.0000008552,-0.0328102708,0.0051396787,0.3508440554,-0.0303611495,0.1702359766,-0.0142143592,-0.0349829718,0.1702750027,-0.0042784391
03:23:34:36.050,61,0.4803272188,0.3576401472,0.0000000000,0.0000000000,0.0000000000,0.1119945943,0.0000000000,0.4800420403,0.3565985560,0.0514725521,0.0000000000,0.0000000000,0.1119654998,0.0000000000,0.0200763345,0.0131016672,0.0000000000,0.0098351249,0.0112799453,0.0264784247,0.0605676845,0.0000000000,0.0633522123,0.5514265299,0.6225648522,0.0000000000,0.0000000000,0.0834648237,0.1027047709,0.0344034545,0.0381110385,0.1513110995,0.0000000000,0.3709059954,0.2666915953,0.1711620241,0.1765628308,0.0705827773,0.0769099668,0.0843769386,0.1217131689,0.2178974152,0.2183800489,0.0803340897,0.0000000000,0.0000000000,0.0554607250,0.3093192577,0.4146187305,0.3477844000,0.3926819563,0.0000008172,-0.0319015905,0.0061436668,0.3505923152,-0.0277966857,0.1678273827,-0.0132503286,-0.0320204645,0.1678662002,-0.0033424355
03:23:34:37.050,61,0.4462585449,0.3516956270,0.0000000000,0.0000000000,0.0000000000,0.1119034290,0.0000000000,0.4461733699,0.3507680297,0.0467687473,0.0000000000,0.0000000000,0.1118739173,0.0000000000,0.0200183447,0.0127108684,0.0000000000,0.0099625401,0.0115488013,0.0266215857,0.0603083596,0.0000000000,0.0626019537,0.5727269053,0.6376531124,0.0000000000,0.0000000000,0.0830129161,0.1020634994,0.0346082672,0.0382726602,0.1500170529,0.0000000000,0.3627142906,0.2605548799,0.1605347842,0.1657794714,0.0709088445,0.0771382228,0.0838524029,0.1209008619,0.2173372805,0.2177744806,0.0791931152,0.0000000000,0.0000000000,0.0549536422,0.3157788813,0.4157614112,0.3459277153,0.3889057636,0.0000008399,-0.0309369341,0.0080448464,0.3498449028,-0.0252148770,0.1650438160,-0.0122738797,-0.0290150605,0.1650822163,-0.0024126305
03:23:34:38.049,61,0.4196304679,0.3436095715,0.0000000000,0.0000000000,0.0000000000,0.1109068990,0.0000000000,0.4195942283,0.3427895010,0.0423504002,0.0000000000,0.0000000000,0.1108792201,0.0000000000,0.0199389588,0.0123449191,0.0000000000,0.0100740492,0.0117708584,0.0266623665,0.0597739592,0.0000000000,0.0612118542,0.5822401643,0.6457112432,0.0000000000,0.0000000000,0.0826827735,0.1015106142,0.0347309560,0.0382638611,0.1492215246,0.0000000000,0.3594015539,0.2580396831,0.1563229412,0.1615695208,0.0710959136,0.0771876350,0.0835693702,0.1202532351,0.2170028389,0.2174040228,0.0779759139,0.0000000000,0.0000000000,0.0545044318,0.3202242553,0.4171886146,0.3445805609,0.3858155310,0.0000008560,-0.0299209058,0.0099075139,0.3488318324,-0.0228026733,0.1612558514,-0.0113140531,-0.0262965113,0.1612938941,-0.0016049300
03:23:34:39.049,61,0.3968009055,0.3352100253,0.0000000000,0.0000000000,0.0000000000,0.1078227535,0.0000000000,0.3967747390,0.3344134688,0.0416218638,0.0000000000,0.0000000000,0.1077971160,0.0000000000,0.0198053457,0.0120317480,0.0000000000,0.0101638874,0.0119778719,0.0266539454,0.0591619834,0.0000000000,0.0604561754,0.5870268941,0.6507694721,0.0000000000,0.0000000000,0.0823833495,0.1010235399,0.0348437093,0.0382258184,0.1485622376,0.0000000000,0.3575117886,0.2565783858,0.1538093984,0.1590744257,0.0711719692,0.0771374330,0.0834625512,0.1198975220,0.2168926150,0.2172637880,0.0768334940,0.0000000000,0.0000000000,0.0539806075,0.3222351968,0.4180487394,0.3435173929,0.3842262030,0.0000009331,-0.0283208415,0.0121044964,0.3479875028,-0.0224527009,0.1573131531,-0.0110011576,-0.0257231221,0.1573509872,-0.0014827065
03:23:34:40.049,61,0.3747227490,0.3275442123,0.0000000000,0.0000000000,0.0000000000,0.1034175307,0.0000000000,0.3747161925,0.3267539740,0.0416312180,0.0000000000,0.0000000000,0.1033962518,0.0000000000,0.0196017381,0.0117580658,0.0000000000,0.0102398787,0.0121727213,0.0266097449,0.0586389117,0.0000000000,0.0596861839,0.5897006392,0.6534639001,0.0000000000,0.0000000000,0.0820774883,0.1005100012,0.0349008702,0.0380969793,0.1479072571,0.0000000000,0.3563394547,0.2556499839,0.1518777311,0.1572498977,0.0711343288,0.0769597292,0.0834956765,0.1196806207,0.2169850320,0.2173283994,0.0757211670,0.0000000000,0.0000000000,0.0534137264,0.3232558370,0.4184493423,0.3416532278,0.3824427724,0.0000008728,-0.0269394293,0.0140766203,0.3478411138,-0.0225098506,0.1537133306,-0.0108328909,-0.0256220512,0.1537507772,-0.0015037092
03:23:34:41.049,61,0.3533732891,0.3182578385,0.0000000000,0.0000000000,0.0000000000,0.0987229198,0.0000000000,0.3533741832,0.3175092340,0.0400687382,0.0000000000,0.0000000000,0.0987077728,0.0000000000,0.0193550438,0.0115635600,0.0000000000,0.0102786915,0.0123376790,0.0265346486,0.0582503267,0.0000000000,0.0592757463,0.5911392570,0.6557144523,0.0000000000,0.0000000000,0.0817667246,0.1000661999,0.0349125937,0.0379528664,0.1472009867,0.0000000000,0.3555966914,0.2550947070,0.1505610794,0.1559993774,0.0709744319,0.0766966566,0.0836040601,0.1197248027,0.2171416283,0.2174620181,0.0748362392,0.0000000000,0.0000000000,0.0529188886,0.3235214651,0.4187202752,0.3387533724,0.3813677430,0.0000007287,-0.0256746039,0.0151018649,0.3478579223,-0.0216946788,0.1493560225,-0.0103648826,-0.0246145129,0.1493931413,-0.0012652241
03:23:34:42.049,61,0.3370801806,0.3079531789,0.0000000000,0.0000000000,0.0000000000,0.0940212682,0.0000000000,0.3371078372,0.3072476387,0.0384258442,0.0000000000,0.0000000000,0.0940131024,0.0000000000,0.0190607850,0.0114410035,0.0000000000,0.0102735916,0.0124703078,0.0264207292,0.0578311719,0.0000000000,0.0591949485,0.5920313597,0.6592665315,0.0000000000,0.0000000000,0.0814404488,0.0996977836,0.0348693095,0.0378047973,0.1457707435,0.0000000000,0.3549729884,0.2546658814,0.1486963034,0.1545365900,0.0707046762,0.0763476342,0.0837392807,0.1199663281,0.2173427045,0.2176460326,0.0738862604,0.0000000000,0.0000000000,0.0523436181,0.3216694295,0.4186695516,0.3337017596,0.3804739416,0.0000007012,-0.0242784619,0.0161542892,0.3483835757,-0.0208375454,0.1445206851,-0.0098691676,-0.0235776361,0.1445575356,-0.0010354333
03:23:34:43.049,61,0.3216961622,0.2973488271,0.0000000000,0.0000000000,0.0000000000,0.0899806470,0.0000000000,0.3217800260,0.2966939211,0.0363734663,0.0000000000,0.0000000000,0.0899775252,0.0000000000,0.0187502187,0.0112849167,0.0000000000,0.0102517558,0.0125938952,0.0262510851,0.0572299100,0.0000000000,0.0590992384,0.5974358320,0.6692972779,0.0000000000,0.0000000000,0.0812034383,0.0994439796,0.0347784385,0.0376126580,0.1435041279,0.0000000000,0.3543300033,0.2542760074,0.1457498372,0.1520784348,0.0704040080,0.0759718642,0.0839472413,0.1203036159,0.2174983323,0.2177865505,0.0727201775,0.0000000000,0.0000000000,0.0516604446,0.3207675517,0.4185632467,0.3305578232,0.3796889186,0.0000006241,-0.0230039731,0.0169578344,0.3487767279,-0.0197479911,0.1395457536,-0.0093093673,-0.0223330017,0.1395822167,-0.0007588463
03:23:34:44.049,61,0.3117964864,0.2909140587,0.0000000000,0.0000000000,0.0000000000,0.0866676569,0.0000000000,0.3118808270,0.2903157473,0.0338593982,0.0000000000,0.0000000000,0.0866677091,0.0000000000,0.0184445381,0.0111192558,0.0000000000,0.0102095529,0.0126793850,0.0260639470,0.0568008535,0.0000000000,0.0591098852,0.6007467508,0.6739750504,0.0000000000,0.0000000000,0.0810225606,0.0992740020,0.0346502773,0.0374115184,0.1415622532,0.0000000000,0.3536898196,0.2539041936,0.1443593353,0.1508505493,0.0700940639,0.0756006539,0.0841181278,0.1206323579,0.2177501768,0.2180225700,0.0712977722,0.0000000000,0.0000000000,0.0510951690,0.3194999099,0.4182877541,0.3277884126,0.3789043128,0.0000008078,-0.0219164640,0.0176972896,0.3488666713,-0.0183697604,0.1365306824,-0.0087715378,-0.0208777934,0.1365667880,-0.0003977250
03:23:34:45.049,61,0.3027871847,0.2864945829,0.0000000000,0.0000000000,0.0000000000,0.0834682360,0.0000000000,0.3028833568,0.2859389782,0.0319308676,0.0000000000,0.0000000000,0.0834707096,0.0000000000,0.0181162860,0.0110154226,0.0000000000,0.0101555930,0.0127576515,0.0258834623,0.0565282293,0.0000000000,0.0592301898,0.6023831964,0.6764161587,0.0000000000,0.0000000000,0.0808234736,0.0991235301,0.0344771035,0.0371815488,0.1396991163,0.0000000000,0.3532375395,0.2537020445,0.1432962418,0.1498907357,0.0697027296,0.0751646683,0.0843744054,0.1211433187,0.2180515677,0.2183104455,0.0701237768,0.0000000000,0.0000000000,0.0505214557,0.3172858953,0.4178780913,0.3262875378,0.3783855140,0.0000009291,-0.0209241733,0.0189062953,0.3492141068,-0.0173077285,0.1344607323,-0.0083748698,-0.0197450686,0.1344968081,-0.0001174174
03:23:34:46.049,61,0.2927976549,0.2812745571,0.0000000000,0.0000000000,0.0000000000,0.0806372911,0.0000000000,0.2928747237,0.2807612717,0.0299955644,0.0000000000,0.0000000000,0.0806413814,0.0000000000,0.0178157669,0.0108805206,0.0000000000,0.0100859413,0.0127892653,0.0256465003,0.0561752692,0.0000000000,0.0592646487,0.6057916880,0.6795660257,0.0000000000,0.0000000000,0.0807361901,0.0990861356,0.0342728905,0.0369146541,0.1385412216,0.0000000000,0.3527012765,0.2534851134,0.1424535513,0.1490938365,0.0693091676,0.0747193471,0.0846053213,0.1215802729,0.2182873040,0.2185313255,0.0689151660,0.0000000000,0.0000000000,0.0500259288,0.3153570592,0.4173043072,0.3232251108,0.3772262931,0.0000010057,-0.0199301168,0.0201076865,0.3492887616,-0.0162447579,0.1320150644,-0.0079661738,-0.0186209381,0.1320509613,0.0001472519
03:23:34:47.048,61,0.2822031677,0.2696782053,0.0000000000,0.0000000000,0.0000000000,0.0793257505,0.0000000000,0.2822833955,0.2691954970,0.0286895577,0.0000000000,0.0000000000,0.0793306008,0.0000000000,0.0176063254,0.0106824795,0.0000000000,0.0100386888,0.0128486874,0.0253872182,0.0555405617,0.0000000000,0.0592168830,0.6142539978,0.6863668561,0.0000000000,0.0000000000,0.0807683617,0.0991667211,0.0341754816,0.0367640480,0.1376271546,0.0000000000,0.3511687517,0.2530248463,0.1414888650,0.1479856372,0.0690755993,0.0744446516,0.0847911984,0.1219503433,0.2190091759,0.2192215174,0.0669952855,0.0000000000,0.0000000000,0.0494893342,0.3144056201,0.4170224071,0.3198738396,0.3754632771,0.0000010518,-0.0187471732,0.0212636739,0.3493366539,-0.0155686475,0.1265722662,-0.0075406553,-0.0178614091,0.1266078353,0.0002370821
03:23:34:48.048,61,0.2761972547,0.2488064766,0.0000000000,0.0000000000,0.0000000000,0.0808466002,0.0000000000,0.2762880921,0.2483262867,0.0288081784,0.0000000000,0.0000000000,0.0808516219,0.0000000000,0.0175331999,0.0103602884,0.0000000000,0.0100862551,0.0130155254,0.0252107345,0.0537507907,0.0000000000,0.0590297617,0.6171330810,0.6887817979,0.0000000000,0.0000000000,0.0808115304,0.0992047638,0.0342910439,0.0368278138,0.1368157268,0.0000000000,0.3491495848,0.2521704435,0.1399148256,0.1459519416,0.0689848214,0.0743149593,0.0848920867,0.1221461445,0.2263659984,0.2265434563,0.0640169606,0.0000000000,0.0000000000,0.0488743819,0.3142004311,0.4172114730,0.3183570206,0.3745575547,0.0000008740,-0.0169407353,0.0217555165,0.3490160108,-0.0157422721,0.1167670339,-0.0071628885,-0.0180373527,0.1168021262,-0.0000301711
03:23:34:49.048,61,0.2674176097,0.2340517491,0.0000000000,0.0000000000,0.0000000000,0.0824447721,0.0000000000,0.2675102651,0.2335988283,0.0275774766,0.0000000000,0.0000000000,0.0824499354,0.0000000000,0.0175062623,0.0100212405,0.0000000000,0.0101414975,0.0131933102,0.0250225831,0.0510322638,0.0000000000,0.0589019731,0.6191470027,0.6907181740,0.0000000000,0.0000000000,0.0809128508,0.0993156880,0.0344728753,0.0369835831,0.1360853910,0.0000000000,0.3466255665,0.2508990467,0.1380938441,0.1437095553,0.0689580664,0.0742609277,0.0849401578,0.1223173887,0.2328382134,0.2330092788,0.0614669509,0.0000000000,0.0000000000,0.0481777042,0.3140901327,0.4174707532,0.3171742260,0.3738573194,0.0000007498,-0.0142573453,0.0212432593,0.3479684591,-0.0151167475,0.1098397225,-0.0067032846,-0.0174076855,0.1098743379,-0.0000226423
03:23:34:50.047,61,0.2468004078,0.2162265927,0.0000000000,0.0000000000,0.0000000000,0.0837874562,0.0000000000,0.2469297349,0.2158341706,0.0253406521,0.0000000000,0.0000000000,0.0837929323,0.0000000000,0.0175533202,0.0096348366,0.0000000000,0.0102129849,0.0134127447,0.0248573851,0.0478802696,0.0000000000,0.0588034056,0.6206455231,0.6926681995,0.0000000000,0.0000000000,0.0810185298,0.0994483083,0.0347592495,0.0372860022,0.1352167726,0.0000000000,0.3440533280,0.2493780255,0.1355307698,0.1407478303,0.0689892694,0.0743021592,0.0850791931,0.1226448193,0.2374099940,0.2376055270,0.0589622743,0.0000000000,0.0000000000,0.0470728017,0.3138419986,0.4175659120,0.3162345290,0.3733928204,0.0000006899,-0.0113769062,0.0204432458,0.3468249142,-0.0139285326,0.1014802307,-0.0060550449,-0.0163406823,0.1015065014,0.0000506951
03:23:34:51.047,61,0.2351798713,0.2045039684,0.0000000000,0.0000000000,0.0000000000,0.0847484618,0.0000000000,0.2353064865,0.2041580677,0.0228940565,0.0000000000,0.0000000000,0.0847540945,0.0000000000,0.0176509302,0.0092007909,0.0000000000,0.0103124231,0.0136713078,0.0247036200,0.0458219759,0.0000000000,0.0586806647,0.6226193309,0.6947437525,0.0000000000,0.0000000000,0.0811487138,0.0996128842,0.0350929648,0.0376562811,0.1342324018,0.0000000000,0.3422772884,0.2480896413,0.1335901916,0.1385528445,0.0690844804,0.0744196996,0.0852613226,0.1230346411,0.2414701730,0.2416872233,0.0566345155,0.0000000000,0.0000000000,0.0460358076,0.3134989440,0.4174965322,0.3153678477,0.3729857802,0.0000006166,-0.0088179745,0.0197764933,0.3456199467,-0.0125871971,0.0959813297,-0.0055055832,-0.0149386656,0.0960073322,0.0002584811
03:23:34:52.047,61,0.2217313349,0.1935973465,0.0000000000,0.0000000000,0.0000000000,0.0853480399,0.0000000000,0.2218960673,0.1933010817,0.0201332122,0.0000000000,0.0000000000,0.0853538439,0.0000000000,0.0178038701,0.0087968390,0.0000000000,0.0104300119,0.0139593175,0.0245856717,0.0445159450,0.0000000000,0.0589650162,0.6236055493,0.6968707442,0.0000000000,0.0000000000,0.0812798887,0.0998761281,0.0354583897,0.0381419063,0.1334026158,0.0000000000,0.3411127031,0.2471445501,0.1317291856,0.1366964281,0.0692184791,0.0746296197,0.0854412988,0.1236641034,0.2434195727,0.2436553091,0.0548742153,0.0000000000,0.0000000000,0.0451364927,0.3124788702,0.4175006151,0.3145199716,0.3729529381,0.0000005456,-0.0065832399,0.0194531679,0.3447721601,-0.0110585913,0.0908667892,-0.0049426137,-0.0133983325,0.0908924639,0.0004932778
03:23:34:53.047,61,0.2009359002,0.1803491563,0.0000000000,0.0000000000,0.0000000000,0.0856317654,0.0000000000,0.2010752261,0.1801107526,0.0167932902,0.0000000000,0.0000000000,0.0856378376,0.0000000000,0.0180257801,0.0084904442,0.0000000000,0.0105155725,0.0141768157,0.0244105849,0.0436164849,0.0000000000,0.0603158325,0.6243715286,0.7011902928,0.0000000000,0.0000000000,0.0815376788,0.1004008353,0.0357768200,0.0386390835,0.1327651143,0.0000000000,0.3401861489,0.2464267015,0.1307221353,0.1357197464,0.0693386048,0.0748587921,0.0855025724,0.1243623272,0.2444014102,0.2446606755,0.0532380231,0.0000000000,0.0000000000,0.0445516072,0.3094048798,0.4175706506,0.3107805848,0.3728907108,0.0000005028,-0.0042758435,0.0194737464,0.3443379104,-0.0092032552,0.0846546143,-0.0042819073,-0.0114883278,0.0846799165,0.0007655146
03:23:34:54.047,61,0.1817934513,0.1681121886,0.0000000000,0.0000000000,0.0000000000,0.0854253694,0.0000000000,0.1818653196,0.1679300070,0.0134260552,0.0000000000,0.0000000000,0.0854316130,0.0000000000,0.0182367098,0.0081998557,0.0000000000,0.0106052198,0.0144019462,0.0242356230,0.0430362374,0.0000000000,0.0609745570,0.6250587702,0.7033180594,0.0000000000,0.0000000000,0.0817895085,0.1008804813,0.0361059830,0.0391159393,0.1320503205,0.0000000000,0.3393385410,0.2457088679,0.1293734908,0.1345176846,0.0694680512,0.0750889406,0.0855725259,0.1250012815,0.2447364628,0.2450114489,0.0516900569,0.0000000000,0.0000000000,0.0439085215,0.3054944277,0.4171222746,0.3068850935,0.3725239933,0.0000004072,-0.0020770468,0.0189323574,0.3444817960,-0.0073221624,0.0789180845,-0.0036563082,-0.0095131453,0.0789430887,0.0010424722
03:23:34:55.047,61,0.1703155190,0.1598765552,0.0000000000,0.0000000000,0.0000000000,0.0850488320,0.0000000000,0.1703745276,0.1597567946,0.0095767789,0.0000000000,0.0000000000,0.0850552171,0.0000000000,0.0184523780,0.0079322318,0.0000000000,0.0106716529,0.0145972930,0.0240465775,0.0426847301,0.0000000000,0.0617129952,0.6255747080,0.7047443986,0.0000000000,0.0000000000,0.0820355192,0.1014035791,0.0364262238,0.0396282002,0.1312437803,0.0000000000,0.3385099471,0.2449803352,0.1284229904,0.1336084157,0.0695712194,0.0753190666,0.0855618119,0.1256024688,0.2448405474,0.2451295406,0.0502403751,0.0000000000,0.0000000000,0.0433361270,0.3008599579,0.4160686135,0.3026593924,0.3720577657,0.0000003813,-0.0004223585,0.0185447037,0.3447726965,-0.0051468220,0.0750637203,-0.0030486383,-0.0072780401,0.0750884563,0.0014149495
03:23:34:56.047,61,0.1630659848,0.1516942084,0.0000000000,0.0000000000,0.0000000000,0.0846932977,0.0000000000,0.1631208062,0.1516346931,0.0057234326,0.0000000000,0.0000000000,0.0846998245,0.0000000000,0.0187514350,0.0076436042,0.0000000000,0.0107288966,0.0147218378,0.0238237437,0.0424554870,0.0000000000,0.0624714941,0.6259805560,0.7058190703,0.0000000000,0.0000000000,0.0824117586,0.1020758301,0.0367565081,0.0401462205,0.1308453381,0.0000000000,0.3380612731,0.2446984798,0.1279838681,0.1332242787,0.0696412846,0.0755066723,0.0855066478,0.1261860281,0.2449862361,0.2452870756,0.0490168892,0.0000000000,0.0000000000,0.0430304334,0.2989682555,0.4155955017,0.2999955714,0.3716648221,0.0000003994,0.0015966408,0.0182680190,0.3449902236,-0.0029648505,0.0712348521,-0.0024580155,-0.0050422885,0.0712593943,0.0017705951
03:23:34:57.047,61,0.1571703404,0.1445030868,0.0000000000,0.0000000000,0.0000000000,0.0843724087,0.0000000000,0.1572263837,0.1444926709,0.0024395850,0.0000000000,0.0000000000,0.0843790919,0.0000000000,0.0190928709,0.0073656393,0.0000000000,0.0107758855,0.0148005448,0.0235807952,0.0421723276,0.0000000000,0.0632112101,0.6264422536,0.7072388530,0.0000000000,0.0000000000,0.0828438699,0.1029140279,0.0370792821,0.0406418927,0.1306547225,0.0000000000,0.3378764689,0.2446889430,0.1277040094,0.1330015808,0.0696470439,0.0756036788,0.0854141638,0.1267449111,0.2450383008,0.2453507334,0.0478485003,0.0000000000,0.0000000000,0.0427887328,0.2977977097,0.4153443277,0.2978613079,0.3713104427,0.0000003871,0.0034661181,0.0177994668,0.3451109231,-0.0011027306,0.0678696632,-0.0019652825,-0.0031613484,0.0678939074,0.0020506983
03:23:34:58.046,61,0.1521282941,0.1389378458,0.0000000000,0.0000000000,0.0000000000,0.0841044784,0.0000000000,0.1521806866,0.1389605552,0.0001416057,0.0000000000,0.0000000000,0.0841112509,0.0000000000,0.0194532201,0.0070408508,0.0000000000,0.0108098192,0.0148429982,0.0233264286,0.0419037454,0.0000000000,0.0637517273,0.6271795630,0.7087665796,0.0000000000,0.0000000000,0.0833193958,0.1036796123,0.0373916365,0.0411004759,0.1305681169,0.0000000000,0.3377733529,0.2447855175,0.1275407374,0.1328810751,0.0696341544,0.0756630450,0.0853207037,0.1271867752,0.2451080829,0.2454271615,0.0467594713,0.0000000000,0.0000000000,0.0426374115,0.2971292436,0.4151040614,0.2950994670,0.3705718219,0.0000003860,0.0057813637,0.0171559751,0.3446874619,0.0002008341,0.0652644038,-0.0016218200,-0.0018358454,0.0652885586,0.0022312049
03:23:34:59.046,61,0.1451045424,0.1337605566,0.0000000000,0.0000000000,0.0000000000,0.0838222727,0.0000000000,0.1451543123,0.1338155121,0.0000000000,0.0000000000,0.0000000000,0.0838291347,0.0000000000,0.0198212527,0.0067250626,0.0000000000,0.0108271865,0.0148424739,0.0230720304,0.0417535044,0.0000000000,0.0644078925,0.6274321675,0.7095400691,0.0000000000,0.0000000000,0.0837532058,0.1044179425,0.0376642793,0.0415490046,0.1304934472,0.0000000000,0.3376292884,0.2448494285,0.1274407208,0.1328184307,0.0695333853,0.0756338462,0.0851038098,0.1274839342,0.2450722158,0.2453973293,0.0458244272,0.0000000000,0.0000000000,0.0426092707,0.2960878611,0.4145480394,0.2900798917,0.3682857752,0.0000003696,0.0080054887,0.0162318051,0.3438526690,0.0014894027,0.0628415495,-0.0012930301,-0.0005220249,0.0628655702,0.0024094735
03:23:35:00.046,61,0.1406556070,0.1267489791,0.0025303350,0.0000000000,0.0000000000,0.0837668553,0.0000000000,0.1407168210,0.1268399507,0.0000000000,0.0000000000,0.0000000000,0.0837738290,0.0000000000,0.0202302318,0.0063637672,0.0000000000,0.0108456975,0.0147928810,0.0227948800,0.0415396765,0.0000000000,0.0649162382,0.6275557876,0.7100150585,0.0000000000,0.0000000000,0.0842630044,0.1051795706,0.0379268602,0.0419467613,0.1307360828,0.0000000000,0.3376672268,0.2451525927,0.1275354326,0.1329524368,0.0693851411,0.0755265877,0.0848205835,0.1276093721,0.2451934218,0.2455238849,0.0450015515,0.0000000000,0.0000000000,0.0427193828,0.2955329716,0.4142330587,0.2866261005,0.3659667671,0.0000003607,0.0100669824,0.0147850364,0.3430347741,0.0030170809,0.0595584810,-0.0009024432,0.0010195971,0.0595823377,0.0025920277
03:23:35:01.046,61,0.1328135580,0.1198467985,0.0058496352,0.0000000000,0.0000000000,0.0836463049,0.0000000000,0.1328643858,0.1199813336,0.0000000000,0.0000000000,0.0000000000,0.0836533383,0.0000000000,0.0207157489,0.0060186940,0.0000000000,0.0109167341,0.0147300558,0.0225152913,0.0412952378,0.0000000000,0.0651677623,0.6272272468,0.7098845243,0.0000000000,0.0000000000,0.0848701075,0.1061535776,0.0381569974,0.0422570929,0.1312246323,0.0000000000,0.3377903998,0.2455108017,0.1276807189,0.1331219524,0.0691980943,0.0753382072,0.0844816640,0.1275026351,0.2453941107,0.2457225025,0.0441070162,0.0000000000,0.0000000000,0.0428797752,0.2947362661,0.4116299748,0.2828947306,0.3608300984,0.0000003958,0.0122903921,0.0129552037,0.3418938518,0.0048358776,0.0563298613,-0.0004652236,0.0029061213,0.0563534349,0.0028355657
03:23:35:02.046,61,0.1284435540,0.1183495298,0.0073087295,0.0000000000,0.0000000000,0.0835870355,0.0000000000,0.1284956187,0.1185041592,0.0000000000,0.0000000000,0.0000000000,0.0835941210,0.0000000000,0.0211164150,0.0057346416,0.0000000000,0.0109712603,0.0146863693,0.0222527217,0.0410645716,0.0000000000,0.0653661638,0.6267586350,0.7095928192,0.0000000000,0.0000000000,0.0853522122,0.1068433821,0.0383592471,0.0425344147,0.1314406395,0.0000000000,0.3376767635,0.2455937564,0.1275739372,0.1330121309,0.0690203235,0.0751627386,0.0841321051,0.1273356378,0.2458361834,0.2461626232,0.0432959124,0.0000000000,0.0000000000,0.0428390279,0.2926612198,0.4080494046,0.2807006240,0.3583804667,0.0000005149,0.0140032601,0.0113999397,0.3402688205,0.0056381729,0.0556330234,-0.0002906972,0.0037299097,0.0556565523,0.0029695486
03:23:35:03.046,61,0.1228042766,0.1156031489,0.0094407164,0.0000000000,0.0000000000,0.0834044889,0.0000000000,0.1228544712,0.1157863736,0.0000000000,0.0000000000,0.0000000000,0.0834115967,0.0000000000,0.0214470495,0.0055190022,0.0000000000,0.0110150203,0.0146476822,0.0219761524,0.0406811424,0.0000000000,0.0653643161,0.6263213158,0.7092170119,0.0000000000,0.0000000000,0.0857954696,0.1074320525,0.0385280550,0.0427451842,0.1314236224,0.0000000000,0.3372451663,0.2453392297,0.1271540076,0.1325541288,0.0688570961,0.0749847144,0.0837622508,0.1270291060,0.2463358939,0.2466577739,0.0425064713,0.0000000000,0.0000000000,0.0425745472,0.2881815434,0.3998874128,0.2788156569,0.3557997346,0.0000005647,0.0157092512,0.0105617866,0.3385738730,0.0068226065,0.0543524176,-0.0000304852,0.0049362443,0.0543758720,0.0031517628
03:23:35:04.046,61,0.1148964912,0.1127020344,0.0111308172,0.0000000000,0.0000000000,0.0828619525,0.0000000000,0.1149388403,0.1129068211,0.0000000000,0.0000000000,0.0000000000,0.0828690827,0.0000000000,0.0217194054,0.0053879828,0.0000000000,0.0110537373,0.0145856878,0.0216586739,0.0402036570,0.0000000000,0.0653299242,0.6245604753,0.7081156969,0.0000000000,0.0000000000,0.0862358883,0.1080148071,0.0386568122,0.0429025590,0.1313756555,0.0000000000,0.3365071714,0.2448442727,0.1258181185,0.1308256686,0.0686420426,0.0747614056,0.0833445489,0.1266087592,0.2466984987,0.2470145375,0.0417806692,0.0000000000,0.0000000000,0.0421146043,0.2765463889,0.3847590983,0.2757148147,0.3517373502,0.0000006251,0.0172382332,0.0100604296,0.3362821341,0.0077458359,0.0529969931,0.0001764512,0.0058959313,0.0530203581,0.0032787980
03:23:35:05.045,61,0.1106598750,0.1106538177,0.0123097384,0.0000000000,0.0000000000,0.0822379068,0.0000000000,0.1106979176,0.1108734757,0.0000000000,0.0000000000,0.0000000000,0.0822450668,0.0000000000,0.0219514966,0.0052966285,0.0000000000,0.0110776927,0.0145100085,0.0213390458,0.0397387706,0.0000000000,0.0653303266,0.6228997111,0.7072725296,0.0000000000,0.0000000000,0.0866320282,0.1085409150,0.0387665033,0.0430412181,0.1313673407,0.0000000000,0.3358606994,0.2443759590,0.1246314421,0.1293630749,0.0684188381,0.0745302290,0.0829562768,0.1262401789,0.2472646087,0.2475753129,0.0411329791,0.0000000000,0.0000000000,0.0415876135,0.2720903754,0.3797402680,0.2742375433,0.3500113189,0.0000006919,0.0181627516,0.0099006668,0.3339509368,0.0083942562,0.0520400256,0.0003203163,0.0065657049,0.0520633161,0.0033653523
03:23:35:06.045,61,0.1079133004,0.1095096469,0.0119346324,0.0000000000,0.0000000000,0.0815482065,0.0000000000,0.1079485491,0.1097225845,0.0000000000,0.0000000000,0.0000000000,0.0815554187,0.0000000000,0.0221877024,0.0052466253,0.0000000000,0.0110999076,0.0144066736,0.0210176185,0.0392593592,0.0000000000,0.0652773231,0.6192223430,0.7048526406,0.0000000000,0.0000000000,0.0870753974,0.1090924740,0.0388697237,0.0431409702,0.1315730214,0.0000000000,0.3353857994,0.2440513074,0.1237978041,0.1284131110,0.0681601539,0.0742611364,0.0825763494,0.1258494854,0.2477192134,0.2480248660,0.0405463800,0.0000000000,0.0000000000,0.0411081389,0.2691056728,0.3767755032,0.2731475532,0.3487769663,0.0000006556,0.0190605335,0.0096867979,0.3316970766,0.0081776585,0.0515003055,0.0002871677,0.0063600354,0.0515235513,0.0032997881
03:23:35:07.045,61,0.1062472612,0.1078189462,0.0117675699,0.0000000000,0.0000000000,0.0808176994,0.0000000000,0.1062809676,0.1080276221,0.0000000000,0.0000000000,0.0000000000,0.0808249414,0.0000000000,0.0224581026,0.0051998738,0.0000000000,0.0111231208,0.0142966788,0.0207205899,0.0387774408,0.0000000000,0.0652954057,0.6152642369,0.7023679018,0.0000000000,0.0000000000,0.0875139534,0.1096502468,0.0390203632,0.0432994999,0.1319126487,0.0000235588,0.3350177109,0.2437937409,0.1231028661,0.1276608557,0.0678974390,0.0739875138,0.0821890160,0.1254681945,0.2479074299,0.2482077628,0.0400103815,0.0000000000,0.0000000000,0.0406808406,0.2671251297,0.3749100268,0.2722477913,0.3478284478,0.0000006805,0.0192846246,0.0089874491,0.3292200565,0.0080744326,0.0507046878,0.0002807574,0.0062732920,0.0507279187,0.0032456112
03:23:35:08.045,61,0.1045563370,0.1057490334,0.0113740461,0.0000000000,0.0000000000,0.0800936073,0.0000000000,0.1045872793,0.1059499159,0.0000000000,0.0000000000,0.0000000000,0.0801008716,0.0000000000,0.0227120742,0.0051680193,0.0000000000,0.0111450255,0.0142036565,0.0204562247,0.0382749327,0.0000000000,0.0651774704,0.6135112047,0.7010453343,0.0000000000,0.0000000000,0.0878961980,0.1101078466,0.0391812921,0.0434386022,0.1322496831,0.0001352343,0.3347287774,0.2435931414,0.1223943308,0.1269194782,0.0676511675,0.0737310871,0.0819013938,0.1251555383,0.2479560375,0.2482508421,0.0395238958,0.0000000000,0.0000000000,0.0402334481,0.2659969926,0.3737585247,0.2716362178,0.3471083939,0.0000006666,0.0189709347,0.0085994750,0.3271199465,0.0078447890,0.0497297645,0.0002531749,0.0060609505,0.0497529060,0.0031589405
03:23:35:09.045,61,0.1034752503,0.1048217788,0.0112470658,0.0000000000,0.0000000000,0.0794027969,0.0000000000,0.1035050377,0.1050197631,0.0000000000,0.0000000000,0.0000000000,0.0794100538,0.0000000000,0.0229477752,0.0051132408,0.0000000000,0.0111618638,0.0141033027,0.0202121567,0.0377388634,0.0000000000,0.0648924336,0.6123056412,0.6994984746,0.0000000000,0.0000000000,0.0882988870,0.1105448678,0.0393608026,0.0435765162,0.1326008588,0.0002326250,0.3345728219,0.2434815168,0.1217207387,0.1262209564,0.0674065500,0.0734612569,0.0816599056,0.1248057634,0.2478922755,0.2481812537,0.0390738472,0.0000000000,0.0000000000,0.0397971086,0.2651395500,0.3724232614,0.2710681558,0.3461503983,0.0000006504,0.0182272661,0.0079323351,0.3248645067,0.0077604745,0.0492932647,0.0002445455,0.0059934519,0.0493163615,0.0031255954
03:23:35:10.045,61,0.1024205014,0.1033611000,0.0109148752,0.0000000000,0.0000000000,0.0788444951,0.0000000000,0.1024486423,0.1035527885,0.0000000000,0.0000000000,0.0000000000,0.0788517520,0.0000000000,0.0231842920,0.0050251479,0.0000000000,0.0111910114,0.0140183838,0.0199901965,0.0372304767,0.0000000000,0.0644263476,0.6115460396,0.6984590888,0.0000000000,0.0000000000,0.0887366012,0.1109859049,0.0395802557,0.0437449925,0.1328761131,0.0003267235,0.3343755603,0.2433052808,0.1210468709,0.1255154610,0.0672098771,0.0732393041,0.0814109221,0.1243361831,0.2477914542,0.2480733097,0.0386502035,0.0000000000,0.0000000000,0.0393849388,0.2644940019,0.3707208633,0.2703540325,0.3424762785,0.0000006605,0.0168094337,0.0073098242,0.3223720491,0.0075566377,0.0486050099,0.0002174585,0.0058129057,0.0486280620,0.0030589164
03:23:35:11.045,61,0.1015684381,0.1018803418,0.0103977555,0.0000000000,0.0000000000,0.0783748329,0.0000000000,0.1015965268,0.1020631269,0.0000000000,0.0000000000,0.0000000000,0.0783820897,0.0000000000,0.0233972799,0.0049958220,0.0000000000,0.0111960927,0.0139450701,0.0197745711,0.0365224890,0.0000000000,0.0641287640,0.6108630300,0.6976379156,0.0000000000,0.0000000000,0.0890458301,0.1113287434,0.0398073085,0.0439586565,0.1331076920,0.0004078203,0.3340044022,0.2429836541,0.1198338345,0.1242016777,0.0670282319,0.0730469897,0.0811845437,0.1239652410,0.2476896793,0.2479695380,0.0382671505,0.0000000000,0.0000000000,0.0388648808,0.2638180852,0.3696847558,0.2697356641,0.3410312235,0.0000006817,0.0151704941,0.0064693317,0.3196186125,0.0072611962,0.0479064882,0.0001732972,0.0055285655,0.0479295105,0.0029721665
03:23:35:12.044,61,0.1007784978,0.1012062877,0.0099973129,0.0000000000,0.0000000000,0.0778813884,0.0000000000,0.1008070260,0.1013827249,0.0000000000,0.0000000000,0.0000000000,0.0778886452,0.0000000000,0.0235725101,0.0049903113,0.0000000000,0.0111778155,0.0138791986,0.0195659753,0.0355476551,0.0000000000,0.0639972314,0.6102014780,0.6969575286,0.0000000000,0.0000000000,0.0892490000,0.1115929335,0.0400422774,0.0442292467,0.1332546473,0.0004687000,0.3334493935,0.2425053269,0.1181173623,0.1223268807,0.0668556094,0.0728893355,0.0809980929,0.1237258390,0.2475457191,0.2478269190,0.0379395820,0.0000000000,0.0000000000,0.0382762812,0.2630775273,0.3688148558,0.2691955268,0.3401471078,0.0000006728,0.0140741803,0.0055258349,0.3167936206,0.0070339590,0.0475877225,0.0001356138,0.0053064190,0.0476107299,0.0029150709
03:23:35:13.045,61,0.0997205377,0.1002470180,0.0091260588,0.0000000000,0.0000000000,0.0772871003,0.0000000000,0.0997513011,0.1004100814,0.0000000000,0.0000000000,0.0000000000,0.0772943571,0.0000000000,0.0237668362,0.0050173383,0.0000000000,0.0111426953,0.0137630058,0.0193302240,0.0340703726,0.0000000000,0.0637581944,0.6096727848,0.6963683367,0.0000000000,0.0000000000,0.0895583183,0.1119504869,0.0402326882,0.0444028415,0.1336822063,0.0005288630,0.3331322074,0.2422921658,0.1171188951,0.1212740764,0.0666339546,0.0726624131,0.0808399022,0.1234704554,0.2473095655,0.2475901097,0.0376358032,0.0000000000,0.0000000000,0.0377167985,0.2623717785,0.3679975867,0.2687162459,0.3394669890,0.0000006467,0.0133351255,0.0050295740,0.3142326176,0.0065401290,0.0471326709,0.0000497575,0.0048210174,0.0471556336,0.0028017568
03:23:35:14.044,61,0.0982196108,0.0992060676,0.0086469501,0.0000000000,0.0000000000,0.0767024532,0.0000000000,0.0982522741,0.0993614346,0.0000000000,0.0000000000,0.0000000000,0.0767097250,0.0000000000,0.0240294430,0.0050552632,0.0000000000,0.0111175459,0.0136372484,0.0191002544,0.0329948515,0.0000000000,0.0636758134,0.6071652770,0.6949662566,0.0000000000,0.0000000000,0.0898785144,0.1123601124,0.0404322222,0.0446024239,0.1348298937,0.0006158866,0.3329996765,0.2422692329,0.1163502559,0.1204817444,0.0664055347,0.0724253878,0.0806475133,0.1232495010,0.2470933944,0.2473742664,0.0373669825,0.0000000000,0.0000000000,0.0372096412,0.2613200247,0.3672372103,0.2682206035,0.3389782608,0.0000006409,0.0131288283,0.0046521723,0.3116276860,0.0062699094,0.0466411412,0.0000076115,0.0045560524,0.0466641486,0.0027291630
03:23:35:15.044,61,0.0962997228,0.0984213427,0.0084478874,0.0000000000,0.0000000000,0.0760886818,0.0000000000,0.0963334218,0.0985732004,0.0000000000,0.0000000000,0.0000000000,0.0760959610,0.0000000000,0.0242778417,0.0051485379,0.0000000000,0.0110874381,0.0135124018,0.0188770033,0.0318253450,0.0000000000,0.0636262447,0.6039295197,0.6928848624,0.0000000000,0.0000000000,0.0901364088,0.1127126813,0.0406069756,0.0447856449,0.1356423795,0.0007025947,0.3328177035,0.2421908677,0.1155695021,0.1196866557,0.0661569536,0.0721650422,0.0804662853,0.1230441332,0.2468373477,0.2471182793,0.0371228680,0.0000000000,0.0000000000,0.0366810597,0.2592452168,0.3653788865,0.2676899433,0.3385263681,0.0000006706,0.0138618294,0.0042268038,0.3096949756,0.0061502792,0.0462714285,-0.0000080322,0.0044472925,0.0462942868,0.0026919064
03:23:35:16.044,61,0.0947572291,0.0973962918,0.0087245414,0.0000000000,0.0000000000,0.0755350292,0.0000000000,0.0947920680,0.0975509584,0.0000000000,0.0000000000,0.0000000000,0.0755422935,0.0000000000,0.0244965833,0.0052521727,0.0000000000,0.0110578462,0.0134187238,0.0186688546,0.0305342879,0.0000000000,0.0635838509,0.6024241447,0.6917809844,0.0000000000,0.0000000000,0.0902798846,0.1129319146,0.0407667905,0.0449560322,0.1363145113,0.0007737731,0.3325405717,0.2420310676,0.1144786850,0.1185606495,0.0659417212,0.0719320998,0.0803474858,0.1229309440,0.2466241717,0.2469054461,0.0369432643,0.0000000000,0.0000000000,0.0361006893,0.2582462430,0.3644960523,0.2673412859,0.3383399248,0.0000006987,0.0146280080,0.0038631856,0.3080864251,0.0062983725,0.0457908511,0.0000292575,0.0046066232,0.0458137542,0.0027004941
03:23:35:17.043,61,0.0930610895,0.0958747566,0.0096838651,0.0000000000,0.0000000000,0.0750135854,0.0000000000,0.0931001231,0.0960413367,0.0000000000,0.0000000000,0.0000000000,0.0750209093,0.0000000000,0.0247046072,0.0054795216,0.0000000000,0.0110119246,0.0132925641,0.0184567999,0.0295642689,0.0000000000,0.0637737960,0.5965605378,0.6894739270,0.0000000000,0.0000000000,0.0904019997,0.1132109240,0.0408561490,0.0450905971,0.1369977295,0.0008700233,0.3322071433,0.2418113500,0.1136443764,0.1177187711,0.0656765252,0.0716579258,0.0801102072,0.1227615774,0.2464943379,0.2467785478,0.0368005820,0.0000000000,0.0000000000,0.0355717503,0.2544851303,0.3629199266,0.2667162418,0.3380735517,0.0000007532,0.0158475470,0.0034706369,0.3063133657,0.0068370346,0.0450801253,0.0001444265,0.0051513538,0.0451029092,0.0027711433
03:23:35:18.044,61,0.0919867754,0.0944568366,0.0108814742,0.0000000000,0.0000000000,0.0746609196,0.0000000000,0.0920278579,0.0946388021,0.0000000000,0.0000000000,0.0000000000,0.0746683478,0.0000000000,0.0249345005,0.0056944531,0.0000000000,0.0109607307,0.0131447166,0.0182486065,0.0286555793,0.0000000000,0.0639975369,0.5939199328,0.6882373691,0.0000000000,0.0000000000,0.0905750841,0.1135567278,0.0409508087,0.0452317372,0.1381691247,0.0009602612,0.3322750330,0.2419928014,0.1130918115,0.1171715483,0.0653543845,0.0713174418,0.0799181536,0.1226793677,0.2465306073,0.2468207479,0.0366594531,0.0000000000,0.0000000000,0.0351146497,0.2530157566,0.3621824980,0.2661415339,0.3379237950,0.0000007510,0.0172958523,0.0030221939,0.3050913513,0.0075188987,0.0444192141,0.0002848187,0.0058296621,0.0444419831,0.0028683762
03:23:35:19.044,61,0.0914827734,0.0920848325,0.0108802794,0.0000000000,0.0000000000,0.0748120695,0.0000000000,0.0915257260,0.0922644734,0.0000000000,0.0000000000,0.0000000000,0.0748195201,0.0000000000,0.0251682792,0.0058268621,0.0000000000,0.0109132593,0.0130675407,0.0181268808,0.0272720307,0.0000000000,0.0644233152,0.5923715830,0.6874359250,0.0000000000,0.0000000000,0.0904970393,0.1136277393,0.0411311164,0.0455064699,0.1389440447,0.0010372883,0.3322841227,0.2421310991,0.1126095057,0.1166977212,0.0650912151,0.0710680261,0.0798369646,0.1228463575,0.2469109148,0.2472129166,0.0365978368,0.0000000000,0.0000000000,0.0346598513,0.2527622283,0.3645100892,0.2661116123,0.3395274878,0.0000007403,0.0185881518,0.0030502826,0.3038479090,0.0075439308,0.0433041900,0.0003093514,0.0058383159,0.0433268994,0.0028184303
03:23:35:20.044,61,0.0912475735,0.0758887380,0.0072965873,0.0000000000,0.0000000000,0.0914656594,0.0000000000,0.0913003609,0.0760046691,0.0000000000,0.0000000000,0.0000000000,0.0914744288,0.0000000000,0.0256285220,0.0057692854,0.0000000000,0.0109183863,0.0130941821,0.0181279313,0.0238988530,0.0000000000,0.0662439093,0.5897321701,0.6868333817,0.0000000000,0.0000000000,0.0902046934,0.1135034710,0.0415165797,0.0461044200,0.1397435665,0.0012076062,0.3319408000,0.2419938743,0.1121405661,0.1162259206,0.0649802685,0.0710702389,0.0796477795,0.1230380088,0.2530082464,0.2536779046,0.0364962555,0.0000000000,0.0000000000,0.0343154930,0.2675822377,0.4052695334,0.2661080360,0.3422811627,0.0000007061,0.0197482239,0.0032187104,0.3028379381,0.0056624077,0.0356748104,0.0001081864,0.0038840286,0.0356972516,0.0021168883
03:23:35:21.044,61,0.0890998021,0.0373848975,0.0000000000,0.0000000000,0.0000000000,0.1196184307,0.0000000000,0.0893029869,0.0373222493,0.0016838135,0.0000000000,0.0000000000,0.1196337119,0.0000000000,0.0262324922,0.0056014634,0.0000000000,0.0109690530,0.0132085523,0.0182392579,0.0210354999,0.0000000000,0.0716206953,0.5764100552,0.6854385734,0.0000000000,0.0000000000,0.0895939022,0.1131101549,0.0420855954,0.0484012738,0.1409089118,0.0014535065,0.3315836191,0.2417992055,0.1116811931,0.1157550737,0.0649985075,0.0713241026,0.0793338194,0.1232935712,0.2803050876,0.2820324302,0.0364937782,0.0000000000,0.0000000000,0.0341159739,0.2724284530,0.4163606465,0.2663584352,0.3508403301,0.0000006266,0.0216926225,0.0024857447,0.3019096553,-0.0009086505,0.0175327361,-0.0005889451,-0.0028467923,0.0175543278,0.0002417867
03:23:35:22.044,61,0.0763268545,0.0019047481,0.0000000000,0.0000000000,0.0000000000,0.1412898898,0.0000000000,0.0767755732,0.0015883577,0.0229181610,0.0000000000,0.0000000000,0.1413338333,0.0000000000,0.0269223228,0.0053881253,0.0000000000,0.0110613508,0.0133911148,0.0184034705,0.0189052075,0.0000000000,0.0744906366,0.5706813335,0.6841204166,0.0000000000,0.0000000000,0.0888219327,0.1125652045,0.0429541767,0.0509788170,0.1419985145,0.0017261952,0.3311835527,0.2415255457,0.1110952869,0.1151450947,0.0651504472,0.0717639700,0.0790069476,0.1235861778,0.2907288074,0.2927130163,0.0365499631,0.0000000000,0.0000000000,0.0339267030,0.2751094997,0.4223069549,0.2668734193,0.3574763834,0.0000005654,0.0240033753,0.0010868609,0.3012004197,-0.0132894851,0.0008056909,-0.0019218540,-0.0153877605,0.0008265972,-0.0021682910
03:23:35:23.042,61,0.0474712625,0.0000000000,0.0000000000,0.0000000000,0.0000000000,0.1511019021,0.0000000000,0.0479096584,0.0000000000,0.0279251169,0.0000000000,0.0000000000,0.1511589885,0.0000000000,0.0276117772,0.0052049216,0.0000000000,0.0111408550,0.0135848420,0.0185736604,0.0176080540,0.0000000000,0.0760568157,0.5645105839,0.6800235510,0.0000000000,0.0000000000,0.0873313621,0.1114481613,0.0437195934,0.0528437123,0.1426975131,0.0019907751,0.3305683732,0.2410175502,0.1098205820,0.1136443391,0.0653458536,0.0722562447,0.0785995349,0.1236793473,0.2975124717,0.2995999753,0.0366441831,0.0000000000,0.0000000000,0.0337184258,0.2761252224,0.4238123894,0.2672480643,0.3600662947,0.0000004976,0.0257579423,0.0000272915,0.3002235591,-0.0162592530,-0.0109103173,-0.0018576086,-0.0183463488,-0.0108899921,-0.0028364500
03:23:35:24.043,61,0.0219038501,0.0000000000,0.0000000000,0.0000000000,0.0000000000,0.1557194293,0.0000000000,0.0218667593,0.0000000000,0.0351361409,0.0000000000,0.0000000000,0.1557821929,0.0000000000,0.0282094423,0.0050673801,0.0000000000,0.0111767594,0.0137374289,0.0186991971,0.0167703293,0.0000000000,0.0769549534,0.5617929697,0.6772721410,0.0000000000,0.0000000000,0.0860497728,0.1100927517,0.0443804488,0.0539467111,0.1431158930,0.0022215638,0.3289358020,0.2398954481,0.1083693355,0.1119235456,0.0654892996,0.0726501569,0.0781409442,0.1235387996,0.3006482720,0.3027857244,0.0366430171,0.0000000000,0.0000000000,0.0335380919,0.2746153772,0.4146419764,0.2674458325,0.3611505926,0.0000005460,0.0271502230,-0.0015217587,0.2992627919,-0.0204978511,-0.0195572153,-0.0020161048,-0.0225864537,-0.0195373371,-0.0035355310
03:23:35:25.042,61,0.0116007160,0.0000000000,0.0000000000,0.0000000000,0.0000000000,0.1575800031,0.0000000000,0.0115046231,0.0000000000,0.0397956260,0.0000000000,0.0000000000,0.1576442271,0.0000000000,0.0287612341,0.0049598739,0.0000000000,0.0112256920,0.0138866855,0.0187933855,0.0161983203,0.0000000000,0.0774551034,0.5594010353,0.6739102602,0.0000000000,0.0000000000,0.0851027966,0.1088583022,0.0450620688,0.0548275523,0.1434945464,0.0024304267,0.3270830810,0.2381309420,0.1071201712,0.1105538607,0.0656398237,0.0730000660,0.0776319727,0.1232037544,0.3021528125,0.3042967021,0.0365782306,0.0000000000,0.0000000000,0.0334016047,0.2669270933,0.4008369148,0.2674885988,0.3613600731,0.0000005811,0.0271214060,-0.0019643903,0.2984077036,-0.0232207514,-0.0218111351,-0.0022395081,-0.0252821036,-0.0217914060,-0.0038964667
03:23:35:26.042,61,0.0063154087,0.0000000000,0.0000000000,0.0000000000,0.0000000000,0.1555234641,0.0000000000,0.0061802799,0.0000000000,0.0449985340,0.0000000000,0.0000000000,0.1555814743,0.0000000000,0.0291833207,0.0047785318,0.0000000000,0.0113095306,0.0140828937,0.0189349484,0.0159333535,0.0000000000,0.0776498616,0.5578673482,0.6707593799,0.0000000000,0.0000000000,0.0841816962,0.1071838215,0.0460621752,0.0557529703,0.1436640620,0.0025975015,0.3259925544,0.2364600301,0.1062171310,0.1095916256,0.0658473074,0.0733969584,0.0772066563,0.1228616312,0.3030767441,0.3051956296,0.0364910588,0.0000000000,0.0000000000,0.0333225653,0.2592089772,0.3885657191,0.2677747309,0.3614248037,0.0000006739,0.0261076484,-0.0019108206,0.2975356579,-0.0262282826,-0.0187200159,-0.0027601668,-0.0282495003,-0.0187001452,-0.0042195474
03:23:35:27.043,61,0.0034780011,0.0000000000,0.0000000000,0.0000000000,0.0000000000,0.1501709074,0.0000000000,0.0033286482,0.0000000000,0.0504744835,0.0000000000,0.0000000000,0.1502219290,0.0000000000,0.0295396708,0.0045823827,0.0000000000,0.0114090955,0.0142801162,0.0190592892,0.0157115161,0.0000000000,0.0776507482,0.5568881035,0.6691188216,0.0000000000,0.0000000000,0.0833643824,0.1058082283,0.0473812670,0.0569917113,0.1438323408,0.0027463611,0.3246466815,0.2342894077,0.1054107770,0.1087456048,0.0661166459,0.0738462433,0.0767911598,0.1224339604,0.3037177026,0.3057942986,0.0363398828,0.0000000000,0.0000000000,0.0332457423,0.2505717576,0.3772541285,0.2681247294,0.3614025414,0.0000007264,0.0245203450,-0.0017022863,0.2968157232,-0.0293882489,-0.0151115656,-0.0033474071,-0.0313894413,-0.0150915533,-0.0045791171
03:23:35:28.042,61,0.0019514996,0.0000000000,0.0000000000,0.0000000000,0.0000000000,0.1450878382,0.0000000000,0.0018006722,0.0000000000,0.0524338149,0.0000000000,0.0000000000,0.1451366991,0.0000000000,0.0298400857,0.0043349727,0.0000000000,0.0115173142,0.0144581497,0.0191864576,0.0156603735,0.0000000000,0.0776754469,0.5561191440,0.6679894924,0.0000000000,0.0000000000,0.0826059878,0.1048043519,0.0486775301,0.0584955737,0.1439626664,0.0028848723,0.3237354457,0.2329407036,0.1047944352,0.1081159711,0.0663840473,0.0743205473,0.0763416067,0.1219549850,0.3042453527,0.3062776327,0.0361213870,0.0000000000,0.0000000000,0.0333045572,0.2433881164,0.3699941337,0.2685112953,0.3614619672,0.0000007075,0.0227732845,-0.0007499978,0.2960213125,-0.0305068903,-0.0122535527,-0.0036495649,-0.0325159132,-0.0122334212,-0.0047036377
03:23:35:29.042,61,0.0011272781,0.0000000000,0.0000000000,0.0000000000,0.0000000000,0.1412398964,0.0156066334,0.0009813106,0.0000000000,0.0557126999,0.0000000000,0.0000000000,0.1412888765,0.0154147791,0.0300967544,0.0040181861,0.0000000000,0.0116465082,0.0146481870,0.0193379782,0.0156730954,0.0000000000,0.0775602162,0.5556992888,0.6671955585,0.0000000000,0.0000000000,0.0818938464,0.1038119793,0.0500136763,0.0600061342,0.1440594792,0.0030000831,0.3230760396,0.2319835275,0.1042680740,0.1075809821,0.0667013973,0.0748387277,0.0759830549,0.1215273291,0.3047960103,0.3067817390,0.0358970724,0.0000000000,0.0000000000,0.0334001444,0.2402307689,0.3662783206,0.2693386078,0.3617806435,0.0000007390,0.0214336477,-0.0000237525,0.2949914634,-0.0324052647,-0.0113391131,-0.0039487765,-0.0344250835,-0.0113189071,-0.0049473387
03:23:35:30.042,61,0.0006795211,0.0000000000,0.0000000000,0.0000000000,0.0000000000,0.1380211115,0.0289444681,0.0005413541,0.0000000000,0.0573515408,0.0000000000,0.0000000000,0.1380687356,0.0287594534,0.0302590653,0.0036776713,0.0000000000,0.0117527107,0.0148306610,0.0194964018,0.0157811083,0.0000000000,0.0773441792,0.5555493236,0.6666094661,0.0000000000,0.0000000000,0.0811909512,0.1027708426,0.0509402901,0.0609962866,0.1439255476,0.0030815830,0.3225672245,0.2312236428,0.1037850156,0.1070820913,0.0669647530,0.0752868503,0.0757186711,0.1211600006,0.3051360250,0.3070748150,0.0356263407,0.0000000000,0.0000000000,0.0334940664,0.2383510172,0.3639004827,0.2705436647,0.3621546626,0.0000006930,0.0203683991,0.0003654435,0.2937594652,-0.0333544724,-0.0109537393,-0.0040954608,-0.0353843197,-0.0109335035,-0.0050713853
03:23:35:31.041,61,0.0004337915,0.0000000000,0.0000000000,0.0000000000,0.0000000000,0.1357225180,0.0357663855,0.0003045844,0.0000000000,0.0550100543,0.0000000000,0.0000000000,0.1357696354,0.0355787165,0.0303898994,0.0033803100,0.0000000000,0.0118420245,0.0149819311,0.0196305811,0.0159051605,0.0000000000,0.0771414861,0.5554690361,0.6661403179,0.0000000000,0.0000000000,0.0805663988,0.1019857526,0.0516808294,0.0617861785,0.1437450796,0.0031558864,0.3219919205,0.2304751724,0.1033465043,0.1066224277,0.0671905056,0.0756824464,0.0754061639,0.1207085401,0.3054605126,0.3073529899,0.0353880227,0.0000000000,0.0000000000,0.0335975103,0.2370745540,0.3623441458,0.2711181343,0.3622005582,0.0000006781,0.0197515264,0.0008223578,0.2925420105,-0.0320002846,-0.0117778033,-0.0038706064,-0.0340311527,-0.0117576271,-0.0048979907
03:23:35:32.042,61,0.0002966802,0.0000000000,0.0000000000,0.0000000000,0.0000000000,0.1344364285,0.0391547903,0.0001766723,0.0000000000,0.0582001023,0.0000000000,0.0000000000,0.1344836950,0.0389598608,0.0305442102,0.0030933199,0.0000000000,0.0119329188,0.0151300086,0.0197668970,0.0160927307,0.0000000000,0.0770767331,0.5553841591,0.6658146977,0.0000000000,0.0000000000,0.0800160840,0.1013468131,0.0523133688,0.0624651425,0.1436197758,0.0032385057,0.3215321004,0.2298632264,0.1030389965,0.1063012406,0.0674298108,0.0760991424,0.0750911534,0.1203201190,0.3057959676,0.3076511919,0.0351523571,0.0000000000,0.0000000000,0.0337394141,0.2362529188,0.3615218401,0.2716190517,0.3623648584,0.0000006835,0.0194533523,0.0007529110,0.2910511494,-0.0338522531,-0.0115828365,-0.0041231858,-0.0358910039,-0.0115626305,-0.0051397271
03:23:35:33.042,61,0.0002181516,0.0000000000,0.0000000000,0.0000000000,0.0000000000,0.1334106922,0.0390824005,0.0001071200,0.0000000000,0.0584935658,0.0000000000,0.0000000000,0.1334578693,0.0388758592,0.0306397881,0.0028423991,0.0000000000,0.0120070428,0.0152719617,0.0199125260,0.0162703730,0.0000000000,0.0770477057,0.5552625060,0.6654855609,0.0000000000,0.0000000000,0.0794804618,0.1007648706,0.0528522693,0.0630523041,0.1434143633,0.0033038142,0.3211351931,0.2293126136,0.1027833596,0.1060340405,0.0676427409,0.0764712393,0.0748381391,0.1200196818,0.3069604933,0.3086976707,0.0349719673,0.0000000000,0.0000000000,0.0338494070,0.2356715202,0.3609357476,0.2722612023,0.3627344668,0.0000006948,0.0192937832,0.0006730184,0.2897619009,-0.0340193994,-0.0111443102,-0.0041711507,-0.0360667482,-0.0111240894,-0.0051614144
03:23:35:34.041,61,0.0001713889,0.0000000000,0.0000000000,0.0000000000,0.0000000000,0.1325564981,0.0389268734,0.0000688915,0.0000000000,0.0584791712,0.0000000000,0.0000000000,0.1326038688,0.0387041792,0.0307368431,0.0026003553,0.0000000000,0.0120768324,0.0154004181,0.0200501252,0.0164608546,0.0000000000,0.0770901218,0.5551573634,0.6652531028,0.0000000000,0.0000000000,0.0790033042,0.1002665684,0.0533295013,0.0635845065,0.1432608664,0.0033665111,0.3208510876,0.2288895547,0.1025731191,0.1058247238,0.0678239539,0.0768140033,0.0745919570,0.1197693273,0.3076428771,0.3093354702,0.0347914547,0.0000000000,0.0000000000,0.0339687765,0.2351560146,0.3605085909,0.2728189528,0.3631477952,0.0000006769,0.0191182308,0.0011991560,0.2881964445,-0.0340065919,-0.0105675906,-0.0042039091,-0.0360591859,-0.0105473250,-0.0051587811
03:23:35:35.041,61,0.0001420058,0.0000000000,0.0000000000,0.0000000000,0.0000000000,0.1317887008,0.0391358957,0.0000475086,0.0000000000,0.0584912598,0.0000000000,0.0000000000,0.1318366230,0.0388992690,0.0308750551,0.0023675803,0.0000000000,0.0121597601,0.0155185433,0.0201850813,0.0166843813,0.0000000000,0.0772145465,0.5549411774,0.6650180817,0.0000000000,0.0000000000,0.0785963163,0.0998662338,0.0537842065,0.0640961528,0.1432638168,0.0034456539,0.3207204044,0.2286098748,0.1025003940,0.1057703942,0.0679939315,0.0771378130,0.0743294209,0.1195345223,0.3079388142,0.3096075058,0.0345914178,0.0000000000,0.0000000000,0.0341647677,0.2345948219,0.3601240218,0.2732914090,0.3635950089,0.0000006650,0.0193069838,0.0013779327,0.2868968248,-0.0340102240,-0.0101281106,-0.0042306306,-0.0360636264,-0.0101078302,-0.0051581152
03:23:35:36.041,61,0.0001222720,0.0000000000,0.0000000000,0.0000000000,0.0000000000,0.1306007355,0.0391279235,0.0000352157,0.0000000000,0.0572368577,0.0000000000,0.0000000000,0.1306488663,0.0388802923,0.0309501924,0.0021183081,0.0000000000,0.0122298859,0.0156438500,0.0203265492,0.0168767478,0.0000000000,0.0773524716,0.5548954010,0.6649377346,0.0000000000,0.0000000000,0.0781655163,0.0994359255,0.0542043522,0.0645904839,0.1431201398,0.0034985025,0.3205139041,0.2282771766,0.1023387462,0.1056165323,0.0681648627,0.0774628744,0.0741529763,0.1194200963,0.3082993627,0.3099493384,0.0343975239,0.0000000000,0.0000000000,0.0342834331,0.2340441644,0.3596852720,0.2739112973,0.3642357290,0.0000006778,0.0195892137,0.0018789619,0.2856149375,-0.0332715251,-0.0088212043,-0.0042103608,-0.0353176072,-0.0088008642,-0.0050549512
03:23:35:37.041,61,0.0001080223,0.0000000000,0.0000000000,0.0000000000,0.0000000000,0.1289210469,0.0385071188,0.0000278558,0.0000000000,0.0555753261,0.0000000000,0.0000000000,0.1289700270,0.0382468216,0.0309645198,0.0019176417,0.0000000000,0.0122530535,0.0157264415,0.0204795878,0.0171911828,0.0000000000,0.0775834993,0.5547854304,0.6649283767,0.0000000000,0.0000000000,0.0777414963,0.0990458429,0.0545156822,0.0649670511,0.1428920776,0.0035200370,0.3206223547,0.2282414287,0.1023304835,0.1056355312,0.0682172477,0.0776638910,0.0740476996,0.1194662005,0.3084773719,0.3101153970,0.0341865681,0.0000000000,0.0000000000,0.0344583951,0.2334971279,0.3593083620,0.2745087743,0.3650466204,0.0000006825,0.0198058933,0.0027281642,0.2842841744,-0.0322951749,-0.0073320419,-0.0041667749,-0.0343372039,-0.0073116124,-0.0049174065
03:23:35:38.041,61,0.0000970018,0.0000000000,0.0000000000,0.0000000000,0.0000000000,0.1269268841,0.0382982008,0.0000231985,0.0000000000,0.0506872460,0.0000000000,0.0000000000,0.1269767880,0.0380289741,0.0309676714,0.0017625750,0.0000000000,0.0122702522,0.0157823004,0.0206137355,0.0175682418,0.0000000000,0.0777509585,0.5546063781,0.6648244858,0.0000000000,0.0000000000,0.0773620605,0.0986943692,0.0547648519,0.0652561039,0.1426743567,0.0035359375,0.3208013177,0.2282802463,0.1023891717,0.1057311371,0.0682089403,0.0777676180,0.0739148930,0.1194243208,0.3082827032,0.3099094331,0.0339551233,0.0000000000,0.0000000000,0.0347025916,0.2327222377,0.3585594594,0.2748564184,0.3655203283,0.0000007213,0.0205427539,0.0036993027,0.2833656073,-0.0294443816,-0.0056380630,-0.0038763192,-0.0314752199,-0.0056175888,-0.0045188265
03:23:35:39.041,61,0.0000879801,0.0000000000,0.0000000000,0.0000000000,0.0000000000,0.1244896054,0.0384316854,0.0000200448,0.0000000000,0.0492532440,0.0000000000,0.0000000000,0.1245422587,0.0381534956,0.0309671164,0.0016015404,0.0000000000,0.0122671947,0.0157936309,0.0207373518,0.0180700682,0.0000000000,0.0780654103,0.5544175506,0.6648596525,0.0000000000,0.0000000000,0.0770642161,0.0984542891,0.0549450926,0.0655011535,0.1425158679,0.0035542026,0.3211027086,0.2284586877,0.1026101932,0.1060065702,0.0681429729,0.0778182000,0.0737466067,0.1194123775,0.3075052202,0.3091270626,0.0336499289,0.0000000000,0.0000000000,0.0350506678,0.2313410044,0.3578744233,0.2750572860,0.3659736216,0.0000006849,0.0212131329,0.0045408309,0.2822811902,-0.0286021717,-0.0043073446,-0.0038337163,-0.0306339748,-0.0042867810,-0.0043928111
03:23:35:40.041,61,0.0000802771,0.0000000000,0.0000000000,0.0000000000,0.0000000000,0.1215299219,0.0389196537,0.0000177488,0.0000000000,0.0462017581,0.0000000000,0.0000000000,0.1215849370,0.0386344306,0.0309756864,0.0014541823,0.0000000000,0.0122471033,0.0157629903,0.0208170861,0.0185936261,0.0000000000,0.0783576891,0.5544676781,0.6650720239,0.0000000000,0.0000000000,0.0768859759,0.0983488932,0.0551100597,0.0657060370,0.1424518824,0.0035550750,0.3216599226,0.2289209813,0.1030424982,0.1065132618,0.0680321008,0.0777972862,0.0735983551,0.1194273084,0.3064291179,0.3080316484,0.0332888216,0.0000000000,0.0000000000,0.0354558527,0.2300678045,0.3571542203,0.2751909196,0.3663904071,0.0000006212,0.0220193993,0.0053981021,0.2816188633,-0.0268115327,-0.0015890747,-0.0037297914,-0.0288499594,-0.0015683472,-0.0041190693
03:23:35:41.040,61,0.0000735091,0.0004563596,0.0000000000,0.0000000000,0.0000000000,0.1191417351,0.0394727550,0.0000159601,0.0000000000,0.0426241830,0.0000000000,0.0000000000,0.1191985086,0.0391808748,0.0309535880,0.0013475019,0.0000000000,0.0122149177,0.0157240611,0.0208726861,0.0189949200,0.0000000000,0.0786975771,0.5544033051,0.6652576923,0.0000000000,0.0000000000,0.0766999349,0.0982528627,0.0552403778,0.0658954084,0.1423512995,0.0035560939,0.3220078945,0.2292117625,0.1033469886,0.1068830267,0.0679175183,0.0777700618,0.0734258816,0.1194227785,0.3055891693,0.3071859479,0.0329439007,0.0000000000,0.0000000000,0.0357865207,0.2280833274,0.3556923270,0.2751725316,0.3666904569,0.0000005420,0.0226855949,0.0067346916,0.2813052535,-0.0247240141,0.0000965893,-0.0035214177,-0.0267504528,0.0001173615,-0.0038029291
03:23:35:42.040,61,0.0000674522,0.0007040180,0.0000000000,0.0000000000,0.0000000000,0.1173312142,0.0396286249,0.0000144877,0.0001734943,0.0427585877,0.0000000000,0.0000000000,0.1173898652,0.0393291265,0.0309412461,0.0012743610,0.0000000000,0.0121762129,0.0156695265,0.0208943132,0.0193000697,0.0000000000,0.0790299624,0.5543963909,0.6655083299,0.0000000000,0.0000000000,0.0765901208,0.0982395187,0.0553364977,0.0660301074,0.1423603743,0.0035559607,0.3223768473,0.2295718044,0.1037088260,0.1073206663,0.0678035393,0.0777208433,0.0732635781,0.1194370240,0.3048446178,0.3064417839,0.0326410756,0.0000000000,0.0000000000,0.0360987969,0.2269755751,0.3548627198,0.2751254737,0.3669788539,0.0000004771,0.0232401937,0.0076383725,0.2810053825,-0.0248011574,0.0002127737,-0.0035382593,-0.0268339552,0.0002335459,-0.0038133922
03:23:35:43.040,61,0.0000619700,0.0034089752,0.0000000000,0.0000000000,0.0000000000,0.1156805530,0.0391604044,0.0000132256,0.0028941887,0.0410985872,0.0000000000,0.0000000000,0.1157396734,0.0388556831,0.0308907330,0.0011927274,0.0000000000,0.0121294186,0.0156243509,0.0209152214,0.0195694100,0.0000000000,0.0793471485,0.5545691252,0.6658852100,0.0000000000,0.0000000000,0.0764914602,0.0982319340,0.0553999357,0.0661239102,0.1422887594,0.0035370647,0.3226944804,0.2299158573,0.1040190011,0.1076980457,0.0677081645,0.0776983798,0.0731863454,0.1195618436,0.3042492568,0.3058446348,0.0323678367,0.0000000000,0.0000000000,0.0363340974,0.2261964381,0.3542445004,0.2752300501,0.3674097359,0.0000004984,0.0234574527,0.0087887421,0.2811173499,-0.0238294303,0.0014849007,-0.0034629148,-0.0258555785,0.0015057921,-0.0036570940
03:23:35:44.040,61,0.0000569739,0.0053827800,0.0000000000,0.0000000000,0.0000000000,0.1143083051,0.0380182788,0.0000121138,0.0048901387,0.0389367491,0.0000000000,0.0000000000,0.1143674701,0.0377094150,0.0308334883,0.0011552586,0.0000000000,0.0120750181,0.0155585706,0.0209183190,0.0198885594,0.0000000000,0.0796047822,0.5547465682,0.6662251949,0.0000000000,0.0000000000,0.0764358565,0.0982696116,0.0553998128,0.0661431774,0.1421812028,0.0035120877,0.3230242133,0.2302896380,0.1043860093,0.1081303507,0.0675588176,0.0775950998,0.0730720833,0.1196013018,0.3036291599,0.3052205443,0.0320966579,0.0000000000,0.0000000000,0.0366010219,0.2255118638,0.3536353409,0.2750841379,0.3675033152,0.0000004969,0.0235444792,0.0099773109,0.2811807990,-0.0225693360,0.0024144351,-0.0033267206,-0.0246017314,0.0024353415,-0.0034632708
03:23:35:45.040,61,0.0000524023,0.0048691090,0.0000000000,0.0000000000,0.0000000000,0.1133069471,0.0337213613,0.0000111172,0.0043770620,0.0389130637,0.0000000000,0.0000000000,0.1133659482,0.0334124118,0.0307402425,0.0011254058,0.0000000000,0.0120171551,0.0155110527,0.0209188648,0.0201395825,0.0000000000,0.0798184946,0.5549452901,0.6665349603,0.0000000000,0.0000000000,0.0763582438,0.0982719213,0.0553729981,0.0661302283,0.1419418901,0.0034811252,0.3231597841,0.2304800153,0.1046200767,0.1084098518,0.0674256682,0.0775096267,0.0729805157,0.1196464375,0.3031301796,0.3047163188,0.0318636373,0.0000000000,0.0000000000,0.0367608927,0.2249604315,0.3530796468,0.2749496400,0.3675563633,0.0000004965,0.0237008985,0.0102168322,0.2811916471,-0.0225572474,0.0021731704,-0.0033133314,-0.0245890152,0.0021940917,-0.0034649454
03:23:35:46.040,61,0.0000482092,0.0059064906,0.0000000000,0.0000000000,0.0000000000,0.1123628244,0.0274146721,0.0000102143,0.0054297955,0.0374561623,0.0000000000,0.0000000000,0.1124201119,0.0271175988,0.0306455847,0.0011159150,0.0000000000,0.0119678825,0.0154612111,0.0208901167,0.0203434285,0.0000000000,0.0798546523,0.5553606749,0.6668621898,0.0000000000,0.0000000000,0.0763576701,0.0983341336,0.0553198121,0.0660491213,0.1417247653,0.0034450458,0.3231993616,0.2306080163,0.1048453078,0.1086686105,0.0673139840,0.0774044320,0.0728913173,0.1196021289,0.3026434183,0.3042148054,0.0316395201,0.0000000000,0.0000000000,0.0368870124,0.2245445549,0.3524973989,0.2746806443,0.3673059046,0.0000004885,0.0235907976,0.0107076839,0.2814275324,-0.0217091143,0.0026622415,-0.0032140459,-0.0237359144,0.0026831776,-0.0033341267
03:23:35:47.039,61,0.0000443577,0.0059043006,0.0000000000,0.0000000000,0.0000000000,0.1115664765,0.0118533047,0.0000093910,0.0054439288,0.0359773003,0.0000000000,0.0000000000,0.1116225943,0.0115522202,0.0305071156,0.0011383223,0.0000000000,0.0119155785,0.0154340575,0.0208796319,0.0205515251,0.0000000000,0.0799686313,0.5554919243,0.6670001745,0.0000000000,0.0000000000,0.0763077587,0.0983598754,0.0552273169,0.0659517422,0.1413520128,0.0034089433,0.3230071068,0.2305140048,0.1049142256,0.1087605953,0.0671785027,0.0772917271,0.0727877840,0.1195639074,0.3022163212,0.3037767410,0.0314836092,0.0000000000,0.0000000000,0.0369294435,0.2241083980,0.3518694341,0.2742905319,0.3668993413,0.0000004485,0.0234450027,0.0109818652,0.2813653350,-0.0208515935,0.0026631802,-0.0030898377,-0.0228714459,0.0026841164,-0.0032087725
03:23:35:48.039,61,0.0000408172,0.0082411617,0.0000000000,0.0000000000,0.0000000000,0.1096730381,0.0000000000,0.0000086374,0.0078103258,0.0332044885,0.0000000000,0.0000000000,0.1097237840,0.0000000000,0.0303157028,0.0011938805,0.0000000000,0.0118512232,0.0154179232,0.0208557546,0.0208468959,0.0000000000,0.0800961405,0.5555779338,0.6671123505,0.0000000000,0.0000000000,0.0762529522,0.0983974636,0.0549992807,0.0657053515,0.1408176571,0.0033719304,0.3224545121,0.2301107943,0.1048428565,0.1087042317,0.0670245811,0.0771503896,0.0726795271,0.1195285544,0.3014273345,0.3029336929,0.0313535519,0.0000000000,0.0000000000,0.0368740857,0.2237095237,0.3511993289,0.2733092308,0.3651695549,0.0000003928,0.0230111424,0.0109074786,0.2816535532,-0.0192367472,0.0037648678,-0.0029052780,-0.0212243274,0.0037857890,-0.0029501205
03:23:35:49.039,61,0.0010362583,0.0367991477,0.0000000000,0.0000000000,0.0000000000,0.0962167159,0.0000000000,0.0010767237,0.0365538262,0.0167813338,0.0000000000,0.0000000000,0.0962468609,0.0000000000,0.0298957992,0.0013816354,0.0000000000,0.0117375748,0.0153435338,0.0207510348,0.0220088679,0.0000000000,0.0799648240,0.5557519197,0.6670377254,0.0000000000,0.0000000000,0.0763498172,0.0986051112,0.0543172508,0.0642684624,0.1385354400,0.0032545011,0.3222149909,0.2299727947,0.1049444303,0.1088412330,0.0666703135,0.0767006800,0.0727919936,0.1197318211,0.2919260561,0.2930153906,0.0313259289,0.0000000000,0.0000000000,0.0367265232,0.2232036740,0.3468768001,0.2698811293,0.3584697247,0.0000002903,0.0226130970,0.0112643242,0.2822916210,-0.0096446536,0.0172137767,-0.0019771759,-0.0114847776,0.0172352642,-0.0011504665
03:23:35:50.038,61,0.0520296432,0.0898979679,0.0042855353,0.0000000000,0.0000000000,0.0793516934,0.0000000000,0.0520757958,0.0899846405,0.0000000000,0.0000000000,0.0000000000,0.0793658867,0.0000000000,0.0291552041,0.0016933478,0.0000000000,0.0115924105,0.0151868248,0.0205437317,0.0283615496,0.0000000000,0.0790479407,0.5629169345,0.6672807336,0.0000000000,0.0000000000,0.0767976120,0.0991493911,0.0515753962,0.0588477328,0.1354921013,0.0030390273,0.3232952654,0.2309094667,0.1052592099,0.1091890484,0.0661727041,0.0755804777,0.0732652247,0.1202172786,0.2686854601,0.2689008117,0.0313006677,0.0000000000,0.0000000000,0.0364498012,0.2230202407,0.3415189981,0.2687639296,0.3560917079,0.0000001972,0.0222861338,0.0125582218,0.2830971479,0.0038583372,0.0422465354,-0.0003562311,0.0021405704,0.0422693491,0.0020836107
03:23:35:51.038,61,0.0753196776,0.1387078315,0.0227687396,0.0000000000,0.0000000000,0.0662465170,0.0000000000,0.0753274783,0.1391143352,0.0000000000,0.0000000000,0.0000000000,0.0662547052,0.0000000000,0.0280093364,0.0021363562,0.0000000000,0.0114058731,0.0149402739,0.0203283019,0.0337053053,0.0000000000,0.0781372413,0.5660208464,0.6674693227,0.0000000000,0.0000000000,0.0774019659,0.1000417620,0.0487335511,0.0541030727,0.1340446621,0.0027543977,0.3334616125,0.2385029495,0.1067748517,0.1113299206,0.0654610246,0.0732219815,0.0744067952,0.1219214126,0.2503960133,0.2504694164,0.0314660147,0.0000000000,0.0000000000,0.0363176428,0.2228494138,0.3370765746,0.2685047984,0.3550575078,0.0000001092,0.0215857308,0.0165255815,0.2844547629,0.0140943583,0.0652854294,0.0012901425,0.0122959726,0.0653111041,0.0051912931
03:23:35:52.038,61,0.1293299496,0.1872958392,0.0338210575,0.0000000000,0.0000000000,0.0578495450,0.0000000000,0.1293345541,0.1879585236,0.0000000000,0.0000000000,0.0000000000,0.0578554384,0.0000000000,0.0267779119,0.0025597834,0.0000000000,0.0111821312,0.0146560995,0.0201683771,0.0376048125,0.0000000000,0.0775521919,0.5675255060,0.6674354672,0.0000000000,0.0000000000,0.0779482573,0.1007483974,0.0463071354,0.0510043725,0.1330942810,0.0024341142,0.3430420458,0.2461062521,0.1112070680,0.1168683246,0.0646608397,0.0711253881,0.0763178691,0.1257442832,0.2390043736,0.2390111536,0.0318974964,0.0000000000,0.0000000000,0.0363144055,0.2228756547,0.3351155818,0.2701193094,0.3566204011,0.0000000582,0.0206845701,0.0224532485,0.2856309414,0.0200691018,0.0882094651,0.0024308502,0.0181900784,0.0882364959,0.0077961092
03:23:35:53.038,61,0.1455644369,0.2004823238,0.0342168175,0.0000000000,0.0000000000,0.0529167354,0.0000000000,0.1455663294,0.2011748850,0.0000000000,0.0000000000,0.0000000000,0.0529217795,0.0000000000,0.0256124511,0.0029476711,0.0000000000,0.0109339664,0.0143410042,0.0200377218,0.0396208093,0.0000000000,0.0770225003,0.5683024526,0.6671856046,0.0000000000,0.0000000000,0.0784693658,0.1014024913,0.0446556248,0.0491801128,0.1322671771,0.0021075846,0.3487889469,0.2504000068,0.1141049564,0.1200464442,0.0635437444,0.0691236258,0.0774868429,0.1274396479,0.2330886126,0.2330687642,0.0323648863,0.0000000000,0.0000000000,0.0363032855,0.2226842046,0.3315352499,0.2708826363,0.3571970463,0.0000000483,0.0194391236,0.0284425914,0.2868513465,0.0202855933,0.0944146812,0.0024523598,0.0183264390,0.0944420397,0.0082024410
03:23:35:54.038,61,0.1509519666,0.2031416744,0.0351455510,0.0000000000,0.0000000000,0.0497056320,0.0000000000,0.1509568095,0.2038553208,0.0000000000,0.0000000000,0.0000000000,0.0497105867,0.0000000000,0.0244951956,0.0033673821,0.0000000000,0.0106532881,0.0139636081,0.0198958684,0.0409804545,0.0000000000,0.0766061172,0.5681792498,0.6659176350,0.0000000000,0.0000000000,0.0789918005,0.1020776033,0.0435010158,0.0479457341,0.1314922720,0.0017813668,0.3538632095,0.2542776465,0.1161129177,0.1222287565,0.0616690964,0.0667135268,0.0783261284,0.1285310984,0.2291323692,0.2291205227,0.0328744687,0.0000000000,0.0000000000,0.0363470688,0.2206177115,0.3213481903,0.2711357176,0.3572754264,0.0000000326,0.0182318017,0.0328342617,0.2875273824,0.0208425075,0.0956726670,0.0025810034,0.0188252851,0.0957001597,0.0083987880
03:23:35:55.038,61,0.1513473094,0.2050766647,0.0337001048,0.0000000000,0.0000000000,0.0474762730,0.0000000000,0.1513538361,0.2057681233,0.0000000000,0.0000000000,0.0000000000,0.0474814139,0.0000000000,0.0234828722,0.0037488313,0.0000000000,0.0103666279,0.0135866487,0.0197559651,0.0418964773,0.0000000000,0.0760848299,0.5678015947,0.6641142368,0.0000000000,0.0000000000,0.0794869512,0.1026788801,0.0425995030,0.0470108502,0.1304850578,0.0014528127,0.3562974036,0.2562057078,0.1172388420,0.1234068722,0.0601552650,0.0649031550,0.0790269598,0.1292419434,0.2262732685,0.2262728810,0.0333922617,0.0000000000,0.0000000000,0.0363022313,0.2182944119,0.3140590191,0.2711703181,0.3569980860,0.0000000181,0.0173742305,0.0357016772,0.2880373001,0.0200463664,0.0965715796,0.0023842035,0.0180096366,0.0965991467,0.0082562007
03:23:35:56.038,61,0.1505638212,0.2039128244,0.0328582227,0.0000000000,0.0000000000,0.0460398272,0.0000000000,0.1505754292,0.2045875341,0.0000000000,0.0000000000,0.0000000000,0.0460450649,0.0000000000,0.0226331744,0.0040869331,0.0000000000,0.0100742448,0.0131966975,0.0195987932,0.0424783416,0.0000000000,0.0754922405,0.5672844648,0.6625194550,0.0000000000,0.0000000000,0.0799919143,0.1032626182,0.0418705717,0.0462760627,0.1296838373,0.0011363404,0.3580796421,0.2577244937,0.1180350035,0.1242115125,0.0589540601,0.0635531843,0.0796375200,0.1297427714,0.2245812416,0.2245870829,0.0339492820,0.0000000000,0.0000000000,0.0362119339,0.2167884409,0.3104517758,0.2711069882,0.3565594554,0.0000000078,0.0165535212,0.0372329950,0.2882784903,0.0195784420,0.0960178226,0.0022737244,0.0175494328,0.0960453153,0.0081117414
03:23:35:57.038,61,0.1502106935,0.2033529282,0.0322680324,0.0000000000,0.0000000000,0.0449967124,0.0000000000,0.1502240896,0.2040162832,0.0000000000,0.0000000000,0.0000000000,0.0450020544,0.0000000000,0.0218735598,0.0043782499,0.0000000000,0.0097939903,0.0128184631,0.0194551684,0.0428068303,0.0000000000,0.0745075643,0.5667221546,0.6604845524,0.0000000000,0.0000000000,0.0804805532,0.1037573814,0.0412748419,0.0456633642,0.1290025562,0.0008350177,0.3594739735,0.2589514554,0.1186784878,0.1248351857,0.0580345318,0.0625447556,0.0802111849,0.1300739050,0.2234660685,0.2234771699,0.0344952159,0.0000000000,0.0000000000,0.0360955037,0.2157458216,0.3078588843,0.2710614204,0.3560067415,0.0000000006,0.0159453675,0.0377778709,0.2882823944,0.0192881003,0.0957499593,0.0022050131,0.0172250755,0.0957774818,0.0080175251
03:23:35:58.037,61,0.1497572958,0.2014355063,0.0322585180,0.0000000000,0.0000000000,0.0442168228,0.0000000000,0.1497720033,0.2020954937,0.0000000000,0.0000000000,0.0000000000,0.0442222841,0.0000000000,0.0212080926,0.0046153818,0.0000000000,0.0095459716,0.0124642523,0.0193284098,0.0429993682,0.0000000000,0.0732727051,0.5657800436,0.6576929092,0.0000000000,0.0000000000,0.0809744447,0.1042132825,0.0407930501,0.0451478101,0.1284787804,0.0005634713,0.3606304526,0.2599674761,0.1192912161,0.1254253834,0.0572582223,0.0617144629,0.0807128325,0.1302535832,0.2226576805,0.2226739377,0.0350087062,0.0000000000,0.0000000000,0.0360291637,0.2149342000,0.3062624633,0.2710205317,0.3553881645,0.0000000000,0.0152007733,0.0379907340,0.2881572843,0.0192864798,0.0948480964,0.0022098105,0.0172319785,0.0948755741,0.0079656933
03:23:35:59.037,61,0.1492855102,0.2006857842,0.0320460387,0.0000000000,0.0000000000,0.0436039418,0.0000000000,0.1493010223,0.2013407499,0.0000000000,0.0000000000,0.0000000000,0.0436095186,0.0000000000,0.0206080396,0.0048188986,0.0000000000,0.0093252975,0.0121442620,0.0192251895,0.0430720150,0.0000000000,0.0717040524,0.5650781393,0.6558409929,0.0000000000,0.0000000000,0.0814187601,0.1045800298,0.0403966345,0.0447026566,0.1279881150,0.0003105513,0.3615653813,0.2608225048,0.1198088676,0.1259099245,0.0565853678,0.0610011332,0.0811990201,0.1303641796,0.2220159471,0.2220366895,0.0354672000,0.0000000000,0.0000000000,0.0359407514,0.2142682523,0.3050310612,0.2710015774,0.3547370136,0.0000000000,0.0146175846,0.0380515158,0.2878749371,0.0191889871,0.0944938660,0.0021884153,0.0171186291,0.0945213139,0.0079174973
03:23:36:00.037,61,0.1488234401,0.1998690069,0.0322251953,0.0000000000,0.0000000000,0.0431413539,0.0000000000,0.1488395035,0.2005257308,0.0000000000,0.0000000000,0.0000000000,0.0431470312,0.0000000000,0.0200795159,0.0049693678,0.0000000000,0.0091406936,0.0118742306,0.0191645268,0.0431366004,0.0000000000,0.0702317357,0.5643768311,0.6540642381,0.0000000000,0.0000000000,0.0818036646,0.1048522592,0.0400651470,0.0443211906,0.1275548488,0.0000839481,0.3623465002,0.2615260482,0.1202639267,0.1263233274,0.0560150519,0.0604017340,0.0816593319,0.1304266751,0.2215133309,0.2215379626,0.0358871743,0.0000000000,0.0000000000,0.0358538143,0.2137802690,0.3041237295,0.2710199356,0.3540972173,0.0000000000,0.0140733644,0.0382158756,0.2876437306,0.0192824528,0.0941110700,0.0022130837,0.0172233656,0.0941385031,0.0079199299
03:23:36:01.037,61,0.1481457055,0.1956985146,0.0319212228,0.0000000000,0.0000000000,0.0433206335,0.0000000000,0.1481708437,0.1963430196,0.0000000000,0.0000000000,0.0000000000,0.0433264077,0.0000000000,0.0196901970,0.0050501693,0.0000000000,0.0090058558,0.0116918990,0.0191713497,0.0430528708,0.0000000000,0.0692780390,0.5636517406,0.6529381275,0.0000000000,0.0000000000,0.0820443705,0.1049718931,0.0398899689,0.0441353582,0.1271988750,0.0000000000,0.3627462685,0.2618891299,0.1206728891,0.1266833246,0.0556123070,0.0599950664,0.0819992125,0.1303807050,0.2216780037,0.2217113078,0.0361627638,0.0000000000,0.0000000000,0.0358209461,0.2137929946,0.3039982915,0.2710478902,0.3535526693,0.0000000000,0.0137090217,0.0384436995,0.2872129083,0.0191446785,0.0921473503,0.0021916064,0.0170805529,0.0921746641,0.0077696829
03:23:36:02.037,61,0.1465637833,0.1902813464,0.0308812186,0.0000000000,0.0000000000,0.0436055027,0.0000000000,0.1465973556,0.1908989549,0.0000000000,0.0000000000,0.0000000000,0.0436113663,0.0000000000,0.0193687212,0.0051112482,0.0000000000,0.0089028059,0.0115476986,0.0191976428,0.0428824313,0.0000000000,0.0684396848,0.5623501539,0.6513389945,0.0000000000,0.0000000000,0.0822410658,0.1050401703,0.0397821330,0.0440278128,0.1268667728,0.0000000000,0.3629982471,0.2620954812,0.1210014299,0.1269549876,0.0552802607,0.0596605204,0.0822821781,0.1302543283,0.2219224572,0.2219650000,0.0363599323,0.0000000000,0.0000000000,0.0357878059,0.2137468904,0.3038072288,0.2710067630,0.3529121876,0.0000000000,0.0139475875,0.0379133224,0.2866574824,0.0186059568,0.0895919651,0.0020799688,0.0165354982,0.0896191448,0.0074908962
03:23:36:03.037,61,0.1431112438,0.1865845025,0.0302804969,0.0000000000,0.0000000000,0.0438401215,0.0000000000,0.1431466043,0.1871858388,0.0000000000,0.0000000000,0.0000000000,0.0438460745,0.0000000000,0.0190670099,0.0051809945,0.0000000000,0.0088133691,0.0114160879,0.0192193314,0.0427908227,0.0000000000,0.0675681978,0.5612453818,0.6495426893,0.0000000000,0.0000000000,0.0824394822,0.1051002890,0.0396734551,0.0438995175,0.1264795363,0.0000000000,0.3632436097,0.2622684538,0.1212831512,0.1271798462,0.0549605675,0.0593323521,0.0825366527,0.1300669312,0.2222275734,0.2222776711,0.0364723317,0.0000000000,0.0000000000,0.0357697532,0.2135469019,0.3033734262,0.2708793283,0.3518667519,0.0000000000,0.0139153693,0.0373419523,0.2861879468,0.0182865001,0.0878489912,0.0020166771,0.0162236132,0.0878760815,0.0073164697
03:23:36:04.037,61,0.1397277564,0.1836210936,0.0293494221,0.0000000000,0.0000000000,0.0439300612,0.0000000000,0.1397611499,0.1842017919,0.0000000000,0.0000000000,0.0000000000,0.0439360961,0.0000000000,0.0187514424,0.0052436395,0.0000000000,0.0087348074,0.0113089178,0.0192492940,0.0427378416,0.0000000000,0.0663008392,0.5603892207,0.6477217078,0.0000000000,0.0000000000,0.0825819373,0.1050902382,0.0395499766,0.0437517241,0.1259476990,0.0000000000,0.3633446395,0.2622601390,0.1214065999,0.1272318214,0.0546563119,0.0590184182,0.0827735960,0.1298107803,0.2224535197,0.2225097418,0.0365506001,0.0000000000,0.0000000000,0.0356923155,0.2130742371,0.3010490239,0.2705678046,0.3491439819,0.0000000000,0.0136888213,0.0366085321,0.2857826054,0.0177792124,0.0864486843,0.0019085612,0.0157229751,0.0864757001,0.0071193506
03:23:36:05.037,61,0.1371424198,0.1821100265,0.0285418648,0.0000000000,0.0000000000,0.0438504815,0.0000000000,0.1371699423,0.1826746762,0.0000000000,0.0000000000,0.0000000000,0.0438565984,0.0000000000,0.0184538476,0.0052943900,0.0000000000,0.0086810766,0.0112008639,0.0192591567,0.0426485687,0.0000000000,0.0640054718,0.5596910715,0.6459113955,0.0000000000,0.0000000000,0.0828093663,0.1051398069,0.0394445136,0.0435709246,0.1254393160,0.0000000000,0.3634372354,0.2622316778,0.1214326099,0.1271784604,0.0543510169,0.0586898513,0.0829671323,0.1294288635,0.2224596143,0.2225187570,0.0366141722,0.0000000000,0.0000000000,0.0355758630,0.2122218907,0.2960585356,0.2700864673,0.3444852233,0.0000000000,0.0132497158,0.0360375345,0.2855069339,0.0173358954,0.0857323408,0.0018113510,0.0152821802,0.0857593864,0.0069764969
03:23:36:06.036,61,0.1356284320,0.1810646206,0.0277244356,0.0000000000,0.0000000000,0.0436967760,0.0000000000,0.1356526613,0.1816138923,0.0000000000,0.0000000000,0.0000000000,0.0437029786,0.0000000000,0.0181729589,0.0053590154,0.0000000000,0.0086372709,0.0111141875,0.0192720480,0.0425580516,0.0000000000,0.0626525804,0.5591002703,0.6448162198,0.0000000000,0.0000000000,0.0830009431,0.1051571444,0.0393482931,0.0434045978,0.1249521822,0.0000000000,0.3634849489,0.2621660829,0.1213864684,0.1270588934,0.0540853515,0.0584060550,0.0831862539,0.1291228235,0.2224342525,0.2224959582,0.0366718806,0.0000000000,0.0000000000,0.0354229920,0.2114868611,0.2937469780,0.2696713507,0.3425702751,0.0000000000,0.0122969709,0.0362973809,0.2854040265,0.0168878175,0.0852350891,0.0017119045,0.0148329958,0.0852620602,0.0068447660
03:23:36:07.036,61,0.1345916092,0.1806952804,0.0271159485,0.0000000000,0.0000000000,0.0434681103,0.0000000000,0.1346141100,0.1812337190,0.0000000000,0.0000000000,0.0000000000,0.0434743911,0.0000000000,0.0179063287,0.0053905183,0.0000000000,0.0086133340,0.0110697700,0.0192918032,0.0424532369,0.0000000000,0.0616334155,0.5587657690,0.6440670490,0.0000000000,0.0000000000,0.0831537768,0.1051289961,0.0392670333,0.0432623960,0.1244291887,0.0000000000,0.3632802069,0.2618671954,0.1211807951,0.1267676055,0.0539068915,0.0582084432,0.0834054872,0.1288412213,0.2223238051,0.2223866582,0.0367485136,0.0000000000,0.0000000000,0.0352032930,0.2107963264,0.2922734618,0.2693201303,0.3413024843,0.0000000000,0.0113980174,0.0366627276,0.2852919698,0.0165443532,0.0850572139,0.0016342426,0.0144961923,0.0850841403,0.0067572524
03:23:36:08.036,61,0.1337977499,0.1802571714,0.0263478532,0.0000000000,0.0000000000,0.0431619771,0.0000000000,0.1338189840,0.1807820350,0.0000000000,0.0000000000,0.0000000000,0.0431683101,0.0000000000,0.0176579058,0.0054221028,0.0000000000,0.0085932584,0.0110215247,0.0193016566,0.0423044115,0.0000000000,0.0604946166,0.5585048199,0.6433845162,0.0000000000,0.0000000000,0.0833212882,0.1051190048,0.0392012298,0.0431262441,0.1239596382,0.0000000000,0.3631177247,0.2616029680,0.1209682673,0.1264718622,0.0537323207,0.0580076277,0.0836306587,0.1285378635,0.2221456915,0.2222084552,0.0368149579,0.0000000000,0.0000000000,0.0349749178,0.2100425661,0.2900405824,0.2689769864,0.3402490020,0.0000000000,0.0107357502,0.0373109579,0.2851751149,0.0161151793,0.0848459899,0.0015372809,0.0140708536,0.0848728716,0.0066476571
03:23:36:09.036,61,0.1331934929,0.1798113137,0.0256954562,0.0000000000,0.0000000000,0.0428716913,0.0000000000,0.1332138479,0.1803245842,0.0000000000,0.0000000000,0.0000000000,0.0428780951,0.0000000000,0.0174427740,0.0054799314,0.0000000000,0.0085800467,0.0109742591,0.0193011649,0.0421511568,0.0000000000,0.0596316904,0.5582604408,0.6428154111,0.0000000000,0.0000000000,0.0835061744,0.1051303446,0.0391436964,0.0429854244,0.1235834807,0.0000000000,0.3629567027,0.2613648474,0.1207702234,0.1262012273,0.0535794869,0.0578284226,0.0838301405,0.1282575279,0.2219495028,0.2220124006,0.0368866697,0.0000000000,0.0000000000,0.0347649306,0.2093814015,0.2889033556,0.2687189877,0.3394867480,0.0000000000,0.0099394172,0.0378270298,0.2849140763,0.0157494880,0.0846319050,0.0014551345,0.0137099624,0.0846588314,0.0065528913
03:23:36:10.035,61,0.1326979995,0.1792097539,0.0250552557,0.0000000000,0.0000000000,0.0425694846,0.0000000000,0.1327175349,0.1797113717,0.0000000000,0.0000000000,0.0000000000,0.0425759517,0.0000000000,0.0172405038,0.0055221478,0.0000000000,0.0085765570,0.0109301591,0.0193080734,0.0420693792,0.0000000000,0.0587725751,0.5577878356,0.6414542198,0.0000000000,0.0000000000,0.0836862996,0.1051270440,0.0391061157,0.0428585820,0.1232167110,0.0000000000,0.3628666103,0.2611634433,0.1206055433,0.1259648949,0.0534241311,0.0576465018,0.0839976966,0.1279191673,0.2217206061,0.2217831165,0.0369557068,0.0000000000,0.0000000000,0.0345823802,0.2085780054,0.2871233225,0.2684141397,0.3386440873,0.0000000000,0.0092638806,0.0381918252,0.2847191393,0.0153935570,0.0843447298,0.0013761134,0.0133566968,0.0843715966,0.0064560161
03:23:36:11.035,61,0.1323067546,0.1804388613,0.0239217747,0.0000000000,0.0000000000,0.0422435664,0.0000000000,0.1323253810,0.1809231788,0.0000000000,0.0000000000,0.0000000000,0.0422501005,0.0000000000,0.0170616116,0.0055683400,0.0000000000,0.0085897502,0.0108928159,0.0193367880,0.0421055667,0.0000000000,0.0579520799,0.5572521091,0.6401228905,0.0000000000,0.0000000000,0.0838907957,0.1051413938,0.0390830785,0.0427196063,0.1229599118,0.0000000000,0.3629976809,0.2611500025,0.1205103025,0.1258163601,0.0532777943,0.0574686490,0.0842039138,0.1276450157,0.2215133011,0.2215746939,0.0370259359,0.0000000000,0.0000000000,0.0344307572,0.2079306245,0.2860925496,0.2683044672,0.3380171955,0.0000000000,0.0084752180,0.0384223461,0.2843590081,0.0147513235,0.0849151164,0.0012226452,0.0127183795,0.0849420577,0.0063406336
03:23:36:12.036,61,0.1320506185,0.1817555279,0.0227414444,0.0000000000,0.0000000000,0.0419475734,0.0000000000,0.1320686489,0.1822217554,0.0000000000,0.0000000000,0.0000000000,0.0419541672,0.0000000000,0.0168862753,0.0056682979,0.0000000000,0.0085769128,0.0108414777,0.0193591025,0.0421445146,0.0000000000,0.0574084409,0.5559705496,0.6390693188,0.0000000000,0.0000000000,0.0840493813,0.1051686555,0.0390800647,0.0426365696,0.1226980761,0.0000000000,0.3630766571,0.2611098289,0.1204627156,0.1257298589,0.0531297699,0.0573070794,0.0843504742,0.1274246275,0.2212994844,0.2213622630,0.0371132419,0.0000000000,0.0000000000,0.0343058780,0.2070834637,0.2852580249,0.2681229711,0.3374825418,0.0000000000,0.0072670989,0.0383027792,0.2837487459,0.0140852127,0.0855264813,0.0010624342,0.0120536312,0.0855534226,0.0062205889
03:23:36:13.036,61,0.1318264008,0.1830076277,0.0214370713,0.0000000000,0.0000000000,0.0416023359,0.0000000000,0.1318438351,0.1834535301,0.0000000000,0.0000000000,0.0000000000,0.0416089967,0.0000000000,0.0167376138,0.0057636355,0.0000000000,0.0085830614,0.0107968496,0.0194014702,0.0422716327,0.0000000000,0.0568640940,0.5544059873,0.6374568343,0.0000000000,0.0000000000,0.0842236057,0.1052085757,0.0390834548,0.0425489396,0.1225446537,0.0000000000,0.3633570671,0.2612358034,0.1204817370,0.1257306486,0.0529893897,0.0571518131,0.0845332816,0.1272704750,0.2210254073,0.2210894376,0.0372004360,0.0000000000,0.0000000000,0.0342107862,0.2063703984,0.2845449150,0.2681206465,0.3371095657,0.0000000000,0.0062200427,0.0381155312,0.2833617330,0.0133541459,0.0861067325,0.0008866992,0.0113203190,0.0861337185,0.0060822028
03:23:36:14.035,61,0.1317163706,0.1842883229,0.0204061680,0.0000000000,0.0000000000,0.0412781015,0.0000000000,0.1317333430,0.1847184598,0.0000000000,0.0000000000,0.0000000000,0.0412848070,0.0000000000,0.0165985953,0.0058618654,0.0000000000,0.0085821468,0.0107411779,0.0194466300,0.0423933603,0.0000000000,0.0562156960,0.5528236628,0.6349924803,0.0000000000,0.0000000000,0.0843904391,0.1052211672,0.0390898697,0.0424388461,0.1224213019,0.0000000000,0.3637105525,0.2614082396,0.1205623373,0.1257955581,0.0528407246,0.0569765829,0.0847125426,0.1270562559,0.2207829207,0.2208472043,0.0372690335,0.0000000000,0.0000000000,0.0341349803,0.2056750059,0.2835210264,0.2681611180,0.3366779089,0.0000000000,0.0049048886,0.0380154252,0.2828111947,0.0127767771,0.0867022574,0.0007455505,0.0107393079,0.0867292434,0.0059790132
03:23:36:15.035,61,0.1316149384,0.1856220812,0.0196194313,0.0000000000,0.0000000000,0.0409437530,0.0000000000,0.1316314340,0.1860405356,0.0000000000,0.0000000000,0.0000000000,0.0409505032,0.0000000000,0.0164333582,0.0059557320,0.0000000000,0.0085703554,0.0106717348,0.0194808096,0.0426070020,0.0000000000,0.0554883778,0.5513951182,0.6322829127,0.0000000000,0.0000000000,0.0845558345,0.1052078605,0.0390699692,0.0422931761,0.1222123504,0.0000000000,0.3640004694,0.2615127563,0.1206534728,0.1258614808,0.0526751019,0.0567817502,0.0848430544,0.1267396659,0.2206098735,0.2206732482,0.0373197347,0.0000000000,0.0000000000,0.0340799354,0.2047348320,0.2809744775,0.2680867016,0.3360138237,0.0000000000,0.0035474785,0.0382214636,0.2820795476,0.0123362206,0.0873242617,0.0006351708,0.0102940910,0.0873513371,0.0059080361
03:23:36:16.036,61,0.1315652132,0.1867484748,0.0186439119,0.0000000000,0.0000000000,0.0406299867,0.0000000000,0.1315813363,0.1871517599,0.0000000000,0.0000000000,0.0000000000,0.0406367742,0.0000000000,0.0162734929,0.0060338741,0.0000000000,0.0085696587,0.0106052347,0.0195084251,0.0428338796,0.0000000000,0.0542959012,0.5503867865,0.6299827099,0.0000000000,0.0000000000,0.0847289786,0.1051776111,0.0390312783,0.0421160422,0.1219789684,0.0000000000,0.3642037511,0.2615298331,0.1207240820,0.1258994043,0.0525074974,0.0565727428,0.0849151388,0.1262983680,0.2204579413,0.2205197960,0.0373572968,0.0000000000,0.0000000000,0.0340249315,0.2038355321,0.2782353759,0.2679623663,0.3347783983,0.0000000000,0.0024508610,0.0386301875,0.2812132835,0.0117903156,0.0878476501,0.0005009668,0.0097449943,0.0878747702,0.0058072140
03:23:36:17.035,61,0.1316114217,0.1875551641,0.0177096613,0.0000000000,0.0000000000,0.0403768383,0.0000000000,0.1316272467,0.1879435629,0.0000000000,0.0000000000,0.0000000000,0.0403836668,0.0000000000,0.0161464438,0.0060891686,0.0000000000,0.0085777128,0.0105452491,0.0195619836,0.0431117155,0.0000000000,0.0530953668,0.5483055711,0.6267727017,0.0000000000,0.0000000000,0.0848951936,0.1051231325,0.0390503965,0.0419805422,0.1218471155,0.0000000000,0.3646538258,0.2617670894,0.1209082827,0.1260667145,0.0523352399,0.0563571975,0.0850465521,0.1259270757,0.2202644646,0.2203251570,0.0374086574,0.0000000000,0.0000000000,0.0340135582,0.2031903565,0.2768942118,0.2680278122,0.3340416849,0.0000000028,0.0012897626,0.0390498489,0.2799373269,0.0112778731,0.0882210284,0.0003761123,0.0092206709,0.0882481784,0.0057039740
03:23:36:18.035,61,0.1316590607,0.1885168105,0.0168267507,0.0000000000,0.0000000000,0.0401670150,0.0000000000,0.1316744983,0.1888912767,0.0000000000,0.0000000000,0.0000000000,0.0401738696,0.0000000000,0.0160464309,0.0061334884,0.0000000000,0.0085947998,0.0104792658,0.0195971690,0.0433906540,0.0000000000,0.0520025454,0.5464650989,0.6239219308,0.0000000000,0.0000000000,0.0851024464,0.1051127315,0.0390673205,0.0418377593,0.1217263490,0.0000000000,0.3650127649,0.2619429231,0.1211044341,0.1262436360,0.0521587022,0.0561376140,0.0851010829,0.1254533827,0.2200531065,0.2201117575,0.0374443717,0.0000000000,0.0000000000,0.0340337157,0.2025027722,0.2753243446,0.2678736746,0.3324145675,0.0000000052,0.0003282130,0.0395538956,0.2783548236,0.0107861878,0.0886676461,0.0002546369,0.0087242052,0.0886947811,0.0056105056
03:23:36:19.034,61,0.1319665164,0.1903363913,0.0160451662,0.0000000000,0.0000000000,0.0398708209,0.0000000000,0.1319815516,0.1906995773,0.0000000000,0.0000000000,0.0000000000,0.0398777165,0.0000000000,0.0159300826,0.0061868005,0.0000000000,0.0086004436,0.0103980983,0.0196329262,0.0437724926,0.0000000000,0.0504182130,0.5441280603,0.6205884218,0.0000000000,0.0000000000,0.0853091329,0.1050725728,0.0390585177,0.0416309983,0.1216379330,0.0000000000,0.3655276000,0.2622560859,0.1213675216,0.1265035421,0.0519614145,0.0558800213,0.0851927102,0.1249959916,0.2196378112,0.2196935713,0.0375625528,0.0000000000,0.0000000000,0.0340933986,0.2018470764,0.2735731602,0.2678025663,0.3314125538,0.0000000107,-0.0003516041,0.0397231430,0.2767169476,0.0103526711,0.0895182192,0.0001402213,0.0082797594,0.0895454437,0.0055488483
03:23:36:20.034,61,0.1331142932,0.1938796192,0.0158468448,0.0000000000,0.0000000000,0.0395272672,0.0000000000,0.1331276596,0.1942434460,0.0000000000,0.0000000000,0.0000000000,0.0395341963,0.0000000000,0.0157908015,0.0062335557,0.0000000000,0.0085836696,0.0102826292,0.0196449738,0.0442336388,0.0000000000,0.0483738147,0.5420722961,0.6167123914,0.0000000000,0.0000000000,0.0855504423,0.1050293893,0.0390170962,0.0413626693,0.1215759888,0.0000000000,0.3661519289,0.2626795769,0.1217839420,0.1269196868,0.0517240204,0.0555673614,0.0852685571,0.1244749278,0.2191837132,0.2192347795,0.0377047658,0.0000000000,0.0000000000,0.0342284031,0.2011540979,0.2707391679,0.2677235901,0.3299649358,0.0000000176,-0.0010228194,0.0399826616,0.2749815583,0.0102378940,0.0911826938,0.0000877872,0.0081509501,0.0912100226,0.0056011775
03:23:36:21.035,61,0.1338964999,0.1973294318,0.0158194304,0.0000000000,0.0000000000,0.0390702635,0.0000000000,0.1339089125,0.1976967305,0.0000000000,0.0000000000,0.0000000000,0.0390772000,0.0000000000,0.0156548116,0.0062091174,0.0000000000,0.0085952589,0.0101874135,0.0196663458,0.0448194630,0.0000000000,0.0455564186,0.5400226712,0.6119992137,0.0000000000,0.0000000000,0.0858145207,0.1049570963,0.0390025750,0.0411025062,0.1215263084,0.0000000000,0.3667752147,0.2630557418,0.1221298501,0.1272449493,0.0515205003,0.0552773625,0.0853864774,0.1239322722,0.2186421752,0.2186865956,0.0378666036,0.0000000000,0.0000000000,0.0343428329,0.2001543641,0.2654780746,0.2676542103,0.3278798163,0.0000000268,-0.0014368705,0.0408269912,0.2730509341,0.0102090994,0.0928043723,0.0000561001,0.0081176199,0.0928317606,0.0056737424
03:23:36:22.035,61,0.1345837861,0.2002709061,0.0160068050,0.0000000000,0.0000000000,0.0385536477,0.0000000000,0.1345953047,0.2006447613,0.0000000000,0.0000000000,0.0000000000,0.0385605842,0.0000000000,0.0155494148,0.0061508561,0.0000000000,0.0086150747,0.0100687258,0.0196635518,0.0453526601,0.0000000000,0.0430975407,0.5337963700,0.6025838852,0.0000000000,0.0000000000,0.0861861259,0.1049885228,0.0390275456,0.0408804603,0.1215023547,0.0000000000,0.3672682345,0.2632770538,0.1225260049,0.1276065409,0.0513047874,0.0549628809,0.0853562579,0.1227591932,0.2180008590,0.2180371881,0.0380017757,0.0000000000,0.0000000000,0.0344673395,0.1951905191,0.2532050610,0.2672422826,0.3219240606,0.0000000463,-0.0019144975,0.0419776738,0.2711175382,0.0102928374,0.0941884220,0.0000549590,0.0082062446,0.0942158252,0.0057636942
03:23:36:23.034,61,0.1350793839,0.2013379484,0.0160258338,0.0000000000,0.0000000000,0.0380875878,0.0000000000,0.1350901425,0.2017132640,0.0000000000,0.0000000000,0.0000000000,0.0380945094,0.0000000000,0.0154994419,0.0060771955,0.0000000000,0.0086509567,0.0099440739,0.0196162816,0.0456640311,0.0000000000,0.0407967046,0.5295253992,0.5967223644,0.0000000000,0.0000000000,0.0866471380,0.1051114574,0.0391039737,0.0407135189,0.1215531528,0.0000000000,0.3675711453,0.2633411288,0.1228453740,0.1278800964,0.0511038043,0.0546527281,0.0852232203,0.1208998412,0.2173746228,0.2174028009,0.0380789451,0.0000000000,0.0000000000,0.0345428586,0.1905186176,0.2456112802,0.2664566934,0.3160616457,0.0000000540,-0.0024589747,0.0432782918,0.2692070007,0.0102982642,0.0946901441,0.0000486064,0.0082111619,0.0947176069,0.0057898429
03:23:36:24.033,61,0.1353960633,0.2020703703,0.0160730891,0.0000000000,0.0000000000,0.0375957228,0.0000000000,0.1354060620,0.2024473697,0.0000000000,0.0000000000,0.0000000000,0.0376026258,0.0000000000,0.0154497251,0.0059901443,0.0000000000,0.0087139886,0.0098569496,0.0195873193,0.0459937751,0.0000000000,0.0382892936,0.5256960988,0.5909698009,0.0000000000,0.0000000000,0.0870614573,0.1051577777,0.0392202251,0.0405778401,0.1214553043,0.0000000000,0.3676380813,0.2631347179,0.1229866594,0.1279633343,0.0509327427,0.0543691479,0.0850317553,0.1187902391,0.2165286243,0.2165312618,0.0381782353,0.0000000000,0.0000000000,0.0345388986,0.1864784956,0.2384597510,0.2650443614,0.3106219471,0.0000000657,-0.0028960779,0.0443032384,0.2671907544,0.0103187505,0.0950347483,0.0000482821,0.0082335174,0.0950622708,0.0058123781
03:23:36:25.034,61,0.1355096698,0.2025931031,0.0161901340,0.0000000000,0.0000000000,0.0370334163,0.0000000000,0.1355189830,0.2029726803,0.0000000000,0.0000000000,0.0000000000,0.0370402597,0.0000000000,0.0154269468,0.0058336346,0.0000000000,0.0087887477,0.0097553795,0.0195584800,0.0462971590,0.0000000000,0.0354471207,0.5178996325,0.5793249011,0.0000000000,0.0000000000,0.0875488445,0.1052298099,0.0393799543,0.0404678620,0.1213782579,0.0000000000,0.3679407835,0.2630982995,0.1231515929,0.1280713826,0.0506851226,0.0539987981,0.0847958848,0.1165274307,0.2141114622,0.2140745968,0.0382896885,0.0000000000,0.0000000000,0.0345175080,0.1821209788,0.2294100970,0.2634736300,0.3057199717,0.0000000719,-0.0031885505,0.0448598564,0.2648697495,0.0103768781,0.0952812582,0.0000585432,0.0082957782,0.0953087509,0.0058396501
03:23:36:26.034,61,0.1355524659,0.2031613737,0.0166169479,0.0000000000,0.0000000000,0.0364806503,0.0000000000,0.1355610937,0.2035491318,0.0000000000,0.0000000000,0.0000000000,0.0364874415,0.0000000000,0.0154467272,0.0056668851,0.0000000000,0.0088751735,0.0096575376,0.0195236634,0.0465643704,0.0000000000,0.0337032825,0.5108889937,0.5719873309,0.0000000000,0.0000000000,0.0880648196,0.1053214222,0.0396105945,0.0404229686,0.1214454323,0.0000000000,0.3683356941,0.2631873786,0.1233688816,0.1282358021,0.0504439883,0.0536328368,0.0845701918,0.1151629165,0.2119262516,0.2118619680,0.0384948216,0.0000000000,0.0000000000,0.0344870538,0.1798067987,0.2253906131,0.2624742985,0.3033804893,0.0000000688,-0.0030666254,0.0450284034,0.2627513707,0.0106065972,0.0955511332,0.0001099114,0.0085298978,0.0955786109,0.0059095626
03:23:36:27.034,61,0.1357294917,0.2038486004,0.0173942558,0.0000000000,0.0000000000,0.0360022038,0.0000000000,0.1357374489,0.2042507380,0.0000000000,0.0000000000,0.0000000000,0.0360088982,0.0000000000,0.0154858977,0.0053874920,0.0000000000,0.0090002660,0.0096447840,0.0195608493,0.0467651598,0.0000000000,0.0319677629,0.5049650669,0.5642264485,0.0000000000,0.0000000000,0.0883541331,0.1051325202,0.0399755388,0.0405305512,0.1214779839,0.0000000000,0.3687159717,0.2632009685,0.1233803928,0.1281734109,0.0502835326,0.0533429943,0.0845101252,0.1142733246,0.2098345160,0.2097508609,0.0388014205,0.0000000000,0.0000000000,0.0343100652,0.1786023229,0.2232456207,0.2620276511,0.3021880388,0.0000000719,-0.0029505752,0.0451303571,0.2607143521,0.0110362787,0.0958791673,0.0002089052,0.0089580826,0.0959067494,0.0060294070
03:23:36:28.034,61,0.1360116154,0.2050693333,0.0185323060,0.0000000000,0.0000000000,0.0354737379,0.0000000000,0.1360189021,0.2054930180,0.0000000000,0.0000000000,0.0000000000,0.0354803018,0.0000000000,0.0155364117,0.0050569577,0.0000000000,0.0091261389,0.0096786711,0.0196244735,0.0468008146,0.0000000000,0.0297870748,0.5006685853,0.5566365123,0.0000000000,0.0000000000,0.0884644166,0.1047260612,0.0403682515,0.0406750999,0.1214202121,0.0000000000,0.3687798381,0.2628952265,0.1232009977,0.1278968304,0.0501893498,0.0531081334,0.0845172331,0.1135298982,0.2074221671,0.2073234022,0.0391183235,0.0000000000,0.0000000000,0.0339908823,0.1776394099,0.2205717564,0.2616683841,0.3012697995,0.0000000665,-0.0025503598,0.0458049476,0.2586834431,0.0116559369,0.0964604616,0.0003506958,0.0095836706,0.0964880437,0.0062102615
03:23:36:29.034,61,0.1363327205,0.2058565766,0.0191941708,0.0000000000,0.0000000000,0.0349293016,0.0000000000,0.1363393962,0.2062928528,0.0000000000,0.0000000000,0.0000000000,0.0349356942,0.0000000000,0.0156160127,0.0047489912,0.0000000000,0.0092168869,0.0096818255,0.0196822956,0.0467074700,0.0000000000,0.0284396429,0.4888481200,0.5440528393,0.0000000000,0.0000000000,0.0884944126,0.1042503491,0.0408181474,0.0408923253,0.1214623228,0.0000000000,0.3691032231,0.2628536820,0.1231316924,0.1277444959,0.0500434563,0.0528185107,0.0845910162,0.1129619628,0.2052004784,0.2050926834,0.0394803733,0.0000000000,0.0000000000,0.0336208120,0.1763270944,0.2166319638,0.2613866925,0.3005777895,0.0000000628,-0.0023892969,0.0466694236,0.2568751574,0.0120198876,0.0968349129,0.0004338862,0.0099469721,0.0968625247,0.0063175508
03:23:36:30.034,61,0.1365090609,0.2057508677,0.0199007913,0.0000000000,0.0000000000,0.0342868641,0.0000000000,0.1365151852,0.2061995715,0.0000000000,0.0000000000,0.0000000000,0.0342931189,0.0000000000,0.0157383457,0.0044956310,0.0000000000,0.0092952130,0.0096470034,0.0196697284,0.0462572090,0.0000000000,0.0271399990,0.4827557206,0.5371362567,0.0000000000,0.0000000000,0.0886342227,0.1038934737,0.0413018875,0.0411293358,0.1216419935,0.0000000000,0.3691028357,0.2625888586,0.1231076419,0.1276502162,0.0499086305,0.0525290146,0.0845107362,0.1122375652,0.2024414390,0.2023275793,0.0398157164,0.0000000000,0.0000000000,0.0332275480,0.1706091166,0.2059002966,0.2608222961,0.2988037467,0.0000000618,-0.0023839399,0.0477931499,0.2548906803,0.0124095306,0.0967899263,0.0005290827,0.0103400797,0.0968174636,0.0064105219
03:23:36:31.033,61,0.1367622912,0.2053638101,0.0212895088,0.0000000000,0.0000000000,0.0336564481,0.0000000000,0.1367679089,0.2058365196,0.0000000000,0.0000000000,0.0000000000,0.0336624831,0.0000000000,0.0158839785,0.0042127720,0.0000000000,0.0093540400,0.0096037425,0.0196695793,0.0455145240,0.0000000000,0.0258605592,0.4777335227,0.5306194425,0.0000000000,0.0000000000,0.0886986777,0.1034716815,0.0418281294,0.0414337218,0.1217606962,0.0000000000,0.3689910173,0.2622079849,0.1230809093,0.1275537014,0.0497594588,0.0522240624,0.0843639448,0.1111783981,0.1994461119,0.1993286014,0.0401034281,0.0000000000,0.0000000000,0.0328072049,0.1655040085,0.1971643865,0.2592859566,0.2949991226,0.0000000562,-0.0020858161,0.0492472649,0.2526063025,0.0131829102,0.0966172069,0.0007189447,0.0111136846,0.0966447741,0.0065889196
03:23:36:32.033,61,0.1371214390,0.2050048709,0.0228614192,0.0000000000,0.0000000000,0.0330404192,0.0000000000,0.1371265948,0.2055048048,0.0000000000,0.0000000000,0.0000000000,0.0330461264,0.0000000000,0.0159953926,0.0038556107,0.0000000000,0.0093830191,0.0095408363,0.0196601953,0.0445423163,0.0000000000,0.0230315588,0.4729985297,0.5201584101,0.0000000000,0.0000000000,0.0886948332,0.1029409319,0.0422807559,0.0416588746,0.1216369644,0.0000000000,0.3684034646,0.2606320083,0.1230225414,0.1273923516,0.0495818146,0.0518807359,0.0840408951,0.1077303290,0.1964120120,0.1962902844,0.0403642543,0.0000000000,0.0000000000,0.0323638283,0.1596638858,0.1848589778,0.2536466718,0.2833866775,0.0000000473,-0.0014798567,0.0506199002,0.2503540218,0.0140533829,0.0964590907,0.0009318960,0.0119889788,0.0964866877,0.0067924219
03:23:36:33.032,61,0.1376380622,0.2051487267,0.0259752143,0.0000000000,0.0000000000,0.0323880278,0.0000000000,0.1376425922,0.2057038844,0.0000000000,0.0000000000,0.0000000000,0.0323933586,0.0000000000,0.0160680544,0.0034741450,0.0000000000,0.0093776509,0.0094580799,0.0196565613,0.0433526300,0.0000000000,0.0200620256,0.4691630006,0.5125288963,0.0000000000,0.0000000000,0.0886032507,0.1022990867,0.0427266993,0.0418808870,0.1213536933,0.0000000000,0.3677358627,0.2591614127,0.1230261698,0.1272794008,0.0493728928,0.0515062138,0.0836693496,0.1048530564,0.1930539608,0.1929241419,0.0406581759,0.0000000000,0.0000000000,0.0319259204,0.1548497975,0.1760039926,0.2491556555,0.2767846584,0.0000000380,-0.0002872571,0.0516712368,0.2473165244,0.0157783050,0.0965484679,0.0013492103,0.0137179047,0.0965760350,0.0072158515
03:23:36:34.033,61,0.1390932053,0.2071380913,0.0309796240,0.0000000000,0.0000000000,0.0317192115,0.0000000000,0.1390929520,0.2077848762,0.0000000000,0.0000000000,0.0000000000,0.0317241214,0.0000000000,0.0161448717,0.0031072542,0.0000000000,0.0093651814,0.0093967551,0.0197049137,0.0425951630,0.0000000000,0.0184858236,0.4606056213,0.5026195049,0.0000000000,0.0000000000,0.0883568972,0.1012894288,0.0431372933,0.0420872793,0.1210468262,0.0000000000,0.3671371639,0.2581429780,0.1231462434,0.1272729486,0.0492132269,0.0511777587,0.0833512545,0.1033870652,0.1911896169,0.1910500526,0.0409260876,0.0000000000,0.0000000000,0.0315176174,0.1511728615,0.1704309285,0.2471149862,0.2738727927,0.0000000282,0.0017437078,0.0534080416,0.2438917905,0.0185339451,0.0975205004,0.0020111431,0.0164853558,0.0975480974,0.0079427734
03:23:36:35.033,61,0.1416645795,0.2104794830,0.0355441459,0.0000000000,0.0000000000,0.0310853887,0.0000000000,0.1416562349,0.2112132311,0.0000000000,0.0000000000,0.0000000000,0.0310897734,0.0000000000,0.0161970779,0.0026884968,0.0000000000,0.0093183722,0.0093149822,0.0197611097,0.0420396179,0.0000000000,0.0173522010,0.4521349370,0.4924434423,0.0000000000,0.0000000000,0.0880208686,0.1000911668,0.0435096174,0.0422934629,0.1205973551,0.0000000000,0.3666909635,0.2573843002,0.1233906895,0.1273638159,0.0490012579,0.0508045964,0.0830482692,0.1023024470,0.1894329488,0.1892781109,0.0411812812,0.0000000000,0.0000000000,0.0311581921,0.1482938975,0.1662023067,0.2450392246,0.2719738185,0.0000000454,0.0045327134,0.0552245080,0.2406189889,0.0210623089,0.0991271734,0.0026207089,0.0189982317,0.0991548598,0.0086520500
03:23:36:36.033,61,0.1436926574,0.2133871466,0.0392476209,0.0000000000,0.0000000000,0.0304118209,0.0000000000,0.1436822265,0.2141925544,0.0000000000,0.0000000000,0.0000000000,0.0304156970,0.0000000000,0.0162699576,0.0022624547,0.0000000000,0.0092676226,0.0091899522,0.0197847281,0.0414853208,0.0000000000,0.0164800175,0.4453541636,0.4858748317,0.0000000000,0.0000000000,0.0878071561,0.0993315503,0.0438665487,0.0424879789,0.1203201860,0.0000000000,0.3664067090,0.2568573952,0.1239376292,0.1277808398,0.0487577580,0.0503991470,0.0826694146,0.1013600826,0.1882003099,0.1880348027,0.0413745716,0.0000000000,0.0000000000,0.0309180114,0.1438994259,0.1606503874,0.2418054193,0.2698924839,0.0000000822,0.0075857081,0.0572496653,0.2370632440,0.0231288932,0.1005247235,0.0031251987,0.0210341625,0.1005524695,0.0092390366
03:23:36:37.032,61,0.1470351368,0.2168180048,0.0431690849,0.0000000000,0.0000000000,0.0296748113,0.0000000000,0.1470275074,0.2177007049,0.0000000000,0.0009960205,0.0000000000,0.0296782497,0.0000000000,0.0163453296,0.0018671544,0.0000000000,0.0092193056,0.0091128219,0.0198274180,0.0406995639,0.0000000000,0.0158400498,0.4420095682,0.4827803075,0.0000000000,0.0000000000,0.0874379352,0.0985424519,0.0441987179,0.0427152291,0.1201005131,0.0000000000,0.3654461205,0.2551985383,0.1244405806,0.1281560808,0.0486284979,0.0501048565,0.0823662654,0.1006508023,0.1872758418,0.1871055812,0.0415585004,0.0000000000,0.0000000000,0.0306140352,0.1404125839,0.1567821801,0.2403492332,0.2689104080,0.0000001205,0.0105864070,0.0599716455,0.2337275892,0.0253144838,0.1021715552,0.0036655136,0.0231857337,0.1021994799,0.0098770913
03:23:36:38.032,61,0.1603235155,0.2211378664,0.0465323366,0.0000000000,0.0000000000,0.0291615874,0.0000000000,0.1603236794,0.2220905125,0.0000000000,0.0041850228,0.0000000000,0.0291645043,0.0000000000,0.0164211746,0.0013739022,0.0000000000,0.0092242602,0.0091455113,0.0199894998,0.0400495380,0.0000000000,0.0152904829,0.4381676614,0.4784413278,0.0000000000,0.0000000000,0.0868813917,0.0967963338,0.0445757173,0.0430310704,0.1197868362,0.0000000000,0.3624885678,0.2509577870,0.1248605251,0.1284296960,0.0486534573,0.0499656796,0.0820924416,0.1000383720,0.1867385507,0.1865649521,0.0418286994,0.0000000000,0.0000000000,0.0302842949,0.1388803124,0.1550407708,0.2394450605,0.2684383094,0.0000001363,0.0133465603,0.0629436225,0.2298480421,0.0272037629,0.1042333990,0.0041404162,0.0250191502,0.1042614430,0.0104713831
03:23:36:39.032,61,0.1642464846,0.2243511826,0.0502212010,0.0000000000,0.0000000000,0.0285563096,0.0000000000,0.1642485112,0.2253781110,0.0000000000,0.0076503446,0.0000000000,0.0285588428,0.0000000000,0.0164773297,0.0008126262,0.0000000000,0.0092420103,0.0092273606,0.0201765876,0.0394412465,0.0000000000,0.0147958798,0.4353486300,0.4746168256,0.0000000000,0.0000000000,0.0862366110,0.0949969664,0.0449974872,0.0434334725,0.1193857491,0.0000000000,0.3600135446,0.2476291060,0.1249955297,0.1283995807,0.0487160832,0.0498724766,0.0819184557,0.0995971635,0.1858158708,0.1856345683,0.0420820005,0.0000000000,0.0000000000,0.0298966728,0.1376648545,0.1535669416,0.2387423068,0.2681398690,0.0000001126,0.0163996201,0.0652890503,0.2251899540,0.0292553138,0.1057788283,0.0046621473,0.0270395018,0.1058069766,0.0110847466
03:23:36:40.031,61,0.1662249565,0.2273442745,0.0555262640,0.0000000000,0.0000000000,0.0278666764,0.0000000000,0.1662272364,0.2284755409,0.0000000000,0.0126100453,0.0000000000,0.0278688297,0.0000000000,0.0164804440,0.0002274531,0.0000000000,0.0092379507,0.0092856269,0.0203305595,0.0389109738,0.0000000000,0.0143151022,0.4324732125,0.4699616730,0.0000000000,0.0000000000,0.0855805725,0.0936308280,0.0453958474,0.0438432172,0.1189220473,0.0000000000,0.3586116731,0.2456939667,0.1250369102,0.1282537133,0.0487514623,0.0497458167,0.0817202926,0.0991266668,0.1848839819,0.1846862882,0.0423292629,0.0000000000,0.0000000000,0.0294957981,0.1351694018,0.1493447721,0.2378220856,0.2676521242,0.0000000737,0.0196392126,0.0673516095,0.2205786854,0.0321901962,0.1072376370,0.0054142689,0.0299553312,0.1072658747,0.0119251944
03:23:36:41.031,61,0.1672213972,0.2295804173,0.0613441616,0.0000000000,0.0000000000,0.0271296818,0.0000000000,0.1672232002,0.2308247089,0.0000000000,0.0180599168,0.0000000000,0.0271314401,0.0000000000,0.0164638534,0.0000000000,0.0000000000,0.0092304125,0.0093402844,0.0205517150,0.0388562605,0.0000000000,0.0138729811,0.4213104844,0.4570316970,0.0000000000,0.0000000000,0.0849224553,0.0925348625,0.0458429158,0.0443213619,0.1184650064,0.0000000000,0.3579690754,0.2446960360,0.1253424287,0.1283772141,0.0487670712,0.0496067442,0.0816545784,0.0988357216,0.1833589673,0.1831358075,0.0426972359,0.0000000000,0.0000000000,0.0292536411,0.1331816018,0.1461177617,0.2372376174,0.2674350441,0.0000000369,0.0230750758,0.0690873116,0.2163328826,0.0354139656,0.1083481014,0.0062453151,0.0331594460,0.1083763540,0.0128212981
03:23:36:42.031,61,0.1679046601,0.2320371866,0.0647875220,0.0000000000,0.0000000000,0.0263366513,0.0000000000,0.1679052114,0.2333517969,0.0000000000,0.0212871376,0.0000000000,0.0263374820,0.0000000000,0.0164687149,0.0000000000,0.0000000000,0.0092697572,0.0094740000,0.0209055301,0.0391701572,0.0000000000,0.0135104889,0.4111498296,0.4463470876,0.0000000000,0.0000000000,0.0838967413,0.0908456221,0.0463108756,0.0448596366,0.1180436835,0.0000000000,0.3575184345,0.2438770533,0.1257623583,0.1285989434,0.0488953851,0.0495765284,0.0817575380,0.0987586230,0.1821718067,0.1819224358,0.0430465676,0.0000000000,0.0000000000,0.0290954523,0.1318894029,0.1440622509,0.2371440977,0.2677502632,0.0000000209,0.0266026668,0.0709410459,0.2121416926,0.0373203829,0.1095403582,0.0067475294,0.0350448973,0.1095687151,0.0133944396
03:23:36:43.031,61,0.1685688943,0.2345135361,0.0681052878,0.0000000000,0.0000000000,0.0255009495,0.0000000000,0.1685684621,0.2358964980,0.0000000000,0.0244019032,0.0000000000,0.0255010389,0.0000000000,0.0164472237,0.0000000000,0.0000000000,0.0093252100,0.0096498597,0.0213648081,0.0403964296,0.0000000000,0.0135302842,0.3977737129,0.4388561845,0.0000000000,0.0000000000,0.0823359340,0.0894289091,0.0467396304,0.0454399996,0.1175108850,0.0000000000,0.3569089472,0.2418813258,0.1261718869,0.1288285553,0.0490842164,0.0496249087,0.0817729607,0.0987499580,0.1811233014,0.1808585674,0.0434111170,0.0000000000,0.0000000000,0.0290508997,0.1283628494,0.1415287405,0.2369253039,0.2682018876,0.0000000191,0.0291834623,0.0739489347,0.2078081071,0.0391590595,0.1107416898,0.0072372761,0.0368593894,0.1107700765,0.0139548518
03:23:36:44.031,61,0.1691489667,0.2366493940,0.0706985593,0.0000000000,0.0000000000,0.0245557800,0.0000000000,0.1691479236,0.2380865663,0.0000000000,0.0268878490,0.0000000000,0.0245556347,0.0000000000,0.0164396036,0.0000000000,0.0000000000,0.0093568750,0.0097806966,0.0217762850,0.0411845595,0.0000000000,0.0137759531,0.3927411139,0.4356487691,0.0000000000,0.0000000000,0.0814110637,0.0885465145,0.0471076965,0.0459739827,0.1171706617,0.0000000000,0.3565446734,0.2409587950,0.1271704882,0.1293950677,0.0492563583,0.0496626981,0.0818331465,0.0989046693,0.1802606881,0.1799895614,0.0437441543,0.0000000000,0.0000000000,0.0291036386,0.1258514524,0.1401584297,0.2369450778,0.2708119452,0.0000000161,0.0314990133,0.0770405084,0.2036838681,0.0406254046,0.1117758304,0.0076325131,0.0382749327,0.1118043661,0.0144032240
03:23:36:45.030,61,0.1697769165,0.2392676175,0.0740109533,0.0000000000,0.0000000000,0.0236669723,0.0000000000,0.1697754711,0.2407744974,0.0000000000,0.0300134961,0.0000000000,0.0236667041,0.0000000000,0.0164857414,0.0000000000,0.0000000000,0.0093794148,0.0098654013,0.0221254863,0.0418321602,0.0000000000,0.0142051643,0.3867781758,0.4330949485,0.0000000000,0.0000000000,0.0806706697,0.0878889710,0.0474483594,0.0464820489,0.1170610934,0.0000000000,0.3561016321,0.2401845902,0.1291290075,0.1309052110,0.0494329967,0.0497027487,0.0817991197,0.0990355760,0.1795228273,0.1792482734,0.0440777317,0.0000000000,0.0000000000,0.0292665157,0.1227997839,0.1382421851,0.2368693948,0.2724118531,0.0000000232,0.0339614041,0.0803182274,0.1987459213,0.0424680822,0.1130460948,0.0081332177,0.0400828607,0.1130746603,0.0149761457
03:23:36:46.030,61,0.1701602489,0.2401804179,0.0764405727,0.0000000000,0.0000000000,0.0226449147,0.0000000000,0.1701582372,0.2417357415,0.0000000000,0.0322815217,0.0000000000,0.0226446074,0.0000000000,0.0165350717,0.0000000000,0.0000000000,0.0093975198,0.0099578844,0.0225136150,0.0429169498,0.0000000000,0.0148420120,0.3723216355,0.4250516593,0.0000000000,0.0000000000,0.0798689425,0.0872214809,0.0477766991,0.0470224619,0.1168915853,0.0000000000,0.3554735780,0.2388024330,0.1301279217,0.1317350417,0.0496081002,0.0497481152,0.0817155316,0.0991945341,0.1777137667,0.1774355918,0.0444653854,0.0000000000,0.0000000000,0.0294904336,0.1181578934,0.1347070783,0.2365882844,0.2734221220,0.0000000318,0.0359984748,0.0832329988,0.1940165609,0.0438066944,0.1135038882,0.0084906127,0.0414179973,0.1135325730,0.0153612625
03:23:36:47.030,61,0.1703998297,0.2406255752,0.0790045336,0.0000000000,0.0000000000,0.0216397867,0.0000000000,0.1703969091,0.2422305793,0.0000000000,0.0346825719,0.0000000000,0.0216394924,0.0000000000,0.0165564548,0.0000000000,0.0000000000,0.0094127711,0.0100333877,0.0228844229,0.0441927873,0.0000000000,0.0154527724,0.3647304773,0.4174673259,0.0000000000,0.0000000000,0.0791204497,0.0865853354,0.0480274558,0.0474674217,0.1165969744,0.0000000000,0.3531552851,0.2354846299,0.1309117377,0.1324086487,0.0497628711,0.0497702733,0.0814696848,0.0991534740,0.1758979857,0.1756089181,0.0448042005,0.0000000000,0.0000000000,0.0297710672,0.1140113845,0.1303085685,0.2361071110,0.2739807069,0.0000000347,0.0381374396,0.0859203935,0.1894810498,0.0452247784,0.1137435883,0.0088652726,0.0428318195,0.1137722731,0.0157490987
03:23:36:48.030,61,0.1706503928,0.2411106229,0.0831559896,0.0000000000,0.0000000000,0.0207238365,0.0000000000,0.1706470996,0.2427954376,0.0000000000,0.0385806449,0.0000000000,0.0207234453,0.0000000000,0.0166008417,0.0000000000,0.0000000000,0.0093884673,0.0100612761,0.0232271440,0.0453279465,0.0000000000,0.0176631995,0.3476947248,0.4071980715,0.0000000000,0.0000000000,0.0776687190,0.0858714357,0.0481517762,0.0478436202,0.1162253171,0.0000000000,0.3502313495,0.2323264033,0.1315670758,0.1330300570,0.0498192459,0.0497079417,0.0810902789,0.0990854204,0.1723331362,0.1720479429,0.0451354794,0.0000000000,0.0000000000,0.0301522668,0.1095734015,0.1267895699,0.2349465936,0.2744030356,0.0000000398,0.0399259888,0.0879285932,0.1848117560,0.0475273132,0.1140218824,0.0094724260,0.0451230519,0.1140505075,0.0163691863
03:23:36:49.030,61,0.1710346639,0.2415908128,0.0852070972,0.0000000000,0.0000000000,0.0199039374,0.0000000000,0.1710313261,0.2433156669,0.0000000000,0.0405280814,0.0000000000,0.0199035648,0.0000000000,0.0166146718,0.0000000000,0.0000000000,0.0093553253,0.0100997575,0.0235317629,0.0461041257,0.0000000000,0.0198052209,0.3392117918,0.4008044302,0.0000000000,0.0000000000,0.0754485503,0.0844579339,0.0482026935,0.0481620841,0.1156524867,0.0000000000,0.3391902149,0.2237784714,0.1318371296,0.1332841516,0.0498869680,0.0496653728,0.0805377439,0.0988509730,0.1700105965,0.1697297096,0.0454703681,0.0000000000,0.0000000000,0.0304306373,0.1055789143,0.1234915257,0.2310783118,0.2744560540,0.0000000289,0.0419178158,0.0894390196,0.1802525371,0.0486768186,0.1142732650,0.0097789131,0.0462524705,0.1143018901,0.0166856684
03:23:36:50.031,61,0.1715334207,0.2424855530,0.0872026086,0.0000000000,0.0000000000,0.0191559475,0.0000000000,0.1715300381,0.2442510575,0.0000000000,0.0424007848,0.0000000000,0.0191555917,0.0000000000,0.0166456830,0.0000000000,0.0000000000,0.0093022184,0.0100895828,0.0237575155,0.0466094092,0.0000000000,0.0210187137,0.3351426125,0.3975879252,0.0000000000,0.0000000000,0.0742597431,0.0835608169,0.0482465178,0.0484202281,0.1151946709,0.0000000000,0.3347908556,0.2202284485,0.1321568042,0.1336088777,0.0499360897,0.0496018156,0.0799037516,0.0984954312,0.1687144041,0.1684331894,0.0457944348,0.0000000000,0.0000000000,0.0307067893,0.1031730250,0.1211337894,0.2279360890,0.2743072808,0.0000000118,0.0443486460,0.0907427073,0.1756693870,0.0497807190,0.1147196740,0.0100793038,0.0473466031,0.1147483289,0.0170114674
03:23:36:51.029,61,0.1720107198,0.2449010760,0.0919040889,0.0000000000,0.0000000000,0.0182147175,0.0000000000,0.1720074266,0.2467638105,0.0000000000,0.0468246378,0.0000000000,0.0182146616,0.0000000000,0.0166085474,0.0000000000,0.0000000000,0.0091604860,0.0099990675,0.0238525774,0.0468025729,0.0000000000,0.0219886079,0.3325562477,0.3953755498,0.0000000000,0.0000000000,0.0726717114,0.0822264403,0.0481804386,0.0485493056,0.1139703169,0.0001043344,0.3274299800,0.2151639163,0.1322022229,0.1336638629,0.0498544239,0.0494164005,0.0787338391,0.0979377627,0.1656847000,0.1653885692,0.0461117998,0.0000000000,0.0000000000,0.0308535807,0.0987836942,0.1160142049,0.2211632431,0.2728017271,0.0000000044,0.0463377275,0.0915893316,0.1709183007,0.0523863882,0.1159179658,0.0107967742,0.0499199815,0.1159467101,0.0177958012
03:23:36:52.030,61,0.1725450158,0.2458003163,0.0935461670,0.0000000000,0.0000000000,0.0173417069,0.0000000000,0.1725418866,0.2476863563,0.0000000000,0.0482933074,0.0000000000,0.0173419379,0.0000000000,0.0164986718,0.0000000000,0.0000000000,0.0089707319,0.0098600313,0.0238867421,0.0468563735,0.0000000000,0.0228465255,0.3257230818,0.3886709511,0.0000000000,0.0000000000,0.0708180442,0.0803591609,0.0480210781,0.0485875867,0.1114766598,0.0002162456,0.3214261830,0.2105118334,0.1320239455,0.1334895343,0.0496461615,0.0491143018,0.0770210326,0.0970018134,0.1625453681,0.1622386128,0.0464232117,0.0000000000,0.0000000000,0.0309178252,0.0950768739,0.1118174195,0.2151220739,0.2694351375,0.0000000000,0.0488526598,0.0934041589,0.1664047986,0.0532507561,0.1163576692,0.0110375304,0.0508177541,0.1163920164,0.0180735588
03:23:36:53.030,61,0.1730617881,0.2461690307,0.0967089683,0.0000000000,0.0000000000,0.0165906232,0.0000000000,0.1730588228,0.2481165975,0.0000000000,0.0512681343,0.0000000000,0.0165909510,0.0000000000,0.0163721945,0.0000000000,0.0000000000,0.0087915072,0.0097233644,0.0239064340,0.0468295962,0.0000000000,0.0235373173,0.3233263493,0.3862071335,0.0000000000,0.0000000000,0.0697227120,0.0792768523,0.0478021912,0.0485606864,0.1099750325,0.0003265182,0.3180496991,0.2076769173,0.1318991780,0.1333378255,0.0494404063,0.0488163866,0.0758651495,0.0960673392,0.1611915082,0.1608789861,0.0466681682,0.0000000000,0.0000000000,0.0309778675,0.0932800993,0.1095493361,0.2122134715,0.2674479485,0.0000000000,0.0512796752,0.0945767313,0.1618729532,0.0550063252,0.1165733784,0.0115070734,0.0525617711,0.1166076958,0.0185521450
03:23:36:54.029,61,0.1734695882,0.2465686798,0.1004900187,0.0000000000,0.0000000000,0.0158247091,0.0000000000,0.1734668016,0.2485898286,0.0000000000,0.0548037067,0.0000000000,0.0158251170,0.0000000000,0.0161981750,0.0000000000,0.0000000000,0.0085568679,0.0095303021,0.0238439608,0.0466355048,0.0000000000,0.0242501833,0.3212336898,0.3839178681,0.0000000000,0.0000000000,0.0683951154,0.0779543445,0.0474270247,0.0483799651,0.1072460040,0.0004051022,0.3125799000,0.2038109004,0.1314788610,0.1328935027,0.0491091460,0.0484022237,0.0740560070,0.0943791345,0.1595635116,0.1592360735,0.0468900427,0.0000000000,0.0000000000,0.0309298579,0.0910690948,0.1067269295,0.2069684267,0.2626453042,0.0000000000,0.0536518395,0.0950061530,0.1570262760,0.0570927225,0.1168129295,0.0120655326,0.0546469577,0.1168472767,0.0191234611
03:23:36:55.029,61,0.1740367860,0.2475641221,0.1022397727,0.0000000000,0.0000000000,0.0150628621,0.0000000000,0.1740341187,0.2496222258,0.0000000000,0.0564535521,0.0000000000,0.0150633371,0.0000000000,0.0159169082,0.0000000000,0.0000000000,0.0082391743,0.0092192842,0.0236634444,0.0463150628,0.0000000000,0.0247807708,0.3174095452,0.3774239123,0.0000000000,0.0000000000,0.0672402084,0.0765226111,0.0468520857,0.0479709059,0.1025902405,0.0004425427,0.3068453372,0.1998800635,0.1310660541,0.1324264854,0.0485670678,0.0477893166,0.0710228682,0.0900786445,0.1583219618,0.1579714417,0.0469714329,0.0000000000,0.0000000000,0.0308329649,0.0873702839,0.1012329385,0.1983399093,0.2505252063,0.0000000000,0.0565673076,0.0949027836,0.1524395496,0.0580628738,0.1173063964,0.0123391831,0.0556023307,0.1173408031,0.0194242466
03:23:36:56.029,61,0.1746019721,0.2477651834,0.1053024456,0.0000000000,0.0000000000,0.0143695846,0.0000000000,0.1745994687,0.2498827428,0.0000000000,0.0593234263,0.0000000000,0.0143701099,0.0000000000,0.0156107573,0.0000000000,0.0000000000,0.0079045156,0.0088969618,0.0234300084,0.0457426794,0.0000000000,0.0251406264,0.3157132268,0.3736575246,0.0000000000,0.0000000000,0.0657811761,0.0746982694,0.0461347252,0.0474139750,0.0983696431,0.0004697778,0.2979968190,0.1936897933,0.1302117407,0.1312404424,0.0479866937,0.0471361242,0.0682462454,0.0860037282,0.1576529145,0.1572907716,0.0469361320,0.0000000000,0.0000000000,0.0306206234,0.0847790614,0.0974463373,0.1926829219,0.2438153476,0.0000000000,0.0588904880,0.0942356437,0.1478386521,0.0597565062,0.1174440831,0.0127922222,0.0572923310,0.1174784005,0.0198832229
03:23:36:57.029,61,0.1749991775,0.2488403171,0.1095525324,0.0000000000,0.0000000000,0.0136470133,0.0000000000,0.1749967486,0.2510434985,0.0000000000,0.0632973462,0.0000000000,0.0136476476,0.0000000000,0.0152798556,0.0000000000,0.0000000000,0.0075646192,0.0085613001,0.0231808107,0.0455913655,0.0000000000,0.0257533751,0.3089915216,0.3701154888,0.0000000000,0.0000000000,0.0645529106,0.0735071748,0.0453852825,0.0468238071,0.0959447473,0.0004758642,0.2948406935,0.1913086474,0.1296284497,0.1305554509,0.0473720878,0.0464677662,0.0666882992,0.0841997340,0.1571883410,0.1568180472,0.0469987728,0.0000000000,0.0000000000,0.0304951482,0.0821673796,0.0949666128,0.1895573735,0.2408318669,0.0000000000,0.0614113435,0.0931723267,0.1426651329,0.0620977692,0.1180119365,0.0134343645,0.0596276931,0.1180463731,0.0205578711
03:23:36:58.029,61,0.1770733893,0.2508836389,0.1115144789,0.0000000000,0.0000000000,0.0130936019,0.0000000000,0.1770720333,0.2531327009,0.0000000000,0.0651438460,0.0000000000,0.0130943321,0.0000000000,0.0150451865,0.0000000000,0.0000000000,0.0073447106,0.0083384430,0.0230650734,0.0458486900,0.0000000000,0.0273224693,0.3066587150,0.3687376082,0.0000000000,0.0000000000,0.0638693646,0.0728864074,0.0448695049,0.0465040952,0.0949270353,0.0005302411,0.2937274575,0.1903135478,0.1296079308,0.1304684281,0.0470152833,0.0460634716,0.0657979995,0.0833684504,0.1581772268,0.1577960849,0.0472686402,0.0000000000,0.0000000000,0.0305602271,0.0811211318,0.0940586329,0.1883935779,0.2414637804,0.0000000000,0.0642174482,0.0929072648,0.1382350177,0.0631779581,0.1190045327,0.0137616452,0.0606863014,0.1190390885,0.0209427569
03:23:36:59.029,61,0.1777960509,0.2509162724,0.1141242757,0.0000000000,0.0000000000,0.0126290936,0.0000000000,0.1777951717,0.2532156110,0.0000000000,0.0675995201,0.0000000000,0.0126299188,0.0000000000,0.0148411170,0.0000000000,0.0000000000,0.0070863380,0.0080357008,0.0228522290,0.0459817238,0.0000000000,0.0307462793,0.3048178554,0.3681308031,0.0000000000,0.0000000000,0.0633768216,0.0725271255,0.0442944542,0.0461423658,0.0943596289,0.0005920560,0.2933280170,0.1899400651,0.1298328489,0.1307015866,0.0465561226,0.0455852821,0.0649667606,0.0827625543,0.1586896777,0.1583081335,0.0473420210,0.0000000000,0.0000000000,0.0308147706,0.0802911967,0.0934981927,0.1873973906,0.2414114922,0.0000000000,0.0666305646,0.0926264673,0.1336413622,0.0646270663,0.1190586537,0.0141497189,0.0621273778,0.1190931201,0.0213303026
03:23:37:00.028,61,0.1781862974,0.2521119416,0.1180801764,0.0000000000,0.0000000000,0.0121077374,0.0000000000,0.1781856716,0.2544923127,0.0000000000,0.0713101253,0.0000000000,0.0121086705,0.0000000000,0.0146260383,0.0000000000,0.0000000000,0.0068213306,0.0077411723,0.0226181373,0.0461448394,0.0000000000,0.0330137610,0.3031648099,0.3678090870,0.0000000000,0.0000000000,0.0628842413,0.0721828341,0.0437134802,0.0457749218,0.0939039662,0.0006323839,0.2930678129,0.1896519810,0.1299226582,0.1308131963,0.0461150110,0.0451289825,0.0642652437,0.0823551118,0.1586599499,0.1582788974,0.0474250093,0.0000000000,0.0000000000,0.0310123730,0.0794809237,0.0929454342,0.1865374744,0.2413423806,0.0000000000,0.0693469644,0.0918600857,0.1289560348,0.0668105632,0.1196825057,0.0147591755,0.0642969608,0.1197171211,0.0219737608
03:23:37:01.028,61,0.1786843836,0.2535009682,0.1191861257,0.0000000000,0.0000000000,0.0115672974,0.0000000000,0.1786840409,0.2559089959,0.0000000000,0.0723397881,0.0000000000,0.0115683684,0.0000000000,0.0144201294,0.0000000000,0.0000000000,0.0066144275,0.0075396472,0.0224701501,0.0464998670,0.0000000000,0.0357877463,0.2986984849,0.3673865795,0.0000000000,0.0000000000,0.0623207390,0.0717715696,0.0431732200,0.0454918928,0.0935197026,0.0006727498,0.2928760052,0.1893505305,0.1298197955,0.1307256222,0.0457765311,0.0447873287,0.0637188926,0.0822104141,0.1586734802,0.1582951248,0.0476687178,0.0000000000,0.0000000000,0.0310827326,0.0787856132,0.0925653726,0.1860066503,0.2416501492,0.0000000000,0.0714895502,0.0920256972,0.1247331053,0.0674106479,0.1203551441,0.0149500864,0.0648896545,0.1203896701,0.0222057085
03:23:37:02.029,61,0.1787904501,0.2531830370,0.1187315285,0.0000000000,0.0000000000,0.0110279350,0.0000000000,0.1787902415,0.2555810511,0.0000000000,0.0719009340,0.0000000000,0.0110291392,0.0000000000,0.0141571527,0.0000000000,0.0000000000,0.0062945914,0.0071954499,0.0221367199,0.0462548211,0.0000000000,0.0370294228,0.2955706716,0.3665762544,0.0000000000,0.0000000000,0.0616769046,0.0712140650,0.0424796119,0.0449784510,0.0927048996,0.0006694310,0.2905765772,0.1885152906,0.1293400824,0.1302694529,0.0451878607,0.0441951640,0.0623152331,0.0815011859,0.1573675871,0.1569958478,0.0475468822,0.0000000000,0.0000000000,0.0310452785,0.0763510764,0.0907968879,0.1804639399,0.2377742976,0.0000000000,0.0730160475,0.0916198492,0.1200430840,0.0671534389,0.1201980561,0.0148741165,0.0646427721,0.1202326119,0.0221226066
03:23:37:03.028,61,0.1785701960,0.2525948882,0.1191783398,0.0000000000,0.0000000000,0.0105294343,0.0000000000,0.1785700917,0.2549991012,0.0000000000,0.0723107159,0.0000000000,0.0105307912,0.0000000000,0.0138791762,0.0000000000,0.0000000000,0.0059610424,0.0068391752,0.0217672605,0.0458310321,0.0000000000,0.0378695205,0.2930694520,0.3654971123,0.0000000000,0.0000000000,0.0609648488,0.0705503300,0.0417409353,0.0444047004,0.0905460641,0.0006512629,0.2842392325,0.1853863448,0.1274194121,0.1284715533,0.0445162281,0.0435307883,0.0601760708,0.0797247589,0.1551377624,0.1547803134,0.0472954139,0.0000000000,0.0000000000,0.0309392121,0.0737541914,0.0886994377,0.1726660281,0.2304587066,0.0000000000,0.0736578554,0.0910055935,0.1146369800,0.0673983693,0.1199273318,0.0149272475,0.0648971349,0.1199617982,0.0221602470
03:23:37:04.028,61,0.1781778038,0.2503677607,0.1193814650,0.0000000000,0.0000000000,0.0102263642,0.0000000000,0.1781778932,0.2527657747,0.0000000000,0.0725203380,0.0000000000,0.0102278534,0.0000000000,0.0136504984,0.0000000000,0.0000000000,0.0056730900,0.0065242834,0.0214207191,0.0453271158,0.0000000000,0.0385141037,0.2917591333,0.3648447096,0.0000000000,0.0000000000,0.0603208914,0.0699603036,0.0410762168,0.0439080223,0.0894299224,0.0006617764,0.2811256051,0.1835222542,0.1263899356,0.1274832189,0.0439144075,0.0429420508,0.0587107800,0.0784904137,0.1542832106,0.1539330482,0.0469169319,0.0000000000,0.0000000000,0.0308620762,0.0725153014,0.0877014026,0.1696687490,0.2278024405,0.0000000000,0.0746169239,0.0900534391,0.1085492149,0.0675340444,0.1188792437,0.0149154495,0.0650382340,0.1189137101,0.0220813956
03:23:37:05.027,61,0.1768775880,0.2420334518,0.1175049096,0.0000000000,0.0000000000,0.0101229046,0.0000000000,0.1768790185,0.2443586588,0.0000000000,0.0708012059,0.0000000000,0.0101243909,0.0000000000,0.0134522440,0.0000000000,0.0000000000,0.0053999061,0.0062154238,0.0210945215,0.0446759053,0.0000000000,0.0389850736,0.2908246815,0.3642109334,0.0000000000,0.0000000000,0.0596922785,0.0693828911,0.0404448882,0.0434478559,0.0883018598,0.0006791879,0.2793326080,0.1823248714,0.1255439371,0.1266628355,0.0432712436,0.0423232205,0.0573289953,0.0769005939,0.1540504992,0.1537076384,0.0463457331,0.0000000000,0.0000000000,0.0308074523,0.0716754645,0.0869810730,0.1677272469,0.2255450487,0.0000000000,0.0756617039,0.0879959464,0.1017771214,0.0665628389,0.1149172634,0.0144798141,0.0641078651,0.1149515212,0.0213998165
03:23:37:06.027,61,0.1751990765,0.2347291410,0.1152146459,0.0000000000,0.0000000000,0.0101120500,0.0000000000,0.1752011031,0.2369792610,0.0000000000,0.0686840788,0.0000000000,0.0101135364,0.0000000000,0.0133005762,0.0000000000,0.0000000000,0.0051714731,0.0059311269,0.0208340306,0.0442267023,0.0000000000,0.0394674316,0.2901860178,0.3638896942,0.0000000000,0.0000000000,0.0592833199,0.0690705180,0.0399472490,0.0431222096,0.0876636282,0.0007174573,0.2787400484,0.1818517894,0.1252641678,0.1264182329,0.0427005515,0.0417872705,0.0564505793,0.0760309249,0.1550250649,0.1547124088,0.0458523221,0.0000000000,0.0000000000,0.0309557468,0.0712068155,0.0866609812,0.1666919142,0.2245401293,0.0000000000,0.0761530325,0.0855808258,0.0947653353,0.0653484091,0.1114363521,0.0140109304,0.0629320890,0.1114703417,0.0207161307
03:23:37:07.028,61,0.1732458770,0.2303997874,0.1139189452,0.0000000000,0.0000000000,0.0102320760,0.0000000000,0.1732483804,0.2326062918,0.0000000000,0.0675368160,0.0000000000,0.0102335690,0.0000000000,0.0132371783,0.0000000000,0.0000000000,0.0050245142,0.0057143369,0.0206864532,0.0441767052,0.0000000000,0.0405981578,0.2900795341,0.3661927283,0.0000000000,0.0000000000,0.0591920465,0.0691868737,0.0397048593,0.0430777259,0.0876023322,0.0007829560,0.2860770524,0.1839879900,0.1264141798,0.1280125231,0.0423015803,0.0414424315,0.0559314266,0.0757215545,0.1580521613,0.1577896178,0.0454457477,0.0000000000,0.0000000000,0.0314157084,0.0711858124,0.0869849846,0.1665484756,0.2260996699,0.0000000000,0.0762522221,0.0838122666,0.0884245709,0.0646909475,0.1093745381,0.0137534058,0.0622677393,0.1094084382,0.0203237366
03:23:37:08.028,61,0.1716722250,0.2255735397,0.1116787717,0.0000000000,0.0000000000,0.0104212370,0.0000000000,0.1716761142,0.2277179360,0.0000000000,0.0654623285,0.0000000000,0.0104227252,0.0000000000,0.0132094417,0.0000000000,0.0000000000,0.0049170358,0.0055415817,0.0205706786,0.0440917984,0.0000000000,0.0419380218,0.2902743518,0.3697858453,0.0000000000,0.0000000000,0.0592230931,0.0694646761,0.0395536534,0.0431520864,0.0877591893,0.0008576983,0.2892161906,0.1854005456,0.1271021962,0.1288521737,0.0419923700,0.0411950126,0.0555463210,0.0755994394,0.1593925208,0.1591489017,0.0450552292,0.0000000000,0.0000000000,0.0319159701,0.0713268071,0.0875328258,0.1666681767,0.2272064388,0.0000000011,0.0760208443,0.0825277567,0.0825702697,0.0634860247,0.1070653945,0.0133497370,0.0610848553,0.1070990860,0.0197772719
03:23:37:09.027,61,0.1698489189,0.2240854502,0.1101384833,0.0000000000,0.0000000000,0.0105619933,0.0000000000,0.1698561758,0.2261955142,0.0000000000,0.0640036464,0.0000000000,0.0105635002,0.0000000000,0.0131587749,0.0000000000,0.0000000000,0.0047986372,0.0053724474,0.0204637907,0.0442943685,0.0000000000,0.0454692729,0.2901176512,0.3713544905,0.0000000000,0.0000000000,0.0592014417,0.0697338060,0.0393291824,0.0431967489,0.0878337249,0.0009267173,0.2911747396,0.1864101589,0.1277118772,0.1295724958,0.0416768715,0.0409600064,0.0552143082,0.0756348595,0.1603029221,0.1600726247,0.0446518175,0.0000000000,0.0000000000,0.0324513093,0.0713661611,0.0880548581,0.1668090522,0.2281661630,0.0000000020,0.0751416236,0.0809216499,0.0767700598,0.0626291931,0.1063416600,0.0131033603,0.0602489524,0.1063754112,0.0194902644
03:23:37:10.027,61,0.1680103540,0.2226323336,0.1090144441,0.0000000000,0.0000000000,0.0106525626,0.0000000000,0.1680180728,0.2247155905,0.0000000000,0.0629673079,0.0000000000,0.0106540835,0.0000000000,0.0130376033,0.0000000000,0.0000000000,0.0046308944,0.0051367595,0.0202752370,0.0442413948,0.0000000000,0.0466548018,0.2904260159,0.3725150824,0.0000000000,0.0000000000,0.0591819361,0.0699260831,0.0390423499,0.0430753939,0.0877039656,0.0009360067,0.2923386097,0.1871665865,0.1281665713,0.1301083863,0.0412498303,0.0405917689,0.0548019409,0.0754099563,0.1607968062,0.1605748683,0.0441298485,0.0000000000,0.0000000000,0.0329237841,0.0712540373,0.0882449895,0.1665830165,0.2282085121,0.0000000034,0.0745984316,0.0792323202,0.0716278553,0.0620219894,0.1056405306,0.0129220961,0.0596429892,0.1056742221,0.0192645565
03:23:37:11.027,61,0.1661594510,0.2200313210,0.1085782424,0.0000000000,0.0000000000,0.0107779987,0.0000000000,0.1661659330,0.2220957428,0.0000000000,0.0625725016,0.0000000000,0.0107795224,0.0000000000,0.0129737733,0.0000000000,0.0000000000,0.0045221937,0.0049660215,0.0201658476,0.0441649891,0.0000000000,0.0472651869,0.2960874736,0.3794519603,0.0000000000,0.0000000000,0.0593585484,0.0703152344,0.0389476903,0.0431201085,0.0879806131,0.0009320757,0.2980082929,0.1909549087,0.1287599653,0.1307632029,0.0409531780,0.0403424576,0.0546306483,0.0754476339,0.1613613665,0.1611455679,0.0436907895,0.0000000000,0.0000000000,0.0334203765,0.0714411139,0.0887416527,0.1668501645,0.2286865711,0.0000000023,0.0740278587,0.0777052641,0.0663263574,0.0617995970,0.1044074595,0.0128174638,0.0594313480,0.1044411063,0.0190828964
03:23:37:12.026,61,0.1644493788,0.2186980695,0.1071492583,0.0000000000,0.0000000000,0.0109781940,0.0000000000,0.1644548923,0.2207310498,0.0000000000,0.0612349510,0.0000000000,0.0109797502,0.0000000000,0.0129765356,0.0000000000,0.0000000000,0.0044685146,0.0048571406,0.0201459453,0.0444693454,0.0000000000,0.0478971228,0.3021126091,0.3910878301,0.0000000000,0.0000000000,0.0597525574,0.0713450015,0.0389771201,0.0433234572,0.0885522217,0.0009396467,0.3115724921,0.2001813054,0.1304543763,0.1328898668,0.0407621451,0.0402208753,0.0546669886,0.0758403763,0.1619004309,0.1616905630,0.0433436334,0.0000000000,0.0000000000,0.0340954922,0.0718938261,0.0916675180,0.1675971597,0.2321097851,0.0000000000,0.0735226870,0.0753231049,0.0607326739,0.0610129237,0.1037590504,0.0125952624,0.0586543195,0.1037926078,0.0188219808
03:23:37:13.026,61,0.1630390286,0.2168477029,0.1064686179,0.0000000000,0.0000000000,0.0112538701,0.0000000000,0.1630500704,0.2188607156,0.0000000000,0.0606028177,0.0000000000,0.0112554738,0.0000000000,0.0129696224,0.0000000000,0.0000000000,0.0043844040,0.0047337404,0.0200966578,0.0446514189,0.0000000000,0.0497328825,0.3041918278,0.3951156735,0.0000000000,0.0000000000,0.0600932613,0.0721174031,0.0389427617,0.0435559042,0.0890288502,0.0009665377,0.3155957460,0.2031100690,0.1314298809,0.1340067536,0.0405757688,0.0401329361,0.0545976870,0.0761979073,0.1628044099,0.1626135260,0.0429519415,0.0000000000,0.0000000000,0.0347416997,0.0721716285,0.0929214805,0.1679953188,0.2335106283,0.0000000000,0.0729310736,0.0732066333,0.0550903268,0.0606461950,0.1028769463,0.0124699296,0.0582979210,0.1029105037,0.0186424553
03:23:37:14.026,61,0.1619417667,0.2162888944,0.1066117585,0.0000000000,0.0000000000,0.0115298014,0.0000000000,0.1619559079,0.2183020562,0.0000000000,0.0607528277,0.0000000000,0.0115314685,0.0000000000,0.0129128601,0.0000000000,0.0000000000,0.0042283009,0.0045244168,0.0199826304,0.0448824018,0.0000000000,0.0520586967,0.3053640723,0.3979904354,0.0000000000,0.0000000000,0.0605005249,0.0732986331,0.0388575830,0.0437883399,0.0894233063,0.0009579802,0.3180290759,0.2050428241,0.1339724064,0.1367714256,0.0402944461,0.0399648435,0.0544596538,0.0764864832,0.1652467251,0.1650819927,0.0425101407,0.0000000000,0.0000000000,0.0354578644,0.0722637847,0.0937044695,0.1680972427,0.2342896312,0.0000000000,0.0731588751,0.0711540133,0.0498211235,0.0607374609,0.1026152968,0.0124826543,0.0583836697,0.1026487947,0.0186367445
03:23:37:15.026,61,0.1608084887,0.2150299400,0.1057430580,0.0000000000,0.0000000000,0.0118951788,0.0000000000,0.1608253419,0.2170222402,0.0000000000,0.0599513762,0.0000000000,0.0118969427,0.0000000000,0.0128405998,0.0000000000,0.0000000000,0.0040289140,0.0042748475,0.0197804458,0.0447300896,0.0000000000,0.0539177768,0.3062083721,0.4019263089,0.0000000000,0.0000000000,0.0608848035,0.0742095783,0.0387900323,0.0440296717,0.0897092298,0.0009164434,0.3191241920,0.2061716616,0.1349660456,0.1378459036,0.0399577618,0.0397492796,0.0541967042,0.0766213164,0.1664387584,0.1662839353,0.0420621000,0.0000000000,0.0000000000,0.0360249989,0.0722925812,0.0943245441,0.1677552760,0.2344491631,0.0000000000,0.0739205852,0.0693113804,0.0445543043,0.0602676906,0.1020097882,0.0123429382,0.0579159968,0.1020432711,0.0184588525
03:23:37:16.026,61,0.1592032909,0.2125451714,0.1052935272,0.0000000000,0.0000000000,0.0124593573,0.0000000000,0.1592271626,0.2145188302,0.0000000000,0.0595752485,0.0000000000,0.0124611882,0.0000000000,0.0128315743,0.0000000000,0.0000000000,0.0038320869,0.0040143975,0.0195648521,0.0444542058,0.0000000000,0.0562667511,0.3064715266,0.4036863446,0.0000000000,0.0000000000,0.0612956546,0.0753432214,0.0387402661,0.0443092398,0.0900575742,0.0008949355,0.3198193014,0.2071309090,0.1357406527,0.1386871636,0.0395884588,0.0395065062,0.0538911335,0.0767378509,0.1673521996,0.1672037393,0.0415581353,0.0000000000,0.0000000000,0.0366459936,0.0723877475,0.0950429738,0.1673367918,0.2345609963,0.0000000000,0.0750679448,0.0668107718,0.0392119549,0.0600549877,0.1008317620,0.0122459931,0.0576944612,0.1008651555,0.0182836633
03:23:37:17.026,61,0.1556926072,0.2081539631,0.1061672345,0.0000000000,0.0000000000,0.0129906423,0.0000000000,0.1557245702,0.2101252824,0.0000000000,0.0604128651,0.0000000000,0.0129925348,0.0000000000,0.0128297620,0.0000000000,0.0000000000,0.0036203149,0.0037364722,0.0192393400,0.0415153131,0.0000000000,0.0572816692,0.3070022166,0.4049769342,0.0000000000,0.0000000000,0.0616055094,0.0760580599,0.0385367870,0.0443555824,0.0901417956,0.0008707703,0.3152787685,0.2071384043,0.1356726289,0.1386682540,0.0391903669,0.0392035171,0.0533838868,0.0764573738,0.1677064449,0.1675621718,0.0409835055,0.0000000000,0.0000000000,0.0369468033,0.0722811744,0.0953292698,0.1632352918,0.2305816263,0.0000000017,0.0767141581,0.0640514046,0.0342500657,0.0605698973,0.0987720191,0.0122948438,0.0582284518,0.0988052934,0.0182032567
03:23:37:18.026,61,0.1507747471,0.2052465230,0.1072962508,0.0000000000,0.0000000000,0.0132574430,0.0000000000,0.1508064568,0.2072261870,0.0000000000,0.0614657439,0.0000000000,0.0132594099,0.0000000000,0.0126736267,0.0000000000,0.0000000000,0.0033446231,0.0034275400,0.0188415833,0.0394888446,0.0000000000,0.0579877757,0.3064276874,0.4050565958,0.0000000000,0.0000000000,0.0614292212,0.0760986656,0.0380898826,0.0441334210,0.0885078013,0.0007719768,0.3013042808,0.2021856457,0.1301377118,0.1331199855,0.0386099108,0.0387060903,0.0522994362,0.0753838196,0.1671285480,0.1669901162,0.0403152704,0.0000000000,0.0000000000,0.0369060859,0.0713769943,0.0945876315,0.1540885270,0.2180071026,0.0000000034,0.0778149366,0.0608699024,0.0290544461,0.0612067208,0.0974154919,0.0123982560,0.0588878356,0.0974486768,0.0182236340
03:23:37:19.025,61,0.1485284418,0.2012183666,0.1068353057,0.0000000000,0.0000000000,0.0135529367,0.0000000000,0.1485569179,0.2031732500,0.0000000000,0.0610411018,0.0000000000,0.0135548860,0.0000000000,0.0124744717,0.0000000000,0.0000000000,0.0030912913,0.0031351149,0.0185079165,0.0389608666,0.0000000000,0.0586692430,0.2886588871,0.3928183317,0.0000000000,0.0000000000,0.0611185022,0.0759330988,0.0376269780,0.0438993461,0.0866972655,0.0006767302,0.2970164418,0.2002598047,0.1277472079,0.1307408512,0.0379644036,0.0381453261,0.0512248538,0.0743287727,0.1668804735,0.1667446643,0.0397157073,0.0000000000,0.0000000000,0.0368622206,0.0706350729,0.0939457044,0.1492366791,0.2123034745,0.0000000044,0.0787647963,0.0572726279,0.0252397042,0.0609714054,0.0955091715,0.0122678690,0.0586764403,0.0955422074,0.0179760046
03:23:37:20.025,61,0.1471138597,0.1981842518,0.1071948484,0.0000000000,0.0000000000,0.0139511954,0.0000000000,0.1471410692,0.2001326680,0.0000000000,0.0614025742,0.0000000000,0.0139530646,0.0000000000,0.0122511638,0.0000000000,0.0000000000,0.0028389373,0.0028134093,0.0182044767,0.0415322073,0.0000000000,0.0590994209,0.2825136185,0.3854062259,0.0000000000,0.0000000000,0.0608939454,0.0757987872,0.0372346751,0.0436967127,0.0850067958,0.0005303913,0.2963105440,0.1997341365,0.1265935004,0.1296110600,0.0370057859,0.0374511033,0.0504052415,0.0734918192,0.1667061597,0.1665720493,0.0391326398,0.0000000000,0.0000000000,0.0370177254,0.0699682161,0.0933218747,0.1463245600,0.2083964646,0.0000000042,0.0791688859,0.0541705042,0.0220396928,0.0611985773,0.0940825343,0.0122676436,0.0589096807,0.0941155106,0.0178847592
03:23:37:21.025,61,0.1443963647,0.1932839900,0.1081932113,0.0000000000,0.0000000000,0.0143161481,0.0000000000,0.1444189101,0.1952295005,0.0000000000,0.0623473041,0.0000000000,0.0143180080,0.0000000000,0.0120459264,0.0000000000,0.0000000000,0.0026048415,0.0025010128,0.0178684779,0.0421583131,0.0000000000,0.0594093464,0.2795040309,0.3823440969,0.0000000000,0.0000000000,0.0606308132,0.0756019130,0.0367484391,0.0433484241,0.0837795511,0.0004089950,0.2954722345,0.1991471499,0.1256060451,0.1286482066,0.0362230837,0.0367720909,0.0494091213,0.0720484704,0.1664803624,0.1663474739,0.0384821370,0.0000000000,0.0000000000,0.0370797217,0.0692459941,0.0926108360,0.1430112869,0.2040570229,0.0000000022,0.0792238340,0.0507830828,0.0188257154,0.0617801026,0.0917838961,0.0123170530,0.0595185496,0.0918166190,0.0177915078
03:23:37:22.025,61,0.1391051561,0.1888647527,0.1096261963,0.0000000000,0.0000000000,0.0145930927,0.0000000000,0.1391284615,0.1908166409,0.0000000000,0.0636781976,0.0000000000,0.0145949805,0.0000000000,0.0118464511,0.0000000000,0.0000000000,0.0023003425,0.0020949678,0.0173929892,0.0398370437,0.0000000000,0.0596052036,0.2780728936,0.3808866739,0.0000000000,0.0000000000,0.0603251122,0.0753371194,0.0360461920,0.0427047871,0.0826084167,0.0002925637,0.2936848402,0.1984035522,0.1242561638,0.1275198907,0.0351907052,0.0358650684,0.0475918911,0.0690455958,0.1660603583,0.1659283489,0.0376558267,0.0000000000,0.0000000000,0.0369742028,0.0674649179,0.0902312845,0.1363785714,0.1948562562,0.0000000012,0.0791898966,0.0475754887,0.0163471252,0.0625896305,0.0897175521,0.0124265710,0.0603640787,0.0897502303,0.0177751798
03:23:37:23.025,61,0.1360612214,0.1827844977,0.1107576564,0.0000000000,0.0000000000,0.0150517710,0.0000000000,0.1360854357,0.1847301573,0.0000000000,0.0647242367,0.0000000000,0.0150535638,0.0000000000,0.0117445327,0.0000000000,0.0000000000,0.0020240406,0.0017328869,0.0169781540,0.0371075235,0.0000000000,0.0598470382,0.2778014839,0.3814404309,0.0000000000,0.0000000000,0.0600932315,0.0751943514,0.0354919508,0.0422121361,0.0819125921,0.0002140482,0.2929592431,0.1979643255,0.1234066561,0.1267661601,0.0344533511,0.0351858065,0.0465934575,0.0677400380,0.1657167077,0.1655855328,0.0369222946,0.0000000000,0.0000000000,0.0368743837,0.0666526332,0.0893445164,0.1340325624,0.1919453293,0.0000000011,0.0791289657,0.0452437103,0.0136270542,0.0632373542,0.0868634135,0.0124629680,0.0610601939,0.0868958831,0.0176379252
03:23:37:24.025,61,0.1343399882,0.1796594411,0.1103111506,0.0000000000,0.0000000000,0.0156274140,0.0000000000,0.1343647838,0.1815843880,0.0000000000,0.0642892271,0.0000000000,0.0156290960,0.0000000000,0.0117908465,0.0000000000,0.0000000000,0.0018477810,0.0015129332,0.0166952405,0.0358271822,0.0000000000,0.0603264570,0.2856035829,0.3944938779,0.0000000000,0.0000000000,0.0600849316,0.0753642023,0.0352511182,0.0421195664,0.0818260387,0.0002063822,0.2927574217,0.1977992803,0.1227732897,0.1261834800,0.0340770446,0.0348712467,0.0460443720,0.0672557876,0.1655759066,0.1654460579,0.0363662317,0.0000000000,0.0000000000,0.0367896035,0.0664104000,0.0893484131,0.1333916485,0.1961410195,0.0000000036,0.0793445036,0.0437338352,0.0107634859,0.0629915968,0.0853831172,0.0123462602,0.0608453788,0.0854155123,0.0174331367
03:23:37:25.025,61,0.1332632154,0.1765425354,0.1108052880,0.0000000000,0.0000000000,0.0165813807,0.0000000000,0.1332892179,0.1784623861,0.0000000000,0.0647678152,0.0000000000,0.0165824741,0.0000000000,0.0119190430,0.0000000000,0.0000000000,0.0017399944,0.0013930988,0.0165650249,0.0353034548,0.0000000000,0.0622838140,0.2879031897,0.3993639052,0.0000000000,0.0000000000,0.0601805225,0.0757437721,0.0352107920,0.0423332527,0.0820869356,0.0002333492,0.2964160442,0.1983939111,0.1226034090,0.1260740757,0.0338816606,0.0347590558,0.0457941182,0.0673543066,0.1657056063,0.1655784994,0.0359384790,0.0000000000,0.0000000000,0.0369304642,0.0665454715,0.0914634541,0.1352111250,0.2064115703,0.0000000061,0.0799187496,0.0431869328,0.0072941715,0.0632894486,0.0839187056,0.0123554897,0.0611542054,0.0839510262,0.0173501186
